query_id,rank,corpus_id,score
q5001,1,d3420,47.598740
q5001,2,d2972,42.416183
q5001,3,d3192,37.151180
q5001,4,d2413,35.060520
q5001,5,d1993,34.198589
q5001,6,d1816,32.986095
q5001,7,d4139,29.957027
q5001,8,d7067,27.373875
q5001,9,d4156,27.360863
q5001,10,d8724,26.728210
q5002,1,d1101,39.780361
q5002,2,d1929,38.067822
q5002,3,d2913,34.690514
q5002,4,d4331,32.100674
q5002,5,d419,31.442778
q5002,6,d5765,30.396864
q5002,7,d3789,29.912060
q5002,8,d4350,28.096157
q5002,9,d165,27.671764
q5002,10,d4576,27.158987
q5003,1,d2795,47.213131
q5003,2,d4072,45.676994
q5003,3,d4292,41.734970
q5003,4,d2918,41.572376
q5003,5,d3465,40.617401
q5003,6,d3115,40.058174
q5003,7,d2586,38.897129
q5003,8,d2497,38.313652
q5003,9,d4888,37.663109
q5003,10,d4471,37.649075
q5004,1,d5053,40.788548
q5004,2,d7325,40.615196
q5004,3,d6103,39.178486
q5004,4,d5236,36.535961
q5004,5,d2061,36.535961
q5004,6,d1101,35.661007
q5004,7,d5962,33.900833
q5004,8,d6540,32.278439
q5004,9,d6397,30.536850
q5004,10,d6235,29.962393
q5005,1,d3983,79.488617
q5005,2,d5005,66.107025
q5005,3,d5760,61.683987
q5005,4,d1673,51.531410
q5005,5,d3378,49.378410
q5005,6,d7814,49.243202
q5005,7,d7111,48.362865
q5005,8,d2334,47.790989
q5005,9,d1101,45.738136
q5005,10,d3955,45.496750
q5006,1,d7366,70.453087
q5006,2,d5444,60.290997
q5006,3,d7439,55.531040
q5006,4,d5840,54.835529
q5006,5,d3259,48.820499
q5006,6,d6991,47.624924
q5006,7,d1101,42.229179
q5006,8,d7320,41.933739
q5006,9,d6795,41.481350
q5006,10,d7156,40.622211
q5007,1,d8416,83.475082
q5007,2,d5236,69.058685
q5007,3,d1101,67.039024
q5007,4,d4612,61.760826
q5007,5,d4091,59.159889
q5007,6,d8248,59.139858
q5007,7,d2800,58.185802
q5007,8,d2700,57.713715
q5007,9,d5053,55.748562
q5007,10,d2489,53.515568
q5008,1,d1831,125.468781
q5008,2,d4963,112.254128
q5008,3,d1219,110.143333
q5008,4,d5865,108.532524
q5008,5,d5597,107.548576
q5008,6,d6006,105.224640
q5008,7,d3473,103.561432
q5008,8,d1755,100.125572
q5008,9,d1603,96.865875
q5008,10,d5834,95.330948
q5009,1,d1768,108.598724
q5009,2,d8064,96.026642
q5009,3,d298,82.086258
q5009,4,d1101,56.150917
q5009,5,d4666,52.240005
q5009,6,d5531,34.149467
q5009,7,d3316,29.513674
q5009,8,d2937,29.043098
q5009,9,d4219,28.650087
q5009,10,d3150,27.358187
q5010,1,d5990,117.742737
q5010,2,d6555,104.669487
q5010,3,d8356,100.174797
q5010,4,d6261,99.833786
q5010,5,d6172,99.662323
q5010,6,d6222,97.558250
q5010,7,d5915,94.151611
q5010,8,d7004,93.521904
q5010,9,d1594,92.427635
q5010,10,d4350,92.118629
q5011,1,d3115,94.435852
q5011,2,d4888,80.642433
q5011,3,d4963,76.891197
q5011,4,d5597,72.951500
q5011,5,d3282,71.774490
q5011,6,d610,56.836594
q5011,7,d1131,55.455833
q5011,8,d6757,54.380379
q5011,9,d314,52.084831
q5011,10,d437,51.421127
q5012,1,d1768,39.746094
q5012,2,d8064,36.541519
q5012,3,d1101,36.159470
q5012,4,d4329,33.355022
q5012,5,d4740,30.965260
q5012,6,d5012,30.359728
q5012,7,d3653,29.238220
q5012,8,d1929,28.262468
q5012,9,d298,27.487072
q5012,10,d3150,27.358187
q5013,1,d6713,41.381725
q5013,2,d353,39.057983
q5013,3,d1101,37.065094
q5013,4,d4331,36.849632
q5013,5,d1627,34.061115
q5013,6,d1639,32.812931
q5013,7,d4896,30.380310
q5013,8,d2410,29.165644
q5013,9,d2771,27.944229
q5013,10,d8060,27.868587
q5014,1,d5014,181.069153
q5014,2,d7632,87.363808
q5014,3,d1920,82.810471
q5014,4,d1101,68.030579
q5014,5,d7743,51.500057
q5014,6,d1697,46.713501
q5014,7,d7900,46.540485
q5014,8,d7989,45.585045
q5014,9,d7133,44.587326
q5014,10,d3745,41.427959
q5015,1,d1922,72.460999
q5015,2,d1101,62.277973
q5015,3,d6384,54.569275
q5015,4,d8021,54.395355
q5015,5,d1976,53.738125
q5015,6,d3258,52.758057
q5015,7,d1630,49.278549
q5015,8,d1632,48.989845
q5015,9,d194,48.126583
q5015,10,d243,47.037918
q5016,1,d1537,59.069553
q5016,2,d2705,56.857384
q5016,3,d4331,53.217274
q5016,4,d1630,49.673512
q5016,5,d3734,48.944801
q5016,6,d4507,48.944801
q5016,7,d2937,44.896370
q5016,8,d5606,44.797287
q5016,9,d3350,44.723885
q5016,10,d4479,43.570683
q5017,1,d1630,58.243401
q5017,2,d3956,51.263729
q5017,3,d6465,49.926777
q5017,4,d2492,49.362736
q5017,5,d4331,47.877529
q5017,6,d5675,47.072247
q5017,7,d3338,47.060528
q5017,8,d4419,47.010117
q5017,9,d236,46.050240
q5017,10,d6991,45.349144
q5018,1,d2708,91.768166
q5018,2,d1392,87.795265
q5018,3,d4395,72.893883
q5018,4,d3378,64.291229
q5018,5,d6815,61.138897
q5018,6,d1101,58.285919
q5018,7,d467,57.773937
q5018,8,d3990,55.503548
q5018,9,d4114,55.314484
q5018,10,d2489,54.656273
q5019,1,d4918,30.842695
q5019,2,d2572,30.219513
q5019,3,d6465,28.833755
q5019,4,d152,25.741262
q5019,5,d4627,25.680332
q5019,6,d5543,22.128925
q5019,7,d1671,21.803614
q5019,8,d2501,21.113604
q5019,9,d2639,20.556410
q5019,10,d4588,19.468332
q5020,1,d1101,129.014267
q5020,2,d1737,81.216255
q5020,3,d1337,79.947189
q5020,4,d1392,79.533752
q5020,5,d7989,76.731697
q5020,6,d3316,75.640038
q5020,7,d2937,74.007675
q5020,8,d1070,71.331146
q5020,9,d4268,71.059395
q5020,10,d7133,69.900017
q5021,1,d3378,57.451050
q5021,2,d1101,50.644169
q5021,3,d3889,49.795681
q5021,4,d3983,49.298744
q5021,5,d7685,48.641930
q5021,6,d1737,48.093456
q5021,7,d414,45.657776
q5021,8,d3330,41.649605
q5021,9,d1673,40.336334
q5021,10,d4406,40.210777
q5022,1,d1101,65.403511
q5022,2,d599,52.832680
q5022,3,d3737,47.739151
q5022,4,d2261,39.236832
q5022,5,d6384,37.445164
q5022,6,d6025,34.795513
q5022,7,d6919,34.100437
q5022,8,d2074,31.383484
q5022,9,d134,31.238552
q5022,10,d153,31.065714
q5023,1,d4406,45.065044
q5023,2,d1671,36.114582
q5023,3,d7685,29.298677
q5023,4,d4711,28.372065
q5023,5,d4165,27.966507
q5023,6,d4264,27.314529
q5023,7,d4979,27.283705
q5023,8,d8606,27.126446
q5023,9,d2474,27.029676
q5023,10,d1636,27.000267
q5024,1,d1101,43.486500
q5024,2,d2489,34.483994
q5024,3,d135,30.704788
q5024,4,d1929,28.748861
q5024,5,d6687,28.672556
q5024,6,d5435,27.191441
q5024,7,d4331,26.187246
q5024,8,d7410,25.493479
q5024,9,d47,25.366915
q5024,10,d192,25.221569
q5025,1,d4378,40.151291
q5025,2,d561,38.453571
q5025,3,d1527,37.497540
q5025,4,d7246,35.429298
q5025,5,d8637,34.922485
q5025,6,d4593,32.722542
q5025,7,d463,32.405121
q5025,8,d8390,31.749140
q5025,9,d7192,31.523020
q5025,10,d1799,31.451336
q5026,1,d7636,44.515900
q5026,2,d4932,40.622223
q5026,3,d729,37.106850
q5026,4,d5870,33.774143
q5026,5,d4074,32.070728
q5026,6,d7628,31.606615
q5026,7,d1860,31.098755
q5026,8,d7630,30.883337
q5026,9,d6063,30.615660
q5026,10,d1936,30.199745
q5027,1,d4162,45.198410
q5027,2,d1071,31.722761
q5027,3,d1101,31.111507
q5027,4,d3822,29.730114
q5027,5,d4824,26.421352
q5027,6,d3357,23.953972
q5027,7,d3758,22.545462
q5027,8,d132,20.769005
q5027,9,d8713,20.547411
q5027,10,d135,20.529078
q5028,1,d1783,57.050014
q5028,2,d2420,55.245258
q5028,3,d7721,55.080303
q5028,4,d4309,54.666897
q5028,5,d2572,54.210205
q5028,6,d331,51.195229
q5028,7,d2410,49.607288
q5028,8,d276,49.535667
q5028,9,d1101,48.982983
q5028,10,d4918,48.193542
q5029,1,d3519,112.864487
q5029,2,d5854,111.908707
q5029,3,d5520,111.412743
q5029,4,d7576,105.451622
q5029,5,d4822,102.074944
q5029,6,d8089,101.087868
q5029,7,d6783,98.729843
q5029,8,d7100,96.046341
q5029,9,d4981,95.006721
q5029,10,d1626,94.036324
q5030,1,d3570,81.353790
q5030,2,d3632,51.627888
q5030,3,d3217,46.351902
q5030,4,d135,40.312252
q5030,5,d192,39.254131
q5030,6,d4250,39.013115
q5030,7,d3658,37.388817
q5030,8,d1804,33.126202
q5030,9,d4383,33.056854
q5030,10,d4149,31.798674
q5031,1,d417,77.184807
q5031,2,d3665,77.003410
q5031,3,d1227,75.211266
q5031,4,d2672,67.970230
q5031,5,d2622,65.576706
q5031,6,d1318,64.222946
q5031,7,d4863,52.938671
q5031,8,d8145,50.882256
q5031,9,d2897,47.191444
q5031,10,d491,45.290188
q5032,1,d3115,47.083385
q5032,2,d4963,45.499027
q5032,3,d5597,42.460129
q5032,4,d679,41.008080
q5032,5,d6316,37.343380
q5032,6,d4888,37.156811
q5032,7,d7287,35.570362
q5032,8,d3282,35.386440
q5032,9,d142,35.083035
q5032,10,d1907,35.051674
q5033,1,d242,182.895615
q5033,2,d5033,156.468811
q5033,3,d8271,56.903885
q5033,4,d7044,54.219051
q5033,5,d1047,53.919003
q5033,6,d1101,52.983551
q5033,7,d5912,45.369320
q5033,8,d7410,34.664188
q5033,9,d8701,32.957138
q5033,10,d47,32.253227
q5034,1,d1101,23.286671
q5034,2,d8529,23.099125
q5034,3,d4331,19.445518
q5034,4,d3316,17.332502
q5034,5,d3104,15.650582
q5034,6,d2939,15.464060
q5034,7,d4469,15.332588
q5034,8,d2706,14.741518
q5034,9,d1225,14.308556
q5034,10,d1239,14.180659
q5035,1,d6668,80.818680
q5035,2,d5561,76.133324
q5035,3,d6814,71.575577
q5035,4,d4137,62.219509
q5035,5,d1713,61.124271
q5035,6,d1101,58.321743
q5035,7,d4177,56.529205
q5035,8,d1615,46.984016
q5035,9,d3316,39.255550
q5035,10,d5870,38.393387
q5036,1,d6293,60.584148
q5036,2,d5949,51.070621
q5036,3,d1747,45.306572
q5036,4,d4838,44.497379
q5036,5,d6538,43.551888
q5036,6,d7136,36.832886
q5036,7,d2498,29.826031
q5036,8,d758,29.740046
q5036,9,d1020,29.317776
q5036,10,d5094,29.097914
q5037,1,d1101,18.479410
q5037,2,d1585,18.150911
q5037,3,d4027,17.469292
q5037,4,d7182,16.495243
q5037,5,d4876,15.514421
q5037,6,d1747,13.704498
q5037,7,d6968,13.312147
q5037,8,d4838,13.183710
q5037,9,d7410,13.009924
q5037,10,d47,12.979153
q5038,1,d3796,47.821720
q5038,2,d7841,41.012268
q5038,3,d4766,37.124805
q5038,4,d4643,34.125114
q5038,5,d805,33.583282
q5038,6,d4055,30.573795
q5038,7,d1101,28.545971
q5038,8,d8416,26.740231
q5038,9,d2685,23.900509
q5038,10,d4272,23.709560
q5039,1,d7071,64.805511
q5039,2,d1101,55.734737
q5039,3,d4331,50.069397
q5039,4,d7162,41.597351
q5039,5,d3487,40.896938
q5039,6,d2538,38.266125
q5039,7,d6206,35.602913
q5039,8,d4526,35.276352
q5039,9,d32,34.146881
q5039,10,d8701,33.572788
q5040,1,d1639,88.431923
q5040,2,d4406,49.839725
q5040,3,d3178,47.755962
q5040,4,d6465,45.759190
q5040,5,d353,45.388054
q5040,6,d7685,44.026550
q5040,7,d281,42.987846
q5040,8,d4839,42.327938
q5040,9,d4537,42.257450
q5040,10,d3559,40.767391
q5041,1,d5041,156.105942
q5041,2,d3950,78.240028
q5041,3,d666,71.411263
q5041,4,d2674,66.685310
q5041,5,d444,60.924461
q5041,6,d3111,56.239109
q5041,7,d609,50.342045
q5041,8,d6944,50.276592
q5041,9,d2998,49.576893
q5041,10,d7873,48.121960
q5042,1,d1101,37.400078
q5042,2,d4463,23.091211
q5042,3,d3258,21.985289
q5042,4,d469,21.119034
q5042,5,d7493,20.784193
q5042,6,d2762,19.661472
q5042,7,d7410,19.057959
q5042,8,d47,19.026392
q5042,9,d2939,19.002880
q5042,10,d4469,18.844490
q5043,1,d5675,54.698181
q5043,2,d6465,53.272236
q5043,3,d1101,47.442917
q5043,4,d4839,47.148296
q5043,5,d2086,42.933140
q5043,6,d4979,41.033302
q5043,7,d8652,39.661331
q5043,8,d1671,38.074718
q5043,9,d2410,37.716347
q5043,10,d4614,37.437691
q5044,1,d560,44.694672
q5044,2,d5044,39.506588
q5044,3,d4945,34.570309
q5044,4,d1949,30.741041
q5044,5,d1101,29.227524
q5044,6,d332,27.577734
q5044,7,d8114,27.126534
q5044,8,d5801,26.907301
q5044,9,d4127,26.048237
q5044,10,d508,24.337580
q5045,1,d5087,96.017494
q5045,2,d2919,75.082680
q5045,3,d4907,74.532181
q5045,4,d7133,67.554726
q5045,5,d4135,65.686279
q5045,6,d4422,63.992680
q5045,7,d2681,59.514473
q5045,8,d3569,58.283085
q5045,9,d4837,57.538918
q5045,10,d1653,55.990906
q5046,1,d2937,29.984596
q5046,2,d2963,29.867916
q5046,3,d2705,29.467033
q5046,4,d2939,28.003468
q5046,5,d3984,27.987906
q5046,6,d4469,27.781239
q5046,7,d4331,27.649813
q5046,8,d1239,26.239899
q5046,9,d3213,26.058460
q5046,10,d3350,25.757298
q5047,1,d1101,58.678280
q5047,2,d4331,41.439777
q5047,3,d2104,40.734501
q5047,4,d3316,37.393982
q5047,5,d6575,36.112518
q5047,6,d5870,34.140141
q5047,7,d5543,32.639862
q5047,8,d8606,32.620064
q5047,9,d4712,31.930176
q5047,10,d5716,31.634853
q5048,1,d1101,56.697121
q5048,2,d962,51.184727
q5048,3,d3201,48.199921
q5048,4,d7989,47.856354
q5048,5,d679,47.521053
q5048,6,d895,47.010258
q5048,7,d6521,44.561203
q5048,8,d2762,42.418041
q5048,9,d7482,41.372795
q5048,10,d1276,40.800186
q5049,1,d3459,56.730358
q5049,2,d405,44.685562
q5049,3,d7989,44.187317
q5049,4,d3109,43.594517
q5049,5,d3710,40.831562
q5049,6,d618,40.556183
q5049,7,d6717,40.481510
q5049,8,d6398,38.586094
q5049,9,d8627,38.574982
q5049,10,d6464,38.567570
q5050,1,d1101,20.080748
q5050,2,d4331,17.686657
q5050,3,d1671,17.082205
q5050,4,d2705,16.754112
q5050,5,d469,16.245852
q5050,6,d3848,16.097319
q5050,7,d2937,16.022812
q5050,8,d1929,15.508099
q5050,9,d5473,15.476211
q5050,10,d1748,15.456645
q5051,1,d2177,63.587543
q5051,2,d1101,61.824070
q5051,3,d7209,59.340939
q5051,4,d6443,57.056202
q5051,5,d2299,52.875599
q5051,6,d4346,45.110725
q5051,7,d1812,42.329422
q5051,8,d2562,37.734505
q5051,9,d7155,35.947479
q5051,10,d1287,35.298721
q5052,1,d5213,11.361387
q5052,2,d7061,10.796413
q5052,3,d5175,10.272799
q5052,4,d5262,10.254094
q5052,5,d607,10.137717
q5052,6,d8369,9.959438
q5052,7,d5677,9.917766
q5052,8,d7748,9.876834
q5052,9,d1149,9.821364
q5052,10,d5099,9.683422
q5053,1,d4579,85.011963
q5053,2,d6944,71.578339
q5053,3,d4078,64.331726
q5053,4,d6676,63.686325
q5053,5,d4495,58.185802
q5053,6,d2261,57.965378
q5053,7,d3154,49.798637
q5053,8,d4395,44.357399
q5053,9,d388,43.067795
q5053,10,d444,40.985992
q5054,1,d1101,42.489483
q5054,2,d6521,37.196613
q5054,3,d2410,29.185919
q5054,4,d6128,26.485020
q5054,5,d1671,25.935984
q5054,6,d7003,25.892862
q5054,7,d3316,23.844608
q5054,8,d2789,23.528572
q5054,9,d8724,23.445526
q5054,10,d4403,23.445526
q5055,1,d2844,63.236214
q5055,2,d8120,56.683830
q5055,3,d4960,56.333492
q5055,4,d5153,50.409119
q5055,5,d361,45.837646
q5055,6,d6306,45.057175
q5055,7,d1,44.071228
q5055,8,d3172,40.106689
q5055,9,d1101,36.551922
q5055,10,d5979,36.389587
q5056,1,d4331,64.155487
q5056,2,d1101,63.585609
q5056,3,d3350,51.476242
q5056,4,d1627,49.614075
q5056,5,d2705,49.074329
q5056,6,d2937,45.918339
q5056,7,d4479,44.836662
q5056,8,d3711,41.232277
q5056,9,d4202,40.998096
q5056,10,d5870,40.853138
q5057,1,d3934,101.588943
q5057,2,d3486,58.004211
q5057,3,d7636,56.354870
q5057,4,d2112,52.993027
q5057,5,d3839,48.364700
q5057,6,d5631,47.293785
q5057,7,d1935,44.394859
q5057,8,d795,44.325245
q5057,9,d2160,43.596203
q5057,10,d4567,42.840710
q5058,1,d4770,60.132381
q5058,2,d401,40.868855
q5058,3,d1848,40.854195
q5058,4,d1707,40.120010
q5058,5,d7233,37.151516
q5058,6,d2154,32.985752
q5058,7,d1939,32.951153
q5058,8,d2215,29.263893
q5058,9,d1862,28.768759
q5058,10,d1101,28.656038
q5059,1,d4510,72.131134
q5059,2,d1101,51.800453
q5059,3,d8612,46.711666
q5059,4,d152,42.466946
q5059,5,d1623,41.513824
q5059,6,d4574,41.089676
q5059,7,d4896,39.441784
q5059,8,d281,39.385517
q5059,9,d4239,38.400364
q5059,10,d4331,37.466236
q5060,1,d1101,56.020493
q5060,2,d703,50.074860
q5060,3,d3297,42.430679
q5060,4,d6384,39.231030
q5060,5,d4861,34.757019
q5060,6,d2771,33.695877
q5060,7,d1640,33.664715
q5060,8,d1287,33.238831
q5060,9,d4463,32.933334
q5060,10,d3258,31.391693
q5061,1,d5061,120.283943
q5061,2,d1858,107.804207
q5061,3,d358,90.865379
q5061,4,d1776,84.378654
q5061,5,d327,80.784569
q5061,6,d4932,78.571495
q5061,7,d3744,76.972931
q5061,8,d5870,74.369553
q5061,9,d1293,74.004997
q5061,10,d250,71.858353
q5062,1,d1101,87.784683
q5062,2,d135,54.760811
q5062,3,d6128,44.097321
q5062,4,d3316,43.776081
q5062,5,d2489,43.739231
q5062,6,d4156,42.714916
q5062,7,d1836,42.458244
q5062,8,d4250,40.627312
q5062,9,d4040,39.933876
q5062,10,d192,37.146915
q5063,1,d5063,154.166489
q5063,2,d7787,50.520504
q5063,3,d1750,45.389519
q5063,4,d1551,41.337170
q5063,5,d2260,41.295353
q5063,6,d6867,40.483154
q5063,7,d8559,40.170948
q5063,8,d6087,39.432701
q5063,9,d8148,39.420509
q5063,10,d2297,39.303318
q5064,1,d3799,158.400604
q5064,2,d2500,139.114349
q5064,3,d1794,133.676651
q5064,4,d4528,110.083305
q5064,5,d1782,100.408310
q5064,6,d8527,74.788719
q5064,7,d8549,65.356529
q5064,8,d6960,62.533489
q5064,9,d4395,58.761410
q5064,10,d6862,56.578938
q5065,1,d1101,37.184387
q5065,2,d7162,35.032486
q5065,3,d1214,29.585896
q5065,4,d7743,26.828846
q5065,5,d645,26.546022
q5065,6,d3297,25.223732
q5065,7,d5965,24.810963
q5065,8,d1686,24.527348
q5065,9,d4329,24.477772
q5065,10,d5870,24.471279
q5066,1,d3783,31.045862
q5066,2,d1101,30.548779
q5066,3,d410,26.831169
q5066,4,d4399,26.485611
q5066,5,d7989,25.271772
q5066,6,d2762,24.044949
q5066,7,d1632,23.821730
q5066,8,d4244,22.384748
q5066,9,d1481,22.276640
q5066,10,d2540,21.731985
q5067,1,d7845,49.443089
q5067,2,d3408,46.116402
q5067,3,d4896,40.019413
q5067,4,d152,38.042805
q5067,5,d7648,35.170280
q5067,6,d4331,33.329838
q5067,7,d1101,33.229275
q5067,8,d3561,33.227158
q5067,9,d192,31.879932
q5067,10,d7787,30.859039
q5068,1,d4730,69.332108
q5068,2,d6103,59.564713
q5068,3,d5724,59.093304
q5068,4,d4171,58.106873
q5068,5,d3121,57.862427
q5068,6,d3855,57.312901
q5068,7,d2802,56.943085
q5068,8,d3120,56.632904
q5068,9,d6309,56.386436
q5068,10,d720,55.936234
q5069,1,d286,67.110703
q5069,2,d5675,65.301117
q5069,3,d1101,62.920792
q5069,4,d1627,61.249332
q5069,5,d152,60.791111
q5069,6,d4331,60.706181
q5069,7,d6960,60.456154
q5069,8,d5606,58.680950
q5069,9,d3233,54.570133
q5069,10,d1902,49.403519
q5070,1,d1101,84.730011
q5070,2,d2410,56.684448
q5070,3,d6575,53.062241
q5070,4,d2104,52.621773
q5070,5,d7989,49.746025
q5070,6,d8606,47.768517
q5070,7,d3316,47.353329
q5070,8,d1737,46.845325
q5070,9,d2588,43.543110
q5070,10,d4826,43.134781
q5071,1,d2489,68.538162
q5071,2,d135,62.159233
q5071,3,d4730,60.986691
q5071,4,d3316,54.772980
q5071,5,d192,52.665180
q5071,6,d1101,51.801075
q5071,7,d4308,49.221348
q5071,8,d4149,48.631538
q5071,9,d2700,48.071102
q5071,10,d4357,47.573215
q5072,1,d1858,195.843155
q5072,2,d3459,177.262405
q5072,3,d1835,143.429733
q5072,4,d7115,137.563675
q5072,5,d3452,130.223114
q5072,6,d7767,129.741257
q5072,7,d1999,129.509277
q5072,8,d4036,128.504395
q5072,9,d4932,127.798645
q5072,10,d5731,127.591301
q5073,1,d5073,74.912224
q5073,2,d6521,53.150837
q5073,3,d1640,45.294464
q5073,4,d417,41.717964
q5073,5,d7003,40.510921
q5073,6,d1101,36.512321
q5073,7,d2261,36.475670
q5073,8,d152,35.893040
q5073,9,d3100,33.955444
q5073,10,d7889,33.227238
q5074,1,d3542,92.475090
q5074,2,d4963,77.596329
q5074,3,d5834,71.462898
q5074,4,d6182,68.039009
q5074,5,d3473,66.252388
q5074,6,d7123,65.556900
q5074,7,d5543,65.297218
q5074,8,d5597,64.531441
q5074,9,d1101,63.618961
q5074,10,d817,62.991215
q5075,1,d1101,36.216892
q5075,2,d4230,31.310804
q5075,3,d3745,30.425173
q5075,4,d3316,29.844458
q5075,5,d3622,26.467100
q5075,6,d4741,25.820984
q5075,7,d4861,25.643650
q5075,8,d4574,25.449507
q5075,9,d7401,25.269897
q5075,10,d2554,25.003052
q5076,1,d4593,46.434250
q5076,2,d8352,45.550926
q5076,3,d1881,45.524086
q5076,4,d1392,42.137760
q5076,5,d4983,42.057159
q5076,6,d7489,40.565666
q5076,7,d1101,40.261524
q5076,8,d1559,36.988457
q5076,9,d1799,36.932701
q5076,10,d4039,36.225407
q5077,1,d6619,105.822258
q5077,2,d273,104.795731
q5077,3,d4462,77.856842
q5077,4,d4475,73.375427
q5077,5,d1774,60.517059
q5077,6,d3107,48.380241
q5077,7,d2908,42.998363
q5077,8,d3694,34.523773
q5077,9,d1640,32.601593
q5077,10,d1866,31.576469
q5078,1,d4331,44.153988
q5078,2,d1101,41.581955
q5078,3,d1537,35.844059
q5078,4,d1630,35.493942
q5078,5,d2937,33.193287
q5078,6,d4202,32.003086
q5078,7,d6128,31.687321
q5078,8,d4479,31.429539
q5078,9,d8529,31.362926
q5078,10,d4222,30.544598
q5079,1,d3530,79.616760
q5079,2,d5236,75.406693
q5079,3,d5053,69.923225
q5079,4,d7325,69.626045
q5079,5,d6103,67.163124
q5079,6,d2061,62.633068
q5079,7,d5087,59.979713
q5079,8,d7133,56.039547
q5079,9,d1748,55.603725
q5079,10,d6540,55.334469
q5080,1,d1101,51.096081
q5080,2,d4331,35.064964
q5080,3,d1929,34.388664
q5080,4,d3080,29.169512
q5080,5,d8060,29.107679
q5080,6,d469,27.958944
q5080,7,d7219,26.789736
q5080,8,d4896,24.514732
q5080,9,d243,24.193125
q5080,10,d2410,23.995401
q5081,1,d1101,38.977272
q5081,2,d4331,31.485977
q5081,3,d4896,30.107716
q5081,4,d2818,29.842484
q5081,5,d6388,28.556673
q5081,6,d1991,27.781816
q5081,7,d2961,27.720123
q5081,8,d3104,27.388519
q5081,9,d1337,27.306267
q5081,10,d6743,25.853298
q5082,1,d1101,38.855419
q5082,2,d3345,37.384357
q5082,3,d4712,34.762241
q5082,4,d4964,31.829866
q5082,5,d4427,31.241804
q5082,6,d5957,28.736826
q5082,7,d4576,28.350765
q5082,8,d397,27.804935
q5082,9,d135,27.703568
q5082,10,d2965,27.186291
q5083,1,d2579,130.497498
q5083,2,d3442,118.024406
q5083,3,d8703,96.924477
q5083,4,d1487,96.540154
q5083,5,d5460,81.821510
q5083,6,d3501,78.525642
q5083,7,d3802,77.034790
q5083,8,d7783,74.723152
q5083,9,d7900,70.562218
q5083,10,d6547,66.707924
q5084,1,d1101,70.095886
q5084,2,d1929,64.514854
q5084,3,d7989,47.517574
q5084,4,d4331,46.105431
q5084,5,d469,44.090313
q5084,6,d3316,38.977921
q5084,7,d7133,38.085781
q5084,8,d2937,37.542141
q5084,9,d5435,37.268002
q5084,10,d135,36.965778
q5085,1,d7969,76.980835
q5085,2,d7906,66.963203
q5085,3,d1101,62.459415
q5085,4,d1915,56.444725
q5085,5,d6429,50.181049
q5085,6,d4171,48.720608
q5085,7,d2818,47.494888
q5085,8,d4115,47.345757
q5085,9,d6065,47.074219
q5085,10,d4327,46.410866
q5086,1,d4510,131.947693
q5086,2,d5965,94.423050
q5086,3,d1101,87.861008
q5086,4,d5679,82.025230
q5086,5,d434,76.360855
q5086,6,d4704,68.770981
q5086,7,d3378,63.302490
q5086,8,d5098,59.779617
q5086,9,d3692,57.665051
q5086,10,d6631,57.636105
q5087,1,d5087,104.295479
q5087,2,d7133,52.610950
q5087,3,d1626,47.854706
q5087,4,d7069,43.845234
q5087,5,d1730,39.262421
q5087,6,d1789,38.526718
q5087,7,d2469,38.172970
q5087,8,d1881,36.398960
q5087,9,d1649,36.393166
q5087,10,d4620,34.958992
q5088,1,d2497,69.298248
q5088,2,d4218,64.539139
q5088,3,d4888,61.914143
q5088,4,d3621,54.935436
q5088,5,d5597,54.808418
q5088,6,d4526,53.374619
q5088,7,d5642,49.782349
q5088,8,d5460,45.203754
q5088,9,d1166,41.077927
q5088,10,d4461,39.585197
q5089,1,d3316,44.532570
q5089,2,d4952,34.916248
q5089,3,d2939,33.852772
q5089,4,d1047,33.699375
q5089,5,d4469,33.549118
q5089,6,d3297,33.265793
q5089,7,d2700,31.140915
q5089,8,d1101,31.110815
q5089,9,d1239,30.482740
q5089,10,d555,29.327593
q5090,1,d1101,35.650517
q5090,2,d6737,33.567291
q5090,3,d2987,31.253370
q5090,4,d2322,30.805401
q5090,5,d7915,30.536648
q5090,6,d2349,30.118954
q5090,7,d2426,28.924137
q5090,8,d1929,27.047977
q5090,9,d3316,24.426029
q5090,10,d952,21.464003
q5091,1,d4208,88.065926
q5091,2,d4482,83.170387
q5091,3,d3501,70.671898
q5091,4,d1101,64.478027
q5091,5,d6705,60.793556
q5091,6,d3298,55.912807
q5091,7,d4983,53.692120
q5091,8,d7900,51.935905
q5091,9,d4834,49.138519
q5091,10,d1640,48.947567
q5092,1,d1101,88.409081
q5092,2,d679,73.528328
q5092,3,d5053,67.693474
q5092,4,d1337,64.450768
q5092,5,d1044,62.792435
q5092,6,d865,59.855286
q5092,7,d7325,58.021706
q5092,8,d8358,56.995674
q5092,9,d2104,56.949142
q5092,10,d6103,55.969269
q5093,1,d1101,42.398167
q5093,2,d4331,22.501429
q5093,3,d3394,20.916239
q5093,4,d3984,18.818758
q5093,5,d6825,18.137632
q5093,6,d626,17.486814
q5093,7,d3639,17.426538
q5093,8,d5543,17.166040
q5093,9,d1929,16.343622
q5093,10,d1664,16.310162
q5094,1,d8064,59.517815
q5094,2,d4593,53.706985
q5094,3,d1768,46.384750
q5094,4,d4174,42.203091
q5094,5,d1942,41.415550
q5094,6,d1626,39.706272
q5094,7,d326,37.065269
q5094,8,d463,36.427315
q5094,9,d5652,35.053825
q5094,10,d298,35.031063
q5095,1,d3016,63.097828
q5095,2,d5460,60.768227
q5095,3,d4824,56.482029
q5095,4,d1101,56.410816
q5095,5,d4546,54.179005
q5095,6,d3285,53.159870
q5095,7,d2489,50.748066
q5095,8,d2823,48.925991
q5095,9,d3477,47.485664
q5095,10,d3682,47.154335
q5096,1,d1101,43.953175
q5096,2,d4488,32.332207
q5096,3,d7410,29.797398
q5096,4,d3022,29.364397
q5096,5,d1227,28.917240
q5096,6,d6187,28.267382
q5096,7,d5870,28.059401
q5096,8,d477,27.949961
q5096,9,d2863,27.834501
q5096,10,d2572,27.639267
q5097,1,d5709,81.550995
q5097,2,d8158,72.539635
q5097,3,d5785,69.496941
q5097,4,d7631,69.065178
q5097,5,d1872,69.002563
q5097,6,d1006,67.620445
q5097,7,d227,67.300957
q5097,8,d4626,66.048889
q5097,9,d8265,65.750984
q5097,10,d341,65.750984
q5098,1,d3898,95.588387
q5098,2,d4444,91.233063
q5098,3,d2262,85.952995
q5098,4,d2682,85.763138
q5098,5,d4424,73.640511
q5098,6,d4271,72.293564
q5098,7,d4954,72.001709
q5098,8,d2908,71.503754
q5098,9,d3798,66.235909
q5098,10,d153,64.509941
q5099,1,d4759,58.998909
q5099,2,d5703,52.921501
q5099,3,d6634,47.816757
q5099,4,d2546,47.056652
q5099,5,d343,46.529156
q5099,6,d277,46.121750
q5099,7,d1999,46.097469
q5099,8,d4325,45.395771
q5099,9,d1896,45.374344
q5099,10,d1761,45.276169
q5100,1,d1101,77.181015
q5100,2,d4331,71.566376
q5100,3,d6634,66.308006
q5100,4,d5543,48.966663
q5100,5,d6368,47.964695
q5100,6,d3316,47.525707
q5100,7,d6314,46.302162
q5100,8,d1029,46.262131
q5100,9,d6003,44.945480
q5100,10,d6244,44.414608
q5101,1,d3236,106.273361
q5101,2,d1623,101.158821
q5101,3,d3784,95.262665
q5101,4,d3035,94.709015
q5101,5,d4879,86.592720
q5101,6,d3572,59.208103
q5101,7,d4823,57.684437
q5101,8,d1714,56.971695
q5101,9,d112,53.221519
q5101,10,d3773,51.103554
q5102,1,d4510,149.484879
q5102,2,d4475,136.237137
q5102,3,d4486,83.094086
q5102,4,d2177,77.971832
q5102,5,d1101,75.732475
q5102,6,d1624,73.875641
q5102,7,d7841,66.034004
q5102,8,d6443,61.112877
q5102,9,d5606,54.351749
q5102,10,d2299,49.493366
q5103,1,d1101,31.847700
q5103,2,d2864,28.263653
q5103,3,d7410,24.403593
q5103,4,d4896,24.173359
q5103,5,d47,23.856707
q5103,6,d1671,21.020708
q5103,7,d8606,19.758968
q5103,8,d476,19.755766
q5103,9,d1239,19.498648
q5103,10,d8158,19.352812
q5104,1,d6384,78.980202
q5104,2,d2949,58.014244
q5104,3,d1101,57.863197
q5104,4,d4659,56.636715
q5104,5,d2072,50.661537
q5104,6,d1537,50.604889
q5104,7,d4507,50.283897
q5104,8,d3734,50.283897
q5104,9,d3520,50.283897
q5104,10,d4297,48.410137
q5105,1,d4963,70.165627
q5105,2,d3473,63.589733
q5105,3,d5597,61.461243
q5105,4,d133,57.901978
q5105,5,d314,57.802734
q5105,6,d5087,53.315300
q5105,7,d1219,50.065151
q5105,8,d5865,49.332966
q5105,9,d7133,47.996479
q5105,10,d6006,47.829395
q5106,1,d1626,101.314224
q5106,2,d1646,75.917374
q5106,3,d1649,72.786331
q5106,4,d3652,71.243423
q5106,5,d2469,70.056076
q5106,6,d250,68.495438
q5106,7,d2251,61.701359
q5106,8,d1789,59.637817
q5106,9,d4767,59.619507
q5106,10,d5652,57.751083
q5107,1,d5460,23.991020
q5107,2,d4546,23.932869
q5107,3,d5184,23.792835
q5107,4,d4824,22.113626
q5107,5,d3244,21.745558
q5107,6,d7463,21.646927
q5107,7,d8743,20.448179
q5107,8,d5107,20.139717
q5107,9,d5354,19.771927
q5107,10,d7836,19.311733
q5108,1,d4952,29.975370
q5108,2,d4614,27.740967
q5108,3,d3389,27.414848
q5108,4,d4099,24.983004
q5108,5,d4498,24.793400
q5108,6,d243,24.666727
q5108,7,d1101,24.579632
q5108,8,d3147,23.485043
q5108,9,d1239,21.575434
q5108,10,d4250,21.485050
q5109,1,d6465,38.678104
q5109,2,d2572,38.051991
q5109,3,d3373,37.866425
q5109,4,d4165,36.987957
q5109,5,d3318,36.966576
q5109,6,d4432,36.436100
q5109,7,d3239,35.911430
q5109,8,d1671,35.356045
q5109,9,d2973,34.397198
q5109,10,d4654,34.392239
q5110,1,d6687,43.806343
q5110,2,d1101,37.426941
q5110,3,d6917,34.548630
q5110,4,d4171,32.811264
q5110,5,d8317,32.680943
q5110,6,d8176,32.680943
q5110,7,d5606,29.628223
q5110,8,d6593,29.242125
q5110,9,d1799,29.109550
q5110,10,d8416,28.885458
q5111,1,d6384,73.505844
q5111,2,d4463,53.941208
q5111,3,d7971,47.261410
q5111,4,d54,47.121597
q5111,5,d8529,46.198254
q5111,6,d7989,45.600368
q5111,7,d3760,44.826214
q5111,8,d1101,43.744343
q5111,9,d2762,43.550579
q5111,10,d2726,42.036842
q5112,1,d1101,33.667763
q5112,2,d5870,28.425396
q5112,3,d4715,26.549160
q5112,4,d5965,24.547670
q5112,5,d2939,24.464649
q5112,6,d4469,24.269337
q5112,7,d4951,24.074045
q5112,8,d3394,23.316473
q5112,9,d3984,22.939795
q5112,10,d1239,22.882673
q5113,1,d1101,49.863167
q5113,2,d4482,44.357536
q5113,3,d4208,44.357536
q5113,4,d3694,41.474716
q5113,5,d3316,39.404213
q5113,6,d3409,34.538692
q5113,7,d1070,34.177940
q5113,8,d4331,34.019119
q5113,9,d1551,32.633404
q5113,10,d1836,31.973030
q5114,1,d2948,25.590075
q5114,2,d1101,23.009762
q5114,3,d2939,20.925831
q5114,4,d4469,20.757435
q5114,5,d2674,20.284212
q5114,6,d1239,19.525448
q5114,7,d3984,19.116495
q5114,8,d7410,18.992754
q5114,9,d47,18.811069
q5114,10,d1929,18.750589
q5115,1,d1101,70.145554
q5115,2,d4331,49.808887
q5115,3,d4576,49.294861
q5115,4,d4339,48.380642
q5115,5,d4074,46.339272
q5115,6,d7682,44.073223
q5115,7,d4932,41.710934
q5115,8,d3331,40.458729
q5115,9,d3186,40.154671
q5115,10,d2104,39.409042
q5116,1,d3940,68.040901
q5116,2,d1101,34.385880
q5116,3,d4885,24.381430
q5116,4,d6593,18.254734
q5116,5,d6825,16.002665
q5116,6,d5854,15.944931
q5116,7,d6687,15.807767
q5116,8,d2939,15.771145
q5116,9,d4469,15.646571
q5116,10,d7410,15.588140
q5117,1,d1980,50.815331
q5117,2,d3500,46.429779
q5117,3,d3378,44.682396
q5117,4,d3270,41.682076
q5117,5,d4994,31.675375
q5117,6,d1653,28.978781
q5117,7,d3943,24.252924
q5117,8,d2841,22.684448
q5117,9,d1101,22.165775
q5117,10,d3889,21.026690
q5118,1,d5118,42.089050
q5118,2,d242,41.884239
q5118,3,d7209,36.377647
q5118,4,d1787,35.099857
q5118,5,d1862,34.875401
q5118,6,d1664,34.557552
q5118,7,d7492,32.367992
q5118,8,d5058,30.958063
q5118,9,d1739,29.216494
q5118,10,d1287,28.798820
q5119,1,d1101,43.506760
q5119,2,d2642,42.172226
q5119,3,d4958,40.391659
q5119,4,d4422,40.369137
q5119,5,d5142,36.930878
q5119,6,d5870,35.020454
q5119,7,d3792,34.752304
q5119,8,d3983,34.678524
q5119,9,d7536,33.499531
q5119,10,d2809,33.270180
q5120,1,d1627,44.151108
q5120,2,d1724,33.480053
q5120,3,d7003,32.068741
q5120,4,d6379,30.236744
q5120,5,d3777,30.234081
q5120,6,d2322,29.106270
q5120,7,d3901,27.088600
q5120,8,d4282,26.802855
q5120,9,d6737,25.467621
q5120,10,d6795,24.565933
q5121,1,d1101,41.159195
q5121,2,d5965,36.223431
q5121,3,d5870,32.969234
q5121,4,d8060,30.637497
q5121,5,d4165,28.885061
q5121,6,d6631,26.340038
q5121,7,d217,25.427259
q5121,8,d438,25.076326
q5121,9,d2559,24.855602
q5121,10,d7900,24.426462
q5122,1,d1101,57.649399
q5122,2,d2240,53.175339
q5122,3,d2469,51.234436
q5122,4,d2051,49.717335
q5122,5,d4954,49.445580
q5122,6,d1896,46.456367
q5122,7,d6830,45.304211
q5122,8,d8717,44.757839
q5122,9,d4318,44.703022
q5122,10,d1615,43.906631
q5123,1,d7352,58.816769
q5123,2,d5606,52.942917
q5123,3,d4463,49.589386
q5123,4,d3258,47.143059
q5123,5,d2641,47.065273
q5123,6,d5611,45.459671
q5123,7,d1859,44.199383
q5123,8,d1101,43.312702
q5123,9,d6025,42.619038
q5123,10,d6384,40.832260
q5124,1,d1537,95.854118
q5124,2,d2705,88.845444
q5124,3,d1101,85.898956
q5124,4,d4331,85.148552
q5124,5,d1630,81.904678
q5124,6,d3734,78.995995
q5124,7,d4507,78.995995
q5124,8,d3350,75.222816
q5124,9,d4419,74.300056
q5124,10,d4479,72.617805
q5125,1,d3064,125.990448
q5125,2,d4823,64.229469
q5125,3,d5277,60.943302
q5125,4,d4392,54.328007
q5125,5,d4493,53.488422
q5125,6,d1101,53.250427
q5125,7,d1647,50.678993
q5125,8,d3310,47.907372
q5125,9,d2673,45.753590
q5125,10,d4550,42.487759
q5126,1,d381,51.946384
q5126,2,d3296,50.056580
q5126,3,d4907,49.072609
q5126,4,d3138,44.186954
q5126,5,d278,42.947308
q5126,6,d7871,39.986496
q5126,7,d3884,38.319973
q5126,8,d4392,37.871262
q5126,9,d2088,35.709892
q5126,10,d1746,35.187664
q5127,1,d4131,62.764629
q5127,2,d4651,60.087566
q5127,3,d1101,57.316864
q5127,4,d4565,51.350224
q5127,5,d2489,45.218334
q5127,6,d3472,42.982449
q5127,7,d4308,42.842232
q5127,8,d7743,42.471722
q5127,9,d1737,42.471344
q5127,10,d4149,41.592129
q5128,1,d4115,99.375374
q5128,2,d1931,85.017952
q5128,3,d3473,83.892700
q5128,4,d4963,83.858047
q5128,5,d8545,81.242966
q5128,6,d5597,75.292404
q5128,7,d314,74.607903
q5128,8,d133,74.427856
q5128,9,d3402,71.382965
q5128,10,d2562,69.179932
q5129,1,d4612,53.958733
q5129,2,d2932,52.485317
q5129,3,d4091,52.447811
q5129,4,d1101,38.377308
q5129,5,d7125,27.014267
q5129,6,d5870,26.888494
q5129,7,d2410,24.092882
q5129,8,d5118,22.287943
q5129,9,d5965,22.282749
q5129,10,d1980,21.602852
q5130,1,d1622,94.514893
q5130,2,d2960,94.060493
q5130,3,d6192,91.912071
q5130,4,d458,90.598228
q5130,5,d193,85.224022
q5130,6,d3613,74.305275
q5130,7,d2534,61.586384
q5130,8,d1747,45.723289
q5130,9,d135,38.114403
q5130,10,d8317,36.581192
q5131,1,d4848,109.281639
q5131,2,d5656,95.130913
q5131,3,d1799,93.979034
q5131,4,d5726,83.011948
q5131,5,d7883,82.151932
q5131,6,d2701,80.554710
q5131,7,d1559,80.089272
q5131,8,d629,79.945633
q5131,9,d5635,79.337173
q5131,10,d2992,79.147537
q5132,1,d2453,101.161301
q5132,2,d457,99.913467
q5132,3,d496,91.334282
q5132,4,d3415,89.437004
q5132,5,d1101,76.531372
q5132,6,d210,73.771904
q5132,7,d257,67.759621
q5132,8,d5965,57.220695
q5132,9,d5870,56.269608
q5132,10,d161,54.749393
q5133,1,d5611,83.854019
q5133,2,d5182,63.750877
q5133,3,d6668,59.460503
q5133,4,d6814,53.681686
q5133,5,d7759,52.283463
q5133,6,d332,50.873466
q5133,7,d5606,48.087009
q5133,8,d7576,46.740593
q5133,9,d1713,45.843204
q5133,10,d5266,45.638706
q5134,1,d3105,89.687965
q5134,2,d5134,74.526299
q5134,3,d273,74.189018
q5134,4,d3107,69.507576
q5134,5,d6619,67.380730
q5134,6,d2676,58.329437
q5134,7,d1101,52.914215
q5134,8,d4752,48.742867
q5134,9,d3628,45.234360
q5134,10,d1866,45.159645
q5135,1,d1101,38.710575
q5135,2,d3728,36.870052
q5135,3,d4896,30.906527
q5135,4,d7639,29.816860
q5135,5,d47,29.060913
q5135,6,d3835,28.842278
q5135,7,d7493,28.556021
q5135,8,d7410,28.436930
q5135,9,d2939,27.696384
q5135,10,d4469,27.467255
q5136,1,d7425,24.144363
q5136,2,d1101,23.265556
q5136,3,d431,21.362339
q5136,4,d5819,20.375114
q5136,5,d7913,18.243364
q5136,6,d4331,16.707174
q5136,7,d3316,16.672724
q5136,8,d267,16.275921
q5136,9,d1070,16.245893
q5136,10,d447,16.020699
q5137,1,d47,48.272896
q5137,2,d7410,47.272518
q5137,3,d1101,42.061176
q5137,4,d2939,33.158154
q5137,5,d4469,32.892097
q5137,6,d2864,31.829157
q5137,7,d2333,31.521082
q5137,8,d3609,31.280613
q5137,9,d1239,30.966785
q5137,10,d3984,30.586393
q5138,1,d6668,68.879150
q5138,2,d503,59.669559
q5138,3,d6814,59.646317
q5138,4,d7743,56.707367
q5138,5,d1101,54.840981
q5138,6,d3527,52.532444
q5138,7,d1713,50.936893
q5138,8,d3316,50.518528
q5138,9,d1615,50.424744
q5138,10,d1737,50.416721
q5139,1,d2177,59.227402
q5139,2,d7841,45.765091
q5139,3,d6443,43.696262
q5139,4,d2299,40.494572
q5139,5,d4803,38.222488
q5139,6,d3455,37.361141
q5139,7,d3800,36.746658
q5139,8,d4346,34.547867
q5139,9,d3242,33.784286
q5139,10,d3932,30.832474
q5140,1,d6188,57.873516
q5140,2,d258,52.596016
q5140,3,d6133,51.132286
q5140,4,d5963,50.883247
q5140,5,d7534,48.511581
q5140,6,d1435,47.791630
q5140,7,d7264,44.848186
q5140,8,d7505,44.565571
q5140,9,d2154,44.001209
q5140,10,d7827,42.901672
q5141,1,d1665,55.849724
q5141,2,d1101,55.559532
q5141,3,d5053,48.442101
q5141,4,d3316,47.809902
q5141,5,d5236,46.777287
q5141,6,d7325,46.417366
q5141,7,d3639,44.867420
q5141,8,d6103,44.775414
q5141,9,d2061,41.755383
q5141,10,d1615,40.586548
q5142,1,d2979,43.444389
q5142,2,d1101,41.269901
q5142,3,d2237,38.787731
q5142,4,d6540,34.720978
q5142,5,d5609,33.819508
q5142,6,d4896,32.849422
q5142,7,d3212,32.800396
q5142,8,d3858,32.114738
q5142,9,d5236,30.921509
q5142,10,d840,30.842640
q5143,1,d4486,75.284172
q5143,2,d1101,55.123661
q5143,3,d3144,37.912243
q5143,4,d3639,36.911888
q5143,5,d2551,36.872738
q5143,6,d4738,36.344460
q5143,7,d135,36.103275
q5143,8,d2700,35.417389
q5143,9,d2489,33.386986
q5143,10,d6082,33.172947
q5144,1,d1101,68.453842
q5144,2,d6384,58.180061
q5144,3,d4463,55.266968
q5144,4,d54,54.691605
q5144,5,d895,54.148006
q5144,6,d3258,53.154903
q5144,7,d469,52.125507
q5144,8,d1929,51.599281
q5144,9,d3009,51.247723
q5144,10,d2762,50.052456
q5145,1,d3570,82.042389
q5145,2,d3632,56.495358
q5145,3,d3217,52.145889
q5145,4,d1101,32.327103
q5145,5,d6128,25.878525
q5145,6,d5053,25.134357
q5145,7,d7325,23.208685
q5145,8,d135,22.981613
q5145,9,d192,22.834322
q5145,10,d6103,22.387705
q5146,1,d5146,49.513863
q5146,2,d8711,48.634411
q5146,3,d4766,36.465080
q5146,4,d781,30.916750
q5146,5,d4769,29.727215
q5146,6,d1741,26.797096
q5146,7,d3352,26.426605
q5146,8,d1101,26.089355
q5146,9,d1947,25.954798
q5146,10,d6440,25.057047
q5147,1,d1101,59.064774
q5147,2,d2104,45.981289
q5147,3,d3259,41.747551
q5147,4,d5444,37.881317
q5147,5,d4976,37.205318
q5147,6,d1721,37.089108
q5147,7,d2092,37.080868
q5147,8,d7439,37.020691
q5147,9,d5840,36.177574
q5147,10,d7209,35.604565
q5148,1,d4915,44.642971
q5148,2,d1773,44.548374
q5148,3,d8610,44.507420
q5148,4,d4432,43.274326
q5148,5,d1722,42.791855
q5148,6,d4321,38.141720
q5148,7,d1645,34.661152
q5148,8,d185,34.644192
q5148,9,d1101,34.075611
q5148,10,d8414,33.698635
q5149,1,d181,83.519684
q5149,2,d6460,66.235954
q5149,3,d6642,61.548248
q5149,4,d4029,58.693520
q5149,5,d3378,58.394447
q5149,6,d7056,56.898003
q5149,7,d3270,54.088085
q5149,8,d2955,51.019077
q5149,9,d3889,49.664268
q5149,10,d6763,44.096489
q5150,1,d3282,55.442009
q5150,2,d4709,42.718525
q5150,3,d2795,40.550690
q5150,4,d2774,39.577339
q5150,5,d3477,39.364330
q5150,6,d3996,38.957073
q5150,7,d7669,37.566437
q5150,8,d3137,35.439899
q5150,9,d1528,33.006725
q5150,10,d7724,32.420609
q5151,1,d4702,32.394871
q5151,2,d7939,31.076288
q5151,3,d3427,27.374693
q5151,4,d6544,27.007196
q5151,5,d1101,25.024496
q5151,6,d1268,24.900425
q5151,7,d5536,24.440186
q5151,8,d1389,22.004974
q5151,9,d4847,21.567825
q5151,10,d1929,19.436832
q5152,1,d3954,79.887756
q5152,2,d3842,77.007324
q5152,3,d4999,67.400063
q5152,4,d475,66.889557
q5152,5,d2755,66.571129
q5152,6,d4240,65.626030
q5152,7,d3301,64.232834
q5152,8,d2555,58.807335
q5152,9,d4448,58.539040
q5152,10,d1948,58.348026
q5153,1,d1101,112.932716
q5153,2,d2842,110.980843
q5153,3,d4694,78.501053
q5153,4,d3316,75.189163
q5153,5,d2642,74.967918
q5153,6,d7017,74.377937
q5153,7,d5660,72.897255
q5153,8,d6971,72.397858
q5153,9,d5965,71.714897
q5153,10,d3297,70.637131
q5154,1,d6593,76.693855
q5154,2,d3378,67.720764
q5154,3,d6687,60.293758
q5154,4,d5819,56.915195
q5154,5,d6386,56.029186
q5154,6,d6685,54.372581
q5154,7,d498,53.034893
q5154,8,d1101,52.327637
q5154,9,d6465,51.222954
q5154,10,d5611,50.565582
q5155,1,d1899,87.017136
q5155,2,d1834,81.224174
q5155,3,d6531,76.843605
q5155,4,d1901,74.500885
q5155,5,d1847,74.337273
q5155,6,d1952,73.467850
q5155,7,d1909,72.365379
q5155,8,d1821,71.349617
q5155,9,d7743,70.820457
q5155,10,d1880,70.632362
q5156,1,d1881,70.542023
q5156,2,d1559,65.185219
q5156,3,d8352,64.693619
q5156,4,d1799,64.416809
q5156,5,d4983,56.695049
q5156,6,d1392,53.550354
q5156,7,d1227,50.814365
q5156,8,d4039,49.809933
q5156,9,d4593,48.102894
q5156,10,d4174,47.154873
q5157,1,d1101,31.978230
q5157,2,d1338,28.922255
q5157,3,d1539,28.765553
q5157,4,d7499,28.462803
q5157,5,d695,27.937614
q5157,6,d6718,27.422743
q5157,7,d5012,27.014454
q5157,8,d1484,26.950953
q5157,9,d8275,26.832415
q5157,10,d8214,26.832415
q5158,1,d1101,58.362831
q5158,2,d7702,57.541279
q5158,3,d3861,44.357536
q5158,4,d2676,42.719250
q5158,5,d4484,35.313431
q5158,6,d4803,35.037228
q5158,7,d5965,34.251915
q5158,8,d1929,33.187832
q5158,9,d3142,31.582680
q5158,10,d144,30.072077
q5159,1,d4395,93.684120
q5159,2,d2469,74.712433
q5159,3,d4579,69.178108
q5159,4,d6944,68.011086
q5159,5,d4322,62.396103
q5159,6,d4219,61.176723
q5159,7,d2051,59.500137
q5159,8,d4954,57.109497
q5159,9,d1118,56.973980
q5159,10,d1615,56.724785
q5160,1,d6384,59.391026
q5160,2,d7989,55.954399
q5160,3,d1101,50.957409
q5160,4,d3316,45.586884
q5160,5,d2762,44.838963
q5160,6,d4463,44.342358
q5160,7,d523,44.235142
q5160,8,d3783,44.198643
q5160,9,d2540,43.958347
q5160,10,d8183,43.046947
q5161,1,d4331,38.847275
q5161,2,d7209,36.377651
q5161,3,d1101,35.749989
q5161,4,d1929,35.219093
q5161,5,d2641,29.837402
q5161,6,d2913,27.868839
q5161,7,d7682,27.755600
q5161,8,d419,26.950953
q5161,9,d5765,26.054455
q5161,10,d3789,25.638908
q5162,1,d1101,84.856346
q5162,2,d3316,46.162117
q5162,3,d1929,45.945854
q5162,4,d2404,43.745613
q5162,5,d417,41.324223
q5162,6,d3916,40.683094
q5162,7,d3543,38.890739
q5162,8,d4171,37.077675
q5162,9,d4331,36.381393
q5162,10,d500,36.367077
q5163,1,d2715,89.331940
q5163,2,d4384,81.183022
q5163,3,d4916,78.119926
q5163,4,d2923,68.406273
q5163,5,d5922,67.921600
q5163,6,d6444,65.277153
q5163,7,d4132,63.292149
q5163,8,d211,63.179928
q5163,9,d4643,59.138950
q5163,10,d3934,56.555618
q5164,1,d1799,96.982780
q5164,2,d1881,90.408043
q5164,3,d1559,84.886688
q5164,4,d1626,76.501091
q5164,5,d3561,73.728905
q5164,6,d1706,71.271637
q5164,7,d4433,61.118649
q5164,8,d463,60.949116
q5164,9,d1392,60.080811
q5164,10,d8352,58.098114
q5165,1,d3898,117.198822
q5165,2,d4444,105.701599
q5165,3,d4954,104.181511
q5165,4,d2262,100.016167
q5165,5,d4424,86.635895
q5165,6,d4271,85.051254
q5165,7,d153,84.233475
q5165,8,d2908,82.611137
q5165,9,d2682,79.252769
q5165,10,d3798,77.924606
q5166,1,d5087,96.017494
q5166,2,d4963,49.386482
q5166,3,d1101,45.251427
q5166,4,d1603,43.340096
q5166,5,d5597,43.020958
q5166,6,d3473,42.797123
q5166,7,d1219,40.052120
q5166,8,d5865,39.466373
q5166,9,d314,39.067024
q5166,10,d6006,38.263515
q5167,1,d1101,81.802521
q5167,2,d1881,72.797920
q5167,3,d1559,65.834763
q5167,4,d1799,64.757919
q5167,5,d1392,64.642380
q5167,6,d4593,59.401184
q5167,7,d463,53.146992
q5167,8,d8352,52.816467
q5167,9,d4983,51.390312
q5167,10,d1626,47.705360
q5168,1,d3420,55.074200
q5168,2,d1671,47.810249
q5168,3,d3927,44.833092
q5168,4,d6465,44.508961
q5168,5,d7270,44.033878
q5168,6,d2972,42.416183
q5168,7,d2410,40.467403
q5168,8,d4165,38.036274
q5168,9,d8606,37.125263
q5168,10,d2086,37.078541
q5169,1,d2453,115.713417
q5169,2,d457,114.463562
q5169,3,d496,107.452095
q5169,4,d3415,95.388077
q5169,5,d4563,92.079765
q5169,6,d1101,87.612183
q5169,7,d257,85.946892
q5169,8,d210,79.446663
q5169,9,d5606,57.798824
q5169,10,d2104,57.740162
q5170,1,d4486,91.926712
q5170,2,d3934,60.684734
q5170,3,d7738,54.317657
q5170,4,d3486,45.114388
q5170,5,d7841,40.278214
q5170,6,d1101,39.978668
q5170,7,d4738,36.086926
q5170,8,d3137,33.563057
q5170,9,d2177,32.465508
q5170,10,d6443,29.130842
q5171,1,d4318,100.566811
q5171,2,d2500,92.551064
q5171,3,d8527,89.403809
q5171,4,d4395,84.942917
q5171,5,d1782,83.348000
q5171,6,d6960,80.027145
q5171,7,d3799,78.862175
q5171,8,d1784,77.380890
q5171,9,d1101,71.467110
q5171,10,d7969,65.636169
q5172,1,d152,71.513466
q5172,2,d3002,62.462925
q5172,3,d2758,50.479942
q5172,4,d3524,49.122128
q5172,5,d2771,46.475063
q5172,6,d4845,36.099926
q5172,7,d4111,29.232529
q5172,8,d4139,24.996376
q5172,9,d4156,24.744822
q5172,10,d5172,24.262920
q5173,1,d4779,84.472740
q5173,2,d1888,82.177010
q5173,3,d5648,78.897018
q5173,4,d2937,72.485771
q5173,5,d7875,64.933548
q5173,6,d1107,62.242485
q5173,7,d1101,56.746490
q5173,8,d4027,54.859463
q5173,9,d1959,47.825066
q5173,10,d1929,47.811012
q5174,1,d242,99.661766
q5174,2,d5837,80.472000
q5174,3,d1101,64.960381
q5174,4,d4574,55.532932
q5174,5,d5033,46.173512
q5174,6,d4875,39.899132
q5174,7,d155,37.621109
q5174,8,d1706,34.686680
q5174,9,d1729,29.020620
q5174,10,d2104,27.413370
q5175,1,d132,116.935898
q5175,2,d7366,104.929604
q5175,3,d3911,95.730583
q5175,4,d1746,91.421036
q5175,5,d4425,87.070076
q5175,6,d4613,68.511513
q5175,7,d1865,67.065155
q5175,8,d1101,56.029270
q5175,9,d293,55.397228
q5175,10,d3956,50.651661
q5176,1,d4838,40.309155
q5176,2,d7456,29.424595
q5176,3,d452,27.857849
q5176,4,d256,27.320057
q5176,5,d4242,27.088095
q5176,6,d152,25.067593
q5176,7,d2714,24.672947
q5176,8,d6486,24.489841
q5176,9,d969,24.457767
q5176,10,d5642,24.406631
q5177,1,d1101,31.730299
q5177,2,d2700,24.243282
q5177,3,d2489,19.921003
q5177,4,d4669,19.118593
q5177,5,d2939,18.695793
q5177,6,d4469,18.530508
q5177,7,d8597,17.972103
q5177,8,d7501,17.516745
q5177,9,d6586,17.276474
q5177,10,d1239,16.919985
q5178,1,d1101,20.080748
q5178,2,d4331,17.686657
q5178,3,d1671,17.082205
q5178,4,d2705,16.754112
q5178,5,d3848,16.097319
q5178,6,d469,15.645563
q5178,7,d5473,15.476211
q5178,8,d2937,15.338587
q5178,9,d1929,15.239690
q5178,10,d4479,14.523562
q5179,1,d5611,71.705933
q5179,2,d5606,52.942917
q5179,3,d7759,50.896912
q5179,4,d2572,49.245510
q5179,5,d2051,47.807892
q5179,6,d6465,47.326962
q5179,7,d2410,46.674946
q5179,8,d4918,45.958168
q5179,9,d4627,42.333916
q5179,10,d4250,40.130569
q5180,1,d1709,52.779060
q5180,2,d629,51.834850
q5180,3,d179,50.357376
q5180,4,d390,48.442303
q5180,5,d1101,47.929977
q5180,6,d2532,47.560848
q5180,7,d5180,46.876072
q5180,8,d2950,44.498871
q5180,9,d3599,43.016541
q5180,10,d7064,42.661629
q5181,1,d3746,73.951050
q5181,2,d4432,67.758072
q5181,3,d4165,66.993126
q5181,4,d3373,66.139633
q5181,5,d2728,62.445057
q5181,6,d3318,62.314270
q5181,7,d217,61.064587
q5181,8,d1794,59.320480
q5181,9,d2920,55.758633
q5181,10,d4772,55.291111
q5182,1,d6133,146.202179
q5182,2,d6584,137.146286
q5182,3,d3328,131.406357
q5182,4,d4765,129.763824
q5182,5,d4546,119.943031
q5182,6,d5429,113.234459
q5182,7,d3828,109.706757
q5182,8,d3186,107.848595
q5182,9,d3899,86.519096
q5182,10,d1285,73.138901
q5183,1,d3310,77.320343
q5183,2,d3499,63.970764
q5183,3,d5277,51.686069
q5183,4,d7114,45.851837
q5183,5,d5917,42.879795
q5183,6,d5012,41.853764
q5183,7,d1101,41.775253
q5183,8,d8527,36.023930
q5183,9,d3653,35.351101
q5183,10,d4329,34.948574
q5184,1,d1101,30.128033
q5184,2,d2700,25.723148
q5184,3,d3285,25.691607
q5184,4,d2937,24.739353
q5184,5,d2489,24.669088
q5184,6,d4331,24.433022
q5184,7,d7972,23.032925
q5184,8,d7562,22.171049
q5184,9,d555,21.994354
q5184,10,d1671,21.605223
q5185,1,d4555,126.221931
q5185,2,d1813,71.889282
q5185,3,d5505,71.303024
q5185,4,d2532,70.334793
q5185,5,d6214,69.413010
q5185,6,d1084,69.359955
q5185,7,d7436,69.176155
q5185,8,d629,68.796219
q5185,9,d1858,68.308037
q5185,10,d390,68.275536
q5186,1,d496,59.098656
q5186,2,d2453,56.757629
q5186,3,d457,56.525391
q5186,4,d1101,54.739120
q5186,5,d3415,50.141464
q5186,6,d5870,45.841885
q5186,7,d2469,42.711536
q5186,8,d320,38.750538
q5186,9,d458,37.216381
q5186,10,d2738,36.419979
q5187,1,d1888,70.413467
q5187,2,d4779,67.650269
q5187,3,d5648,59.780396
q5187,4,d2733,57.520927
q5187,5,d6668,57.480324
q5187,6,d1101,56.829277
q5187,7,d4027,53.885830
q5187,8,d6814,53.681686
q5187,9,d1227,53.264961
q5187,10,d3830,51.144833
q5188,1,d5611,136.429794
q5188,2,d7759,103.141983
q5188,3,d1789,94.964027
q5188,4,d8527,93.499969
q5188,5,d1794,91.162788
q5188,6,d8549,90.837906
q5188,7,d6862,90.526283
q5188,8,d1101,88.964592
q5188,9,d5471,88.370895
q5188,10,d5606,84.896011
q5189,1,d358,87.591370
q5189,2,d7736,55.274620
q5189,3,d1101,52.320946
q5189,4,d805,50.640289
q5189,5,d1107,48.756802
q5189,6,d1858,46.736111
q5189,7,d5965,46.268494
q5189,8,d3179,45.255150
q5189,9,d5870,43.227814
q5189,10,d8021,42.202412
q5190,1,d1101,48.920280
q5190,2,d1929,48.892921
q5190,3,d4331,40.683983
q5190,4,d7251,39.556683
q5190,5,d4171,37.843590
q5190,6,d152,37.077869
q5190,7,d7492,35.815887
q5190,8,d4896,35.178146
q5190,9,d243,33.412598
q5190,10,d969,33.197540
q5191,1,d6968,19.968220
q5191,2,d4785,19.199383
q5191,3,d293,8.617227
q5191,4,d1778,6.434906
q5191,5,d8218,4.276282
q5191,6,d6292,3.993522
q5191,7,d1696,3.781742
q5191,8,d5030,3.740891
q5191,9,d3510,3.740891
q5191,10,d8681,3.623465
q5192,1,d1101,45.381050
q5192,2,d7989,38.470360
q5192,3,d7209,38.193199
q5192,4,d6687,31.541101
q5192,5,d3316,29.870750
q5192,6,d4331,29.430992
q5192,7,d2762,28.281754
q5192,8,d3783,28.110762
q5192,9,d4542,26.875187
q5192,10,d4285,26.688059
q5193,1,d7639,95.750763
q5193,2,d2983,61.563442
q5193,3,d4574,54.549023
q5193,4,d4232,54.299168
q5193,5,d3615,52.503536
q5193,6,d1101,51.932251
q5193,7,d4155,51.423855
q5193,8,d8227,50.953369
q5193,9,d2883,50.388577
q5193,10,d3034,50.361839
q5194,1,d2169,65.443237
q5194,2,d7630,64.880463
q5194,3,d7636,60.015083
q5194,4,d6978,57.116379
q5194,5,d4074,51.323368
q5194,6,d1860,48.073372
q5194,7,d4932,47.122047
q5194,8,d1936,46.880486
q5194,9,d1986,46.612457
q5194,10,d4339,46.593616
q5195,1,d1955,86.358574
q5195,2,d1107,82.409760
q5195,3,d7287,75.646118
q5195,4,d6316,75.035667
q5195,5,d1617,72.176178
q5195,6,d1959,67.161995
q5195,7,d3464,64.605263
q5195,8,d1983,63.813053
q5195,9,d3487,63.688805
q5195,10,d3179,60.465874
q5196,1,d4779,101.566742
q5196,2,d1888,97.424522
q5196,3,d7875,87.327492
q5196,4,d5648,85.318237
q5196,5,d4027,72.153008
q5196,6,d4942,68.345276
q5196,7,d5606,67.353287
q5196,8,d5611,59.129013
q5196,9,d2937,58.247009
q5196,10,d2864,54.240322
q5197,1,d2497,75.593559
q5197,2,d5597,66.847488
q5197,3,d4888,66.779228
q5197,4,d4218,66.179520
q5197,5,d4940,58.038376
q5197,6,d4072,44.203426
q5197,7,d2918,43.832245
q5197,8,d3465,43.657364
q5197,9,d3115,43.287014
q5197,10,d1101,43.116955
q5198,1,d1101,49.582794
q5198,2,d5134,47.074158
q5198,3,d7414,45.288197
q5198,4,d7077,44.611897
q5198,5,d2937,43.642658
q5198,6,d6388,41.404068
q5198,7,d7460,40.621811
q5198,8,d8701,40.250660
q5198,9,d5403,35.804989
q5198,10,d3316,33.609333
q5199,1,d6705,54.130650
q5199,2,d1101,51.190048
q5199,3,d3296,50.573040
q5199,4,d1929,50.045090
q5199,5,d4331,48.166924
q5199,6,d3298,47.470005
q5199,7,d4983,45.488773
q5199,8,d4236,40.648712
q5199,9,d1614,40.338703
q5199,10,d6687,39.440819
q5200,1,d7830,51.314682
q5200,2,d1101,45.253914
q5200,3,d5965,38.037201
q5200,4,d8060,34.983498
q5200,5,d5053,34.961613
q5200,6,d7325,34.813026
q5200,7,d5236,34.754665
q5200,8,d5870,33.849545
q5200,9,d6103,33.581558
q5200,10,d3486,32.224564
q5201,1,d3533,50.467083
q5201,2,d3453,44.404537
q5201,3,d3473,42.307453
q5201,4,d4963,41.119370
q5201,5,d3364,40.662437
q5201,6,d3064,39.200768
q5201,7,d5597,38.411842
q5201,8,d1101,38.224506
q5201,9,d2281,37.731232
q5201,10,d133,36.384968
q5202,1,d3625,88.115730
q5202,2,d6292,84.304970
q5202,3,d645,55.998386
q5202,4,d3041,51.054653
q5202,5,d3455,44.748444
q5202,6,d2370,44.184765
q5202,7,d4069,43.538151
q5202,8,d1101,43.444080
q5202,9,d1047,39.978046
q5202,10,d273,36.146454
q5203,1,d4262,53.296368
q5203,2,d3234,43.771221
q5203,3,d1101,39.495003
q5203,4,d242,37.120617
q5203,5,d3370,31.090168
q5203,6,d5268,30.804895
q5203,7,d3022,29.364397
q5203,8,d2481,29.279284
q5203,9,d4016,28.813211
q5203,10,d477,27.949961
q5204,1,d2690,108.738861
q5204,2,d5488,94.099419
q5204,3,d388,93.519646
q5204,4,d7736,86.241653
q5204,5,d2712,36.387424
q5204,6,d1795,28.854744
q5204,7,d1101,27.373497
q5204,8,d3742,25.801582
q5204,9,d5453,23.215210
q5204,10,d65,22.114233
q5205,1,d2837,153.640457
q5205,2,d2302,68.001633
q5205,3,d1786,67.408485
q5205,4,d4666,62.447868
q5205,5,d4314,61.526718
q5205,6,d1965,58.095531
q5205,7,d4616,56.316082
q5205,8,d3807,54.639309
q5205,9,d7484,53.580517
q5205,10,d1802,51.133125
q5206,1,d2489,53.751717
q5206,2,d135,52.036129
q5206,3,d3316,48.701874
q5206,4,d2937,46.490326
q5206,5,d2700,46.150936
q5206,6,d1101,44.788292
q5206,7,d1640,44.438206
q5206,8,d4824,43.498100
q5206,9,d7989,42.460266
q5206,10,d5236,39.338840
q5207,1,d1101,51.832100
q5207,2,d4331,39.031597
q5207,3,d1929,28.231150
q5207,4,d1843,27.485735
q5207,5,d3316,27.455034
q5207,6,d2913,27.286709
q5207,7,d2489,26.035313
q5207,8,d7209,25.282545
q5207,9,d3984,25.240545
q5207,10,d165,24.907070
q5208,1,d4331,64.353317
q5208,2,d1101,53.737076
q5208,3,d4419,48.074375
q5208,4,d3350,44.080360
q5208,5,d1537,43.689846
q5208,6,d2705,42.479275
q5208,7,d2937,39.824253
q5208,8,d1627,39.203419
q5208,9,d4479,38.729496
q5208,10,d3848,37.053925
q5209,1,d1101,37.184750
q5209,2,d5870,22.344658
q5209,3,d4679,21.678837
q5209,4,d2244,20.776955
q5209,5,d4384,20.295757
q5209,6,d4916,19.529978
q5209,7,d2864,19.469099
q5209,8,d2700,19.442410
q5209,9,d3984,19.116495
q5209,10,d7410,18.965117
q5210,1,d1101,37.901901
q5210,2,d2939,23.850479
q5210,3,d4469,23.641373
q5210,4,d5870,23.590965
q5210,5,d1173,22.976562
q5210,6,d1239,21.646870
q5210,7,d5531,20.505318
q5210,8,d5660,20.453697
q5210,9,d47,20.037659
q5210,10,d7410,19.958042
q5211,1,d1101,59.014603
q5211,2,d7989,47.524929
q5211,3,d469,43.785007
q5211,4,d2206,41.165745
q5211,5,d2762,40.606747
q5211,6,d6384,39.982388
q5211,7,d7410,38.535454
q5211,8,d1118,38.509583
q5211,9,d47,38.162067
q5211,10,d54,34.350605
q5212,1,d4954,71.403412
q5212,2,d4561,59.971500
q5212,3,d3035,59.574169
q5212,4,d5611,56.070881
q5212,5,d2702,48.710938
q5212,6,d4331,48.594585
q5212,7,d1101,47.878670
q5212,8,d123,47.816265
q5212,9,d3790,47.300919
q5212,10,d476,45.824123
q5213,1,d1101,48.289112
q5213,2,d192,40.868839
q5213,3,d2489,40.778744
q5213,4,d4156,36.642792
q5213,5,d1804,35.338509
q5213,6,d135,35.307930
q5213,7,d4149,34.470478
q5213,8,d4308,34.084000
q5213,9,d6128,33.538254
q5213,10,d3590,33.524704
q5214,1,d5513,70.118195
q5214,2,d4277,65.232368
q5214,3,d1395,64.847252
q5214,4,d2038,64.125999
q5214,5,d4411,62.716476
q5214,6,d6844,62.710773
q5214,7,d2794,62.002769
q5214,8,d7960,61.745262
q5214,9,d1332,60.633648
q5214,10,d6210,59.921394
q5215,1,d1646,61.534103
q5215,2,d1703,59.223000
q5215,3,d3514,52.032429
q5215,4,d7271,48.832203
q5215,5,d4767,48.456390
q5215,6,d4200,44.923016
q5215,7,d846,44.469238
q5215,8,d4239,43.340027
q5215,9,d162,43.097412
q5215,10,d4157,42.263340
q5216,1,d217,53.382790
q5216,2,d2728,48.613888
q5216,3,d2807,47.348808
q5216,4,d4772,45.340240
q5216,5,d8724,45.313877
q5216,6,d4403,45.313877
q5216,7,d1615,44.568897
q5216,8,d7067,43.305252
q5216,9,d3100,43.070156
q5216,10,d8024,42.973972
q5217,1,d1537,52.355312
q5217,2,d1630,46.630318
q5217,3,d3734,45.523174
q5217,4,d4507,45.523174
q5217,5,d236,40.068481
q5217,6,d1101,39.036057
q5217,7,d4331,36.583897
q5217,8,d4479,35.066795
q5217,9,d3350,34.883957
q5217,10,d4222,33.811073
q5218,1,d4327,148.270462
q5218,2,d7202,125.138275
q5218,3,d5752,113.110107
q5218,4,d3158,112.742897
q5218,5,d6500,108.319527
q5218,6,d8419,100.091278
q5218,7,d6642,97.677032
q5218,8,d181,89.882607
q5218,9,d2538,81.608513
q5218,10,d3244,80.273376
q5219,1,d6465,59.911823
q5219,2,d5675,49.271091
q5219,3,d2410,44.881660
q5219,4,d4508,44.170265
q5219,5,d1101,42.393665
q5219,6,d6929,41.313129
q5219,7,d8652,40.735077
q5219,8,d152,40.189026
q5219,9,d1671,39.417767
q5219,10,d5543,38.622948
q5220,1,d3561,93.819084
q5220,2,d2312,91.949776
q5220,3,d4433,77.787376
q5220,4,d5220,73.968292
q5220,5,d8160,70.011314
q5220,6,d1706,68.659821
q5220,7,d264,65.627304
q5220,8,d2739,62.508583
q5220,9,d6104,62.454449
q5220,10,d2406,54.518089
q5221,1,d1101,32.866455
q5221,2,d4331,25.525215
q5221,3,d4479,20.456224
q5221,4,d5870,19.927443
q5221,5,d712,19.516066
q5221,6,d3316,18.587114
q5221,7,d6971,18.552986
q5221,8,d3984,17.742817
q5221,9,d2800,17.453403
q5221,10,d2939,17.387012
q5222,1,d1101,60.561848
q5222,2,d3316,49.595955
q5222,3,d4331,49.240524
q5222,4,d2489,44.032169
q5222,5,d3285,43.537544
q5222,6,d1392,41.642979
q5222,7,d2700,41.558117
q5222,8,d4574,41.341675
q5222,9,d3394,40.346230
q5222,10,d4230,40.271111
q5223,1,d1929,80.581345
q5223,2,d4350,67.407097
q5223,3,d1101,65.690231
q5223,4,d3973,61.321178
q5223,5,d2913,55.737675
q5223,6,d419,53.901905
q5223,7,d5435,53.085537
q5223,8,d5765,52.108902
q5223,9,d3789,51.277817
q5223,10,d4331,50.143341
q5224,1,d1101,34.991188
q5224,2,d4331,25.821335
q5224,3,d3842,23.665205
q5224,4,d4362,22.793081
q5224,5,d4525,22.466003
q5224,6,d1185,22.016386
q5224,7,d4896,21.581944
q5224,8,d475,21.581423
q5224,9,d4608,20.626719
q5224,10,d5113,20.610664
q5225,1,d3561,45.126701
q5225,2,d1706,43.985405
q5225,3,d4433,38.893688
q5225,4,d2312,35.044472
q5225,5,d8160,35.005657
q5225,6,d2572,34.055199
q5225,7,d1626,32.668896
q5225,8,d4431,31.710741
q5225,9,d2410,30.613504
q5225,10,d264,30.257824
q5226,1,d645,63.740273
q5226,2,d1101,38.662556
q5226,3,d3625,38.302280
q5226,4,d7162,31.394043
q5226,5,d5957,31.309505
q5226,6,d7450,31.278198
q5226,7,d2970,30.904087
q5226,8,d3041,30.632793
q5226,9,d5965,30.605139
q5226,10,d5870,30.552019
q5227,1,d561,63.577381
q5227,2,d319,59.281204
q5227,3,d4378,58.761703
q5227,4,d8637,54.878189
q5227,5,d7246,54.486782
q5227,6,d4914,53.294460
q5227,7,d1527,50.718723
q5227,8,d8390,49.891506
q5227,9,d5229,48.906902
q5227,10,d4137,47.966732
q5228,1,d1101,68.332802
q5228,2,d3350,56.136318
q5228,3,d1661,51.611740
q5228,4,d4331,46.678474
q5228,5,d2705,45.776802
q5228,6,d2937,43.070232
q5228,7,d4479,39.933430
q5228,8,d4419,38.700954
q5228,9,d1537,38.665615
q5228,10,d4202,38.315937
q5229,1,d561,82.400513
q5229,2,d8637,77.266319
q5229,3,d4378,76.707001
q5229,4,d7246,75.622971
q5229,5,d4914,74.335831
q5229,6,d1527,69.106003
q5229,7,d7192,68.484322
q5229,8,d8390,68.033875
q5229,9,d257,67.759621
q5229,10,d5229,66.691231
q5230,1,d6384,60.936653
q5230,2,d1101,51.638847
q5230,3,d2949,44.626339
q5230,4,d4555,40.356865
q5230,5,d4659,40.334610
q5230,6,d2072,38.970413
q5230,7,d1537,38.926834
q5230,8,d3520,38.679920
q5230,9,d3734,38.679920
q5230,10,d4507,38.679920
q5231,1,d7209,38.849117
q5231,2,d2410,32.017418
q5231,3,d4508,23.975943
q5231,4,d152,23.315062
q5231,5,d1639,23.292620
q5231,6,d4331,22.669889
q5231,7,d2413,22.263687
q5231,8,d6929,22.216867
q5231,9,d689,21.409416
q5231,10,d6465,21.363983
q5232,1,d4574,261.445374
q5232,2,d5837,154.172363
q5232,3,d3933,73.892792
q5232,4,d4947,70.665634
q5232,5,d454,67.990784
q5232,6,d3963,64.121628
q5232,7,d5611,49.560654
q5232,8,d4230,48.880512
q5232,9,d804,47.710171
q5232,10,d3316,47.266136
q5233,1,d6293,39.973938
q5233,2,d1101,38.865776
q5233,3,d503,36.981888
q5233,4,d821,35.087776
q5233,5,d7114,33.082069
q5233,6,d2848,32.038784
q5233,7,d3155,28.825108
q5233,8,d7743,27.633369
q5233,9,d4493,27.062498
q5233,10,d5965,25.711065
q5234,1,d5234,124.840118
q5234,2,d4954,77.226799
q5234,3,d4219,73.586571
q5234,4,d685,70.166962
q5234,5,d1101,69.340622
q5234,6,d4017,67.890739
q5234,7,d6944,61.626095
q5234,8,d391,59.395042
q5234,9,d2240,59.015736
q5234,10,d2261,56.224823
q5235,1,d1799,57.933624
q5235,2,d1881,55.726383
q5235,3,d1559,51.512783
q5235,4,d4593,39.317230
q5235,5,d5949,38.302967
q5235,6,d1392,37.415909
q5235,7,d4983,37.390583
q5235,8,d8352,36.971527
q5235,9,d6293,36.829296
q5235,10,d6538,36.727509
q5236,1,d273,135.400314
q5236,2,d3625,121.290550
q5236,3,d645,106.396935
q5236,4,d3041,97.003860
q5236,5,d3455,85.022057
q5236,6,d2370,83.655624
q5236,7,d5611,82.998253
q5236,8,d6619,81.910217
q5236,9,d6492,67.120369
q5236,10,d7672,63.250481
q5237,1,d5237,77.137955
q5237,2,d6555,45.822201
q5237,3,d7224,31.620934
q5237,4,d2306,31.602423
q5237,5,d7647,27.104940
q5237,6,d7914,26.102497
q5237,7,d2078,25.060802
q5237,8,d8606,22.613543
q5237,9,d6823,21.781223
q5237,10,d1671,21.605221
q5238,1,d1101,45.753586
q5238,2,d289,33.586601
q5238,3,d4568,31.343611
q5238,4,d5965,29.091900
q5238,5,d2700,28.077662
q5238,6,d6825,27.630472
q5238,7,d3285,26.359806
q5238,8,d2895,25.985664
q5238,9,d4331,25.650461
q5238,10,d3316,24.838062
q5239,1,d5460,53.505329
q5239,2,d5236,53.215805
q5239,3,d4824,51.629688
q5239,4,d4546,48.419430
q5239,5,d5053,46.615482
q5239,6,d4566,46.465702
q5239,7,d7325,46.417366
q5239,8,d6935,44.872189
q5239,9,d6103,44.775414
q5239,10,d1748,44.292728
q5240,1,d1101,36.683327
q5240,2,d3522,31.028229
q5240,3,d5332,25.555456
q5240,4,d2702,23.983232
q5240,5,d1724,23.839170
q5240,6,d1949,23.331089
q5240,7,d4718,23.292183
q5240,8,d6206,22.689829
q5240,9,d6490,22.475468
q5240,10,d1892,22.405960
q5241,1,d1101,53.724354
q5241,2,d1929,40.877316
q5241,3,d5611,37.983421
q5241,4,d4331,32.999794
q5241,5,d2489,32.145508
q5241,6,d5606,32.110455
q5241,7,d2937,31.994171
q5241,8,d2588,30.384447
q5241,9,d3394,30.223923
q5241,10,d3316,29.372427
q5242,1,d1101,52.885555
q5242,2,d2104,42.241619
q5242,3,d599,36.178223
q5242,4,d3737,34.565212
q5242,5,d5705,34.389732
q5242,6,d2148,32.493847
q5242,7,d5870,31.994116
q5242,8,d5242,30.022049
q5242,9,d5660,29.430578
q5242,10,d466,29.089531
q5243,1,d1101,33.657082
q5243,2,d4331,23.307711
q5243,3,d4712,21.568733
q5243,4,d1720,21.506847
q5243,5,d4001,20.839333
q5243,6,d3502,20.619507
q5243,7,d135,20.219698
q5243,8,d3316,20.163759
q5243,9,d1173,19.804768
q5243,10,d1929,19.729229
q5244,1,d7233,80.961044
q5244,2,d7264,67.826653
q5244,3,d7209,66.434662
q5244,4,d1101,64.753845
q5244,5,d1435,61.270416
q5244,6,d2154,60.606567
q5244,7,d153,52.428459
q5244,8,d258,47.068188
q5244,9,d6133,46.138252
q5244,10,d1317,43.777916
q5245,1,d3985,128.753372
q5245,2,d3898,88.325478
q5245,3,d153,77.071335
q5245,4,d2950,75.232910
q5245,5,d3599,73.416611
q5245,6,d7064,71.695053
q5245,7,d4960,70.346756
q5245,8,d4954,68.908577
q5245,9,d4783,67.331886
q5245,10,d5180,67.283760
q5246,1,d1848,47.396626
q5246,2,d4345,34.226158
q5246,3,d1939,32.767876
q5246,4,d1101,30.738888
q5246,5,d1707,30.090008
q5246,6,d4770,30.090008
q5246,7,d7756,29.608128
q5246,8,d2506,27.852425
q5246,9,d3522,24.803600
q5246,10,d1664,23.464296
q5247,1,d2937,57.557747
q5247,2,d4896,54.340099
q5247,3,d5080,51.348907
q5247,4,d3745,49.839794
q5247,5,d135,49.348839
q5247,6,d60,48.410763
q5247,7,d6813,40.433960
q5247,8,d2348,40.309048
q5247,9,d7542,38.493252
q5247,10,d1049,37.311131
q5248,1,d2702,50.456467
q5248,2,d6206,45.607315
q5248,3,d8196,40.766315
q5248,4,d4718,38.118279
q5248,5,d1101,37.256039
q5248,6,d7258,36.729820
q5248,7,d3522,34.606293
q5248,8,d7202,33.801579
q5248,9,d5564,33.777145
q5248,10,d4043,33.367355
q5249,1,d3615,91.151787
q5249,2,d3184,87.496048
q5249,3,d3034,87.035812
q5249,4,d3162,62.842083
q5249,5,d6614,60.455803
q5249,6,d1709,54.409767
q5249,7,d4495,46.918625
q5249,8,d2539,45.678905
q5249,9,d1101,43.547550
q5249,10,d3154,42.680195
q5250,1,d1101,85.807793
q5250,2,d2579,70.735275
q5250,3,d3442,60.633244
q5250,4,d8703,60.577808
q5250,5,d1487,60.337593
q5250,6,d3802,51.387436
q5250,7,d3501,49.078526
q5250,8,d7900,45.773052
q5250,9,d5460,44.192257
q5250,10,d6971,43.519154
q5251,1,d5561,103.818169
q5251,2,d4137,84.844788
q5251,3,d4177,77.085274
q5251,4,d3068,46.760548
q5251,5,d3602,45.438965
q5251,6,d4223,40.961002
q5251,7,d1101,40.428520
q5251,8,d7202,35.276718
q5251,9,d2904,34.412212
q5251,10,d3710,32.218273
q5252,1,d1101,48.252510
q5252,2,d1749,45.437344
q5252,3,d6754,39.176506
q5252,4,d5251,39.137558
q5252,5,d5995,38.259968
q5252,6,d5236,37.484486
q5252,7,d5053,34.961613
q5252,8,d7325,34.813026
q5252,9,d6103,33.581558
q5252,10,d1967,33.545624
q5253,1,d1784,95.517700
q5253,2,d561,87.893883
q5253,3,d4378,81.820801
q5253,4,d7246,79.971611
q5253,5,d8637,79.822830
q5253,6,d1527,76.894714
q5253,7,d2500,76.727882
q5253,8,d1705,76.060623
q5253,9,d7192,72.850952
q5253,10,d8390,72.569466
q5254,1,d2642,60.228271
q5254,2,d5965,59.304092
q5254,3,d5870,58.075256
q5254,4,d3896,57.917709
q5254,5,d4036,57.909546
q5254,6,d6631,55.098526
q5254,7,d6555,53.812233
q5254,8,d6971,53.143208
q5254,9,d8060,52.800781
q5254,10,d3757,52.109444
q5255,1,d152,37.394028
q5255,2,d1101,36.516644
q5255,3,d1671,36.114582
q5255,4,d4839,35.500416
q5255,5,d8724,33.691727
q5255,6,d4403,33.691727
q5255,7,d2410,31.536341
q5255,8,d4508,31.136137
q5255,9,d7067,31.126556
q5255,10,d8024,30.729650
q5256,1,d1101,56.884869
q5256,2,d6164,53.993465
q5256,3,d1494,39.634789
q5256,4,d1955,37.402229
q5256,5,d1737,30.131773
q5256,6,d4547,28.794729
q5256,7,d4827,27.241882
q5256,8,d1337,26.331249
q5256,9,d3285,26.290768
q5256,10,d47,26.061653
q5257,1,d4395,177.181305
q5257,2,d4579,152.379944
q5257,3,d6944,145.709839
q5257,4,d1955,135.157684
q5257,5,d5257,133.760468
q5257,6,d388,126.039421
q5257,7,d4219,125.442001
q5257,8,d6255,118.882622
q5257,9,d3007,118.449562
q5257,10,d5833,116.644501
q5258,1,d5238,62.024361
q5258,2,d6668,49.480457
q5258,3,d361,49.033733
q5258,4,d6214,48.348721
q5258,5,d7436,48.183743
q5258,6,d7209,47.859295
q5258,7,d7485,47.479794
q5258,8,d5990,47.331909
q5258,9,d1041,47.309658
q5258,10,d315,47.222042
q5259,1,d5259,140.024048
q5259,2,d3570,78.752800
q5259,3,d3632,78.317879
q5259,4,d192,70.697067
q5259,5,d6128,66.601746
q5259,6,d3658,66.267143
q5259,7,d3217,63.733864
q5259,8,d2882,63.241516
q5259,9,d4250,63.022846
q5259,10,d2489,62.879795
q5260,1,d372,101.479370
q5260,2,d3158,83.859337
q5260,3,d3244,83.673004
q5260,4,d5752,83.344292
q5260,5,d6500,78.645531
q5260,6,d8419,73.751480
q5260,7,d1101,65.144402
q5260,8,d7808,63.693974
q5260,9,d5965,61.933590
q5260,10,d4327,59.323925
q5261,1,d1101,31.317123
q5261,2,d135,21.425743
q5261,3,d6687,20.232450
q5261,4,d4824,18.646711
q5261,5,d2489,17.754683
q5261,6,d2937,17.332300
q5261,7,d1239,16.687166
q5261,8,d7989,16.244041
q5261,9,d2939,15.464060
q5261,10,d4861,15.355582
q5262,1,d4268,53.186958
q5262,2,d3839,47.337410
q5262,3,d2922,47.285881
q5262,4,d2160,44.956352
q5262,5,d1935,43.519501
q5262,6,d1937,43.471806
q5262,7,d4567,43.391022
q5262,8,d795,42.354561
q5262,9,d1497,41.262451
q5262,10,d4925,41.138123
q5263,1,d250,103.712891
q5263,2,d4174,79.637871
q5263,3,d1929,79.071678
q5263,4,d463,70.667229
q5263,5,d4331,68.903702
q5263,6,d1101,67.942749
q5263,7,d5234,63.224541
q5263,8,d1626,63.082283
q5263,9,d104,60.755077
q5263,10,d4593,59.450329
q5264,1,d1101,81.133949
q5264,2,d6159,65.804207
q5264,3,d6965,61.285900
q5264,4,d3338,60.217995
q5264,5,d7287,54.822384
q5264,6,d1955,51.131039
q5264,7,d142,50.118626
q5264,8,d1907,50.073818
q5264,9,d6316,49.990078
q5264,10,d3121,46.161602
q5265,1,d3599,113.458656
q5265,2,d445,64.295471
q5265,3,d5061,59.594578
q5265,4,d358,55.981247
q5265,5,d6847,52.782028
q5265,6,d5161,46.771984
q5265,7,d3338,45.593155
q5265,8,d1885,42.186455
q5265,9,d1626,38.554554
q5265,10,d4941,38.277328
q5266,1,d5053,145.948593
q5266,2,d7325,139.252090
q5266,3,d5236,135.309937
q5266,4,d6103,134.326218
q5266,5,d2061,125.266129
q5266,6,d6540,112.680901
q5266,7,d6397,104.697746
q5266,8,d6235,102.728203
q5266,9,d4881,101.667007
q5266,10,d6935,100.122917
q5267,1,d1101,44.888920
q5267,2,d2832,39.387424
q5267,3,d135,33.193455
q5267,4,d2489,31.415237
q5267,5,d2965,29.822166
q5267,6,d3107,27.634964
q5267,7,d4861,27.609440
q5267,8,d152,27.266478
q5267,9,d4331,26.721428
q5267,10,d2937,26.238037
q5268,1,d135,62.710003
q5268,2,d2489,44.277672
q5268,3,d1101,40.423981
q5268,4,d6687,39.748383
q5268,5,d1640,39.544231
q5268,6,d5473,33.559010
q5268,7,d5236,32.973377
q5268,8,d1748,32.754639
q5268,9,d2937,31.956816
q5268,10,d7989,31.313196
q5269,1,d273,74.375526
q5269,2,d6619,69.390594
q5269,3,d3107,56.185585
q5269,4,d4475,52.119453
q5269,5,d1101,42.983902
q5269,6,d4462,41.922913
q5269,7,d2676,37.006210
q5269,8,d1774,36.968014
q5269,9,d2908,36.358418
q5269,10,d1866,35.124168
q5270,1,d278,129.089661
q5270,2,d4392,99.416222
q5270,3,d4493,97.162796
q5270,4,d3317,90.994774
q5270,5,d7114,87.568420
q5270,6,d4473,85.940536
q5270,7,d3310,79.862556
q5270,8,d2673,73.746552
q5270,9,d3499,71.975845
q5270,10,d5277,61.794491
q5271,1,d2622,109.188431
q5271,2,d8145,97.179390
q5271,3,d2897,90.829994
q5271,4,d4863,90.515182
q5271,5,d1318,65.538933
q5271,6,d7811,61.524204
q5271,7,d7823,43.261589
q5271,8,d7209,24.122919
q5271,9,d8158,24.114733
q5271,10,d2666,23.595211
q5272,1,d1101,38.785515
q5272,2,d5606,38.375195
q5272,3,d5611,35.744328
q5272,4,d2939,24.157566
q5272,5,d4469,23.955357
q5272,6,d7352,23.529381
q5272,7,d1929,22.980629
q5272,8,d7759,22.355064
q5272,9,d1239,22.264771
q5272,10,d4689,21.872696
q5273,1,d3192,45.449036
q5273,2,d3231,43.685596
q5273,3,d6338,42.743126
q5273,4,d1729,42.370201
q5273,5,d4729,41.656792
q5273,6,d1991,39.086067
q5273,7,d2818,38.696037
q5273,8,d429,37.179749
q5273,9,d1838,35.634720
q5273,10,d2471,34.848900
q5274,1,d4165,41.907089
q5274,2,d6654,37.194656
q5274,3,d8711,37.157230
q5274,4,d4588,36.544621
q5274,5,d1671,34.328468
q5274,6,d2690,34.244602
q5274,7,d2728,33.960716
q5274,8,d3373,33.261414
q5274,9,d1101,33.087799
q5274,10,d3318,32.220264
q5275,1,d3956,79.710320
q5275,2,d3196,49.576714
q5275,3,d5273,43.277615
q5275,4,d4331,42.761749
q5275,5,d4419,35.599110
q5275,6,d1101,35.207954
q5275,7,d6178,34.904991
q5275,8,d2705,34.696220
q5275,9,d4479,33.888309
q5275,10,d1537,33.832413
q5276,1,d1101,41.963203
q5276,2,d3285,40.221378
q5276,3,d2489,37.508808
q5276,4,d3316,36.290993
q5276,5,d3745,34.959526
q5276,6,d2937,34.782516
q5276,7,d1929,32.580612
q5276,8,d1551,30.892815
q5276,9,d4712,30.814148
q5276,10,d4230,30.184143
q5277,1,d5277,159.322052
q5277,2,d6555,79.925026
q5277,3,d4493,72.106728
q5277,4,d7114,68.211090
q5277,5,d2673,60.077309
q5277,6,d3499,57.473690
q5277,7,d3310,54.289059
q5277,8,d503,52.056965
q5277,9,d821,48.610661
q5277,10,d5917,46.261009
q5278,1,d6944,158.203766
q5278,2,d4579,94.528717
q5278,3,d4078,83.330002
q5278,4,d6676,78.802834
q5278,5,d4395,53.620991
q5278,6,d3349,53.396603
q5278,7,d444,53.384964
q5278,8,d388,52.217964
q5278,9,d609,46.746185
q5278,10,d3250,46.162380
q5279,1,d1630,59.308292
q5279,2,d2129,55.634933
q5279,3,d4073,49.791916
q5279,4,d1636,49.167255
q5279,5,d1537,47.623955
q5279,6,d1101,46.830170
q5279,7,d7747,46.757702
q5279,8,d3842,46.494297
q5279,9,d3350,44.080357
q5279,10,d2705,42.479275
q5280,1,d7133,81.177322
q5280,2,d5965,56.001411
q5280,3,d2642,55.415173
q5280,4,d1653,55.350368
q5280,5,d5660,50.876896
q5280,6,d1101,50.382767
q5280,7,d477,50.106339
q5280,8,d1627,48.364464
q5280,9,d8060,48.053982
q5280,10,d3896,47.707733
q5281,1,d4689,65.376251
q5281,2,d3296,57.767952
q5281,3,d3884,57.479961
q5281,4,d381,56.206318
q5281,5,d1746,54.120369
q5281,6,d3439,53.726761
q5281,7,d7871,52.457130
q5281,8,d4061,51.432846
q5281,9,d2346,50.409035
q5281,10,d3138,49.669956
q5282,1,d3157,44.596336
q5282,2,d1101,42.369209
q5282,3,d4494,39.281799
q5282,4,d469,38.372295
q5282,5,d3072,37.870598
q5282,6,d5473,36.498981
q5282,7,d3513,36.366035
q5282,8,d1836,33.868473
q5282,9,d5952,32.727161
q5282,10,d555,32.407688
q5283,1,d6676,78.709251
q5283,2,d2312,72.906662
q5283,3,d1706,69.307167
q5283,4,d543,66.165787
q5283,5,d3561,65.997353
q5283,6,d7258,63.182613
q5283,7,d6248,60.816200
q5283,8,d1671,59.534611
q5283,9,d8196,58.590759
q5283,10,d1264,55.782158
q5284,1,d3898,45.098400
q5284,2,d3345,39.553745
q5284,3,d1929,36.557396
q5284,4,d3316,35.719833
q5284,5,d3394,34.471603
q5284,6,d3831,33.971611
q5284,7,d4331,33.315990
q5284,8,d2937,32.440937
q5284,9,d1101,31.795221
q5284,10,d3757,31.597160
q5285,1,d3918,55.750103
q5285,2,d2261,54.404556
q5285,3,d4954,52.215137
q5285,4,d1789,50.579777
q5285,5,d4180,48.375271
q5285,6,d6163,47.927303
q5285,7,d5972,47.381363
q5285,8,d654,46.790283
q5285,9,d5129,46.427460
q5285,10,d5385,46.427460
q5286,1,d4718,52.404495
q5286,2,d5394,50.873455
q5286,3,d4637,50.253300
q5286,4,d4379,49.994789
q5286,5,d5564,49.088757
q5286,6,d4593,47.232002
q5286,7,d2631,45.483143
q5286,8,d2600,45.483143
q5286,9,d1994,44.364113
q5286,10,d4046,44.277737
q5287,1,d2844,48.026688
q5287,2,d3212,43.733860
q5287,3,d3858,42.819649
q5287,4,d2237,42.697315
q5287,5,d4982,36.546333
q5287,6,d2790,36.225407
q5287,7,d4900,35.235138
q5287,8,d8289,34.888134
q5287,9,d3633,34.553234
q5287,10,d4306,33.339394
q5288,1,d1101,42.129089
q5288,2,d6362,34.198414
q5288,3,d4896,30.608540
q5288,4,d5401,30.265827
q5288,5,d5609,28.670574
q5288,6,d5113,28.003765
q5288,7,d2077,27.867346
q5288,8,d5933,27.801243
q5288,9,d5477,27.462973
q5288,10,d7238,26.878250
q5289,1,d4954,70.021080
q5289,2,d4322,59.381248
q5289,3,d2261,57.612530
q5289,4,d1615,57.341904
q5289,5,d3154,54.243515
q5289,6,d1118,52.372028
q5289,7,d2240,44.153324
q5289,8,d4495,40.730061
q5289,9,d1748,38.796577
q5289,10,d2594,38.386528
q5290,1,d5290,55.619987
q5290,2,d4839,51.196194
q5290,3,d1671,51.113426
q5290,4,d4165,48.352982
q5290,5,d2410,46.913280
q5290,6,d217,45.876152
q5290,7,d2572,45.606869
q5290,8,d1101,45.290276
q5290,9,d3373,45.030518
q5290,10,d152,44.269012
q5291,1,d2322,65.261475
q5291,2,d5721,65.161911
q5291,3,d5531,64.762978
q5291,4,d6737,64.749725
q5291,5,d8390,63.748055
q5291,6,d7630,62.073837
q5291,7,d5369,61.280609
q5291,8,d4279,55.873951
q5291,9,d2317,51.343990
q5291,10,d3876,51.343990
q5292,1,d1047,149.798416
q5292,2,d5912,73.725143
q5292,3,d561,65.920403
q5292,4,d2844,62.871891
q5292,5,d4378,61.365601
q5292,6,d8637,59.867115
q5292,7,d7246,57.172451
q5292,8,d8390,54.427097
q5292,9,d5229,53.352985
q5292,10,d7192,49.272034
q5293,1,d1933,95.168495
q5293,2,d7042,91.736809
q5293,3,d1880,89.851128
q5293,4,d1909,88.059135
q5293,5,d1889,86.736885
q5293,6,d1965,85.253738
q5293,7,d1855,83.852669
q5293,8,d1850,83.823471
q5293,9,d1952,83.462868
q5293,10,d1870,82.262787
q5294,1,d7271,70.987099
q5294,2,d1646,67.862106
q5294,3,d846,65.371384
q5294,4,d3514,62.438915
q5294,5,d4767,61.315437
q5294,6,d4862,58.440277
q5294,7,d4200,53.907619
q5294,8,d4157,53.064720
q5294,9,d4696,50.716007
q5294,10,d929,50.108013
q5295,1,d1166,207.225754
q5295,2,d5295,163.885406
q5295,3,d1465,148.361374
q5295,4,d5088,145.099243
q5295,5,d5642,111.193993
q5295,6,d2497,100.890488
q5295,7,d4888,89.995316
q5295,8,d3115,89.414940
q5295,9,d2531,84.063278
q5295,10,d5597,74.909203
q5296,1,d1287,74.045815
q5296,2,d1537,54.476631
q5296,3,d7492,53.214020
q5296,4,d4331,53.107414
q5296,5,d6304,51.518932
q5296,6,d3080,51.330135
q5296,7,d1624,47.011711
q5296,8,d3350,46.593052
q5296,9,d4479,44.774616
q5296,10,d2705,43.667274
q5297,1,d1999,75.773903
q5297,2,d5606,65.787102
q5297,3,d3499,65.284317
q5297,4,d5611,64.954445
q5297,5,d1101,62.224075
q5297,6,d4493,52.061325
q5297,7,d7352,47.058758
q5297,8,d7114,46.343674
q5297,9,d4331,41.514286
q5297,10,d3310,41.156124
q5298,1,d1748,49.687878
q5298,2,d1101,48.377213
q5298,3,d5053,46.615482
q5298,4,d7325,46.417366
q5298,5,d6103,44.775414
q5298,6,d5236,44.047466
q5298,7,d2061,41.755383
q5298,8,d6540,38.788769
q5298,9,d6235,36.172592
q5298,10,d6397,34.899258
q5299,1,d2469,36.083542
q5299,2,d4219,31.786366
q5299,3,d1789,31.380438
q5299,4,d1101,29.105715
q5299,5,d1626,27.255411
q5299,6,d4954,27.061197
q5299,7,d6163,25.805132
q5299,8,d3898,25.403646
q5299,9,d417,25.362698
q5299,10,d1792,22.899899
q5300,1,d5300,160.937180
q5300,2,d6847,50.178223
q5300,3,d1101,43.293625
q5300,4,d5161,42.217918
q5300,5,d7194,41.756462
q5300,6,d3599,39.208157
q5300,7,d5965,37.479130
q5300,8,d2039,36.605263
q5300,9,d3069,34.620808
q5300,10,d1730,33.353771
q5301,1,d5606,77.065094
q5301,2,d5611,76.457436
q5301,3,d7964,69.110039
q5301,4,d7352,56.470509
q5301,5,d6743,56.323563
q5301,6,d2348,52.096478
q5301,7,d2336,52.096478
q5301,8,d7293,49.536880
q5301,9,d8670,48.916325
q5301,10,d5020,48.184090
q5302,1,d1101,33.551674
q5302,2,d2762,30.551411
q5302,3,d6384,27.901981
q5302,4,d47,26.529556
q5302,5,d7410,26.522692
q5302,6,d4244,23.676767
q5302,7,d4331,22.855391
q5302,8,d5906,22.477358
q5302,9,d7482,22.127701
q5302,10,d4896,21.845051
q5303,1,d1101,25.968811
q5303,2,d1929,22.955204
q5303,3,d2489,20.345926
q5303,4,d305,20.098503
q5303,5,d3394,19.121071
q5303,6,d4149,18.528671
q5303,7,d4331,17.559364
q5303,8,d2913,16.111290
q5303,9,d4308,15.423383
q5303,10,d4171,15.098788
q5304,1,d987,40.185200
q5304,2,d1101,33.400307
q5304,3,d2469,31.127556
q5304,4,d3970,29.833656
q5304,5,d2731,27.848499
q5304,6,d2684,26.898621
q5304,7,d5965,23.548223
q5304,8,d5870,23.224970
q5304,9,d7410,22.699907
q5304,10,d47,21.860729
q5305,1,d3158,113.268448
q5305,2,d5752,83.344292
q5305,3,d6500,78.645531
q5305,4,d8419,73.751480
q5305,5,d8713,71.457512
q5305,6,d4327,62.281075
q5305,7,d2489,61.009827
q5305,8,d3244,60.929806
q5305,9,d1101,55.363754
q5305,10,d4308,55.123737
q5306,1,d1101,101.889084
q5306,2,d5053,82.826683
q5306,3,d5236,70.822533
q5306,4,d7325,69.626045
q5306,5,d6103,67.163124
q5306,6,d6540,65.954117
q5306,7,d5965,63.811180
q5306,8,d2061,62.633068
q5306,9,d6971,58.966221
q5306,10,d6235,57.716446
q5307,1,d7209,42.311745
q5307,2,d1101,31.022486
q5307,3,d2939,17.387012
q5307,4,d4469,17.245531
q5307,5,d1929,16.880440
q5307,6,d47,16.457830
q5307,7,d1239,16.168222
q5307,8,d7410,15.888166
q5307,9,d4331,15.804565
q5307,10,d4150,15.491146
q5308,1,d135,72.813919
q5308,2,d3658,69.817780
q5308,3,d4383,66.325661
q5308,4,d1058,64.732445
q5308,5,d4010,64.133797
q5308,6,d3805,63.487759
q5308,7,d2882,63.296455
q5308,8,d8574,63.225861
q5308,9,d4730,62.657104
q5308,10,d4308,61.905888
q5309,1,d1799,52.626438
q5309,2,d1559,48.928467
q5309,3,d1101,46.371792
q5309,4,d1881,42.628056
q5309,5,d463,33.057693
q5309,6,d7217,31.937872
q5309,7,d5635,30.514297
q5309,8,d5263,29.468897
q5309,9,d1382,29.070929
q5309,10,d629,26.412632
q5310,1,d1101,51.933613
q5310,2,d4331,25.836153
q5310,3,d3104,23.475874
q5310,4,d2706,22.112276
q5310,5,d47,22.059597
q5310,6,d7410,21.847324
q5310,7,d5716,21.487106
q5310,8,d3316,21.379770
q5310,9,d7121,21.308399
q5310,10,d6368,20.091228
q5311,1,d484,70.661392
q5311,2,d1862,66.691566
q5311,3,d1787,64.880478
q5311,4,d5058,63.254410
q5311,5,d7202,55.486469
q5311,6,d6876,54.754524
q5311,7,d7474,51.773891
q5311,8,d1101,48.602913
q5311,9,d4331,48.187836
q5311,10,d1724,48.076241
q5312,1,d6815,219.649841
q5312,2,d687,158.650192
q5312,3,d4134,153.901993
q5312,4,d2038,133.293076
q5312,5,d5312,129.376205
q5312,6,d4399,109.325333
q5312,7,d2681,105.991409
q5312,8,d3046,103.735298
q5312,9,d4422,95.286453
q5312,10,d2642,89.791649
q5313,1,d1101,54.753498
q5313,2,d1929,46.679668
q5313,3,d4258,45.234699
q5313,4,d4424,44.391895
q5313,5,d2469,42.419838
q5313,6,d5606,38.333939
q5313,7,d3316,34.744431
q5313,8,d685,34.662426
q5313,9,d4171,34.277752
q5313,10,d2673,34.197330
q5314,1,d2818,90.121750
q5314,2,d4346,68.606873
q5314,3,d7994,63.642536
q5314,4,d6971,54.420868
q5314,5,d1991,54.192677
q5314,6,d6743,50.951389
q5314,7,d7293,49.950230
q5314,8,d1101,48.920940
q5314,9,d6164,48.180378
q5314,10,d1337,47.507187
q5315,1,d3625,108.523125
q5315,2,d645,95.197258
q5315,3,d3041,86.792923
q5315,4,d3455,76.072365
q5315,5,d4225,75.626480
q5315,6,d4963,74.373405
q5315,7,d3473,71.361443
q5315,8,d314,67.457314
q5315,9,d133,67.141724
q5315,10,d273,66.714890
q5316,1,d3473,72.797089
q5316,2,d4963,69.631088
q5316,3,d5087,66.644127
q5316,4,d314,63.882019
q5316,5,d7133,63.578835
q5316,6,d133,63.498657
q5316,7,d5597,61.465061
q5316,8,d1101,59.741096
q5316,9,d4331,56.930344
q5316,10,d6757,49.926727
q5317,1,d5648,33.027092
q5317,2,d1799,33.020126
q5317,3,d1559,30.470072
q5317,4,d7117,30.064789
q5317,5,d3536,29.753046
q5317,6,d1029,29.268148
q5317,7,d7259,29.200668
q5317,8,d5307,28.949461
q5317,9,d2944,28.850925
q5317,10,d3297,28.306133
q5318,1,d4432,38.106239
q5318,2,d1671,36.873116
q5318,3,d1101,35.836742
q5318,4,d2728,35.796188
q5318,5,d4165,33.423485
q5318,6,d7067,32.948338
q5318,7,d8024,32.005951
q5318,8,d3373,31.981869
q5318,9,d8606,31.207972
q5318,10,d3768,31.092203
q5319,1,d3378,106.580833
q5319,2,d3889,94.954391
q5319,3,d3270,75.284500
q5319,4,d1980,60.166367
q5319,5,d2884,57.462685
q5319,6,d3983,57.315048
q5319,7,d4135,53.093872
q5319,8,d2732,51.383934
q5319,9,d332,47.280678
q5319,10,d5005,47.027107
q5320,1,d4391,51.766182
q5320,2,d4472,46.264679
q5320,3,d6182,42.757076
q5320,4,d2828,40.844639
q5320,5,d6065,40.457649
q5320,6,d703,39.900627
q5320,7,d1453,39.055237
q5320,8,d420,37.799744
q5320,9,d4404,37.108341
q5320,10,d464,36.425613
q5321,1,d1101,63.469688
q5321,2,d5571,55.305077
q5321,3,d3232,49.216358
q5321,4,d6582,48.151485
q5321,5,d3316,47.483532
q5321,6,d2489,46.906342
q5321,7,d1012,46.699924
q5321,8,d4331,45.406223
q5321,9,d3895,44.945786
q5321,10,d4230,44.029102
q5322,1,d1101,56.647091
q5322,2,d561,54.933670
q5322,3,d4378,54.245419
q5322,4,d8637,49.889263
q5322,5,d7246,49.722412
q5322,6,d4281,46.960373
q5322,7,d8390,45.355915
q5322,8,d1527,45.165913
q5322,9,d5229,44.460819
q5322,10,d7192,44.409424
q5323,1,d7258,35.046684
q5323,2,d1101,34.759377
q5323,3,d8196,31.330368
q5323,4,d6206,27.499346
q5323,5,d6685,26.438099
q5323,6,d7202,26.300283
q5323,7,d4043,26.293562
q5323,8,d543,25.044729
q5323,9,d2702,23.780779
q5323,10,d7955,23.645369
q5324,1,d4331,41.720936
q5324,2,d1101,41.285069
q5324,3,d135,28.259687
q5324,4,d1929,26.917992
q5324,5,d3316,26.537268
q5324,6,d1542,24.751059
q5324,7,d3789,23.840973
q5324,8,d3104,23.475874
q5324,9,d2706,22.112276
q5324,10,d3402,21.931229
q5325,1,d4541,34.602234
q5325,2,d2554,30.775803
q5325,3,d4331,29.519369
q5325,4,d7209,24.509462
q5325,5,d1101,24.167532
q5325,6,d1929,23.526375
q5325,7,d2913,20.756096
q5325,8,d419,20.462053
q5325,9,d165,20.244125
q5325,10,d5765,17.369637
q5326,1,d6192,100.849205
q5326,2,d2960,98.332222
q5326,3,d1622,94.771614
q5326,4,d458,93.686554
q5326,5,d193,90.905624
q5326,6,d6133,89.085152
q5326,7,d1435,85.344864
q5326,8,d3613,79.258957
q5326,9,d6188,77.712105
q5326,10,d8488,77.139000
q5327,1,d7685,49.283829
q5327,2,d281,47.092026
q5327,3,d7492,40.645622
q5327,4,d7209,35.991108
q5327,5,d414,35.511604
q5327,6,d4406,35.436100
q5327,7,d4327,33.531334
q5327,8,d5391,33.255718
q5327,9,d2658,32.308151
q5327,10,d1717,31.013754
q5328,1,d7417,57.013741
q5328,2,d1174,55.452263
q5328,3,d8172,52.710850
q5328,4,d7763,52.018391
q5328,5,d5527,47.482796
q5328,6,d2074,45.689400
q5328,7,d1567,45.629391
q5328,8,d7500,45.063034
q5328,9,d1231,44.835644
q5328,10,d4928,42.951206
q5329,1,d7639,41.195511
q5329,2,d2983,27.983387
q5329,3,d1101,26.751837
q5329,4,d7209,25.938465
q5329,5,d4155,23.374477
q5329,6,d2883,22.903896
q5329,7,d3794,22.451887
q5329,8,d3123,21.196926
q5329,9,d4221,20.809210
q5329,10,d3266,20.435425
q5330,1,d1671,43.317844
q5330,2,d2410,41.514198
q5330,3,d4165,40.712601
q5330,4,d4979,40.457809
q5330,5,d4537,39.783016
q5330,6,d4403,38.814827
q5330,7,d8724,38.814827
q5330,8,d3559,37.751698
q5330,9,d3318,36.801979
q5330,10,d3373,36.586876
q5331,1,d4897,43.766865
q5331,2,d7653,33.412643
q5331,3,d3740,33.268150
q5331,4,d3800,30.096346
q5331,5,d1101,27.555763
q5331,6,d2864,20.058477
q5331,7,d643,18.803787
q5331,8,d5870,16.629915
q5331,9,d2939,15.771145
q5331,10,d4469,15.646571
q5332,1,d4574,185.739258
q5332,2,d5837,136.186111
q5332,3,d3963,118.378403
q5332,4,d4947,114.125618
q5332,5,d804,70.915161
q5332,6,d1101,49.180511
q5332,7,d3933,47.022682
q5332,8,d454,43.266861
q5332,9,d2177,37.120026
q5332,10,d3639,36.962799
q5333,1,d4932,84.979561
q5333,2,d3186,83.508522
q5333,3,d1936,81.784119
q5333,4,d1860,77.314560
q5333,5,d4074,76.437675
q5333,6,d1972,76.038841
q5333,7,d1986,75.615791
q5333,8,d1835,73.651505
q5333,9,d7630,70.872520
q5333,10,d1313,70.258926
q5334,1,d618,72.065720
q5334,2,d163,63.002789
q5334,3,d164,53.931351
q5334,4,d424,51.109505
q5334,5,d6465,47.509926
q5334,6,d5675,46.197674
q5334,7,d2086,45.820438
q5334,8,d4508,45.336475
q5334,9,d2410,45.228584
q5334,10,d4165,44.452229
q5335,1,d6965,52.946545
q5335,2,d3983,51.268227
q5335,3,d6524,44.900917
q5335,4,d2642,41.133797
q5335,5,d2205,40.869576
q5335,6,d3815,40.421326
q5335,7,d8658,38.465233
q5335,8,d5142,38.415901
q5335,9,d6206,38.208839
q5335,10,d1292,37.866573
q5336,1,d1101,33.900108
q5336,2,d1929,29.737183
q5336,3,d4331,26.671547
q5336,4,d3345,17.263277
q5336,5,d7133,16.854101
q5336,6,d47,16.576021
q5336,7,d7410,16.498154
q5336,8,d2913,16.111290
q5336,9,d419,15.970229
q5336,10,d165,15.632811
q5337,1,d2468,93.087036
q5337,2,d390,90.165939
q5337,3,d7508,88.539803
q5337,4,d1078,79.963371
q5337,5,d6214,78.361137
q5337,6,d7642,77.881760
q5337,7,d895,76.294540
q5337,8,d962,75.780350
q5337,9,d5350,70.451904
q5337,10,d8683,70.304993
q5338,1,d2790,162.307129
q5338,2,d2453,141.229446
q5338,3,d496,139.708313
q5338,4,d3212,114.801414
q5338,5,d3858,112.401566
q5338,6,d2237,107.740532
q5338,7,d2844,105.039352
q5338,8,d4900,92.492218
q5338,9,d879,92.375839
q5338,10,d4982,92.283089
q5339,1,d1101,58.965004
q5339,2,d1107,56.192497
q5339,3,d1959,45.374481
q5339,4,d1755,38.385277
q5339,5,d8021,37.991871
q5339,6,d7875,34.489277
q5339,7,d1983,34.246365
q5339,8,d7813,32.803967
q5339,9,d4086,32.802940
q5339,10,d7258,32.630016
q5340,1,d1101,78.726822
q5340,2,d2960,58.068913
q5340,3,d458,57.844616
q5340,4,d3613,43.326130
q5340,5,d6192,42.892300
q5340,6,d1929,41.714340
q5340,7,d1622,41.462585
q5340,8,d193,39.771202
q5340,9,d2104,32.363674
q5340,10,d3631,31.967926
q5341,1,d1101,55.140179
q5341,2,d1929,47.705143
q5341,3,d138,47.604889
q5341,4,d7542,37.119781
q5341,5,d6036,35.948639
q5341,6,d7471,35.112961
q5341,7,d17,34.791348
q5341,8,d4331,32.552044
q5341,9,d8306,31.609724
q5341,10,d3916,31.582523
q5342,1,d3940,268.815735
q5342,2,d4954,102.554550
q5342,3,d1782,92.270775
q5342,4,d2594,84.922050
q5342,5,d2469,78.065102
q5342,6,d4885,73.144287
q5342,7,d1789,70.601387
q5342,8,d4555,68.367615
q5342,9,d4916,68.203697
q5342,10,d685,61.381203
q5343,1,d6465,47.069229
q5343,2,d5675,42.846569
q5343,3,d6606,40.259724
q5343,4,d1671,40.176292
q5343,5,d4896,38.900257
q5343,6,d2410,35.418495
q5343,7,d6388,35.242630
q5343,8,d5716,34.418949
q5343,9,d7121,34.122398
q5343,10,d1101,33.942703
q5344,1,d1101,86.754990
q5344,2,d3442,86.131615
q5344,3,d8703,76.635605
q5344,4,d1487,72.405113
q5344,5,d6713,66.757576
q5344,6,d2579,63.400368
q5344,7,d3802,63.140411
q5344,8,d3840,62.487518
q5344,9,d3501,58.894230
q5344,10,d2104,57.583118
q5345,1,d4077,96.249428
q5345,2,d8579,70.783890
q5345,3,d8707,61.367065
q5345,4,d4531,44.619625
q5345,5,d2755,39.229645
q5345,6,d3507,37.908096
q5345,7,d8510,35.883720
q5345,8,d5345,35.647423
q5345,9,d2516,34.362312
q5345,10,d8414,33.968784
q5346,1,d2154,77.197289
q5346,2,d258,68.230286
q5346,3,d2471,64.598015
q5346,4,d1317,60.868248
q5346,5,d6133,60.408928
q5346,6,d1452,57.082523
q5346,7,d7534,55.991920
q5346,8,d7209,53.406845
q5346,9,d1101,53.029560
q5346,10,d5963,52.879017
q5347,1,d1101,78.452339
q5347,2,d4561,78.090538
q5347,3,d7155,71.674309
q5347,4,d8236,62.427265
q5347,5,d1318,57.179813
q5347,6,d6490,52.064255
q5347,7,d2919,49.081207
q5347,8,d7202,48.822308
q5347,9,d2503,47.737148
q5347,10,d6687,47.309784
q5348,1,d1101,77.869263
q5348,2,d5348,74.688538
q5348,3,d7932,60.947861
q5348,4,d1165,58.888988
q5348,5,d6703,58.352516
q5348,6,d2702,56.194302
q5348,7,d3555,55.852356
q5348,8,d6638,55.053288
q5348,9,d4499,53.166786
q5348,10,d3840,52.674397
q5349,1,d5053,52.442417
q5349,2,d7325,52.219536
q5349,3,d6103,50.372341
q5349,4,d5236,48.120846
q5349,5,d2061,46.974804
q5349,6,d6540,43.429638
q5349,7,d1748,41.389816
q5349,8,d6235,40.483078
q5349,9,d4881,39.691589
q5349,10,d6397,39.261665
q5350,1,d3074,89.342331
q5350,2,d4611,87.095078
q5350,3,d311,81.168434
q5350,4,d2705,76.656853
q5350,5,d7636,74.685860
q5350,6,d2543,74.412384
q5350,7,d1101,71.178253
q5350,8,d7630,70.877403
q5350,9,d4932,64.771629
q5350,10,d1227,60.314171
q5351,1,d1101,49.905045
q5351,2,d6465,44.679138
q5351,3,d217,35.553001
q5351,4,d2410,34.759995
q5351,5,d4165,29.859011
q5351,6,d8724,29.553001
q5351,7,d4403,29.553001
q5351,8,d4432,28.352808
q5351,9,d2588,27.368282
q5351,10,d3373,26.097313
q5352,1,d7819,65.619301
q5352,2,d481,62.658882
q5352,3,d7460,58.411575
q5352,4,d453,54.413437
q5352,5,d2937,52.904335
q5352,6,d436,50.810383
q5352,7,d5303,50.049778
q5352,8,d6638,49.737782
q5352,9,d1101,49.614914
q5352,10,d8701,48.572868
q5353,1,d1101,96.608704
q5353,2,d2524,91.817444
q5353,3,d5965,90.629517
q5353,4,d7211,88.672791
q5353,5,d8036,86.036377
q5353,6,d5870,85.656906
q5353,7,d7132,80.765305
q5353,8,d6435,78.660919
q5353,9,d7756,75.964066
q5353,10,d8060,74.998116
q5354,1,d4963,60.780899
q5354,2,d1755,54.698200
q5354,3,d3473,54.232758
q5354,4,d1776,53.403126
q5354,5,d4268,52.583279
q5354,6,d5460,49.876026
q5354,7,d4838,49.279202
q5354,8,d2092,47.368176
q5354,9,d2104,47.175484
q5354,10,d314,47.049126
q5355,1,d4077,47.600933
q5355,2,d6631,37.494045
q5355,3,d175,32.111916
q5355,4,d4431,30.880440
q5355,5,d4690,30.031282
q5355,6,d8579,29.847250
q5355,7,d2880,29.805069
q5355,8,d1101,29.749424
q5355,9,d2690,29.574215
q5355,10,d2749,29.403742
q5356,1,d1615,146.135117
q5356,2,d4620,123.570679
q5356,3,d4759,122.770897
q5356,4,d4954,114.008629
q5356,5,d2469,99.183853
q5356,6,d1626,92.349594
q5356,7,d4322,89.508614
q5356,8,d2594,86.930565
q5356,9,d4983,83.066185
q5356,10,d1118,81.941032
q5357,1,d1101,72.676933
q5357,2,d2762,58.681904
q5357,3,d5906,52.524422
q5357,4,d7352,51.920631
q5357,5,d5053,50.268711
q5357,6,d7482,49.028610
q5357,7,d6384,48.656288
q5357,8,d5236,47.485592
q5357,9,d7325,46.417366
q5357,10,d469,44.899052
q5358,1,d5358,45.324677
q5358,2,d5969,34.574364
q5358,3,d5134,32.734581
q5358,4,d6388,31.750652
q5358,5,d7414,31.498425
q5358,6,d7077,31.030191
q5358,7,d2749,27.181372
q5358,8,d7460,26.436550
q5358,9,d6004,25.439718
q5358,10,d6354,25.439718
q5359,1,d1101,57.760109
q5359,2,d1929,42.167931
q5359,3,d4331,32.792900
q5359,4,d2913,27.577774
q5359,5,d419,23.706503
q5359,6,d165,23.267740
q5359,7,d3316,22.670633
q5359,8,d469,22.117254
q5359,9,d5765,21.712046
q5359,10,d7133,21.584723
q5360,1,d2876,78.272736
q5360,2,d480,67.267334
q5360,3,d3572,61.630466
q5360,4,d4486,58.549725
q5360,5,d6895,57.840889
q5360,6,d1318,55.090225
q5360,7,d5238,51.716934
q5360,8,d8026,43.076099
q5360,9,d3711,42.525131
q5360,10,d4575,40.464336
q5361,1,d1101,82.097359
q5361,2,d3542,71.956367
q5361,3,d4115,61.490913
q5361,4,d7123,51.142242
q5361,5,d817,48.993168
q5361,6,d6182,47.642502
q5361,7,d3316,45.408791
q5361,8,d6128,42.236263
q5361,9,d7209,41.925201
q5361,10,d4156,41.010300
q5362,1,d4309,58.782646
q5362,2,d3954,56.101658
q5362,3,d3842,54.729637
q5362,4,d3301,53.478004
q5362,5,d466,53.389668
q5362,6,d4922,50.327324
q5362,7,d3213,49.753365
q5362,8,d7053,49.440304
q5362,9,d4537,49.069389
q5362,10,d3559,48.270752
q5363,1,d3999,65.656784
q5363,2,d6876,57.789017
q5363,3,d1739,51.995602
q5363,4,d26,42.415131
q5363,5,d4011,36.109928
q5363,6,d6620,33.167873
q5363,7,d7233,30.066576
q5363,8,d1787,29.447739
q5363,9,d5965,25.420517
q5363,10,d1101,25.343935
q5364,1,d6409,56.572678
q5364,2,d817,50.661839
q5364,3,d1814,45.950802
q5364,4,d2489,37.219696
q5364,5,d135,33.030689
q5364,6,d7989,30.069321
q5364,7,d7123,29.949684
q5364,8,d1101,29.589441
q5364,9,d4149,27.835476
q5364,10,d4308,27.800228
q5365,1,d503,85.238304
q5365,2,d561,82.797844
q5365,3,d4378,80.207153
q5365,4,d2261,78.676712
q5365,5,d821,78.217560
q5365,6,d7114,72.883583
q5365,7,d8390,71.998024
q5365,8,d6293,70.373199
q5365,9,d8637,69.844971
q5365,10,d7246,69.195641
q5366,1,d3603,72.797478
q5366,2,d2762,35.622814
q5366,3,d1778,35.337910
q5366,4,d1627,34.082539
q5366,5,d8701,33.316456
q5366,6,d4896,33.313099
q5366,7,d7989,31.392712
q5366,8,d152,30.717043
q5366,9,d5906,30.448458
q5366,10,d1101,29.854834
q5367,1,d6192,60.534458
q5367,2,d2960,59.565502
q5367,3,d1622,53.309036
q5367,4,d458,52.698696
q5367,5,d193,51.134407
q5367,6,d3613,44.583168
q5367,7,d2534,36.951832
q5367,8,d1101,30.880196
q5367,9,d1747,27.643351
q5367,10,d5053,27.583271
q5368,1,d217,35.635826
q5368,2,d68,33.939812
q5368,3,d4406,33.542145
q5368,4,d7685,32.112480
q5368,5,d4505,31.398968
q5368,6,d2728,30.379925
q5368,7,d4057,28.996883
q5368,8,d8724,28.519642
q5368,9,d281,27.953495
q5368,10,d6465,27.575834
q5369,1,d1665,122.143341
q5369,2,d1615,119.542358
q5369,3,d5656,100.530495
q5369,4,d6668,98.601120
q5369,5,d2844,95.871223
q5369,6,d6814,95.434097
q5369,7,d3212,92.934471
q5369,8,d3858,90.991745
q5369,9,d5369,90.191948
q5369,10,d4174,89.534393
q5370,1,d1646,76.543633
q5370,2,d391,72.271599
q5370,3,d250,70.503494
q5370,4,d4767,67.316719
q5370,5,d1789,60.620182
q5370,6,d2261,58.938271
q5370,7,d2704,56.134865
q5370,8,d4180,52.406544
q5370,9,d5972,51.329811
q5370,10,d654,50.689472
q5371,1,d4954,77.664474
q5371,2,d153,70.051865
q5371,3,d3898,60.070339
q5371,4,d4444,42.558456
q5371,5,d1481,41.875298
q5371,6,d7222,39.842094
q5371,7,d3035,39.575966
q5371,8,d4058,39.299992
q5371,9,d1789,37.620358
q5371,10,d1676,37.176151
q5372,1,d1101,42.133141
q5372,2,d400,37.610287
q5372,3,d1525,35.369904
q5372,4,d1929,33.377926
q5372,5,d5184,32.142757
q5372,6,d5581,31.042976
q5372,7,d481,29.617222
q5372,8,d5460,28.713446
q5372,9,d2823,28.620224
q5372,10,d393,28.011724
q5373,1,d1101,33.117184
q5373,2,d1739,28.812096
q5373,3,d4855,27.063423
q5373,4,d5531,24.729036
q5373,5,d5965,23.417215
q5373,6,d2939,21.927528
q5373,7,d5660,21.731722
q5373,8,d4469,21.728428
q5373,9,d5870,21.173752
q5373,10,d5103,20.797186
q5374,1,d1118,43.897484
q5374,2,d2594,43.531036
q5374,3,d4954,43.134735
q5374,4,d1782,40.962456
q5374,5,d2051,39.195126
q5374,6,d2240,38.009628
q5374,7,d3479,36.501091
q5374,8,d1101,35.627090
q5374,9,d1929,34.649437
q5374,10,d685,34.230659
q5375,1,d250,86.790436
q5375,2,d1646,84.022392
q5375,3,d3652,82.937325
q5375,4,d4767,75.946167
q5375,5,d2727,75.074547
q5375,6,d4989,70.530899
q5375,7,d4858,69.081772
q5375,8,d4691,68.487617
q5375,9,d3448,66.355133
q5375,10,d4281,66.355133
q5376,1,d4240,85.341858
q5376,2,d2555,81.455208
q5376,3,d2688,78.641205
q5376,4,d3954,77.689461
q5376,5,d2754,77.685608
q5376,6,d4448,77.074409
q5376,7,d2840,75.944107
q5376,8,d1942,74.851677
q5376,9,d2755,73.884338
q5376,10,d8707,73.356941
q5377,1,d4938,181.000244
q5377,2,d8248,152.843018
q5377,3,d4337,152.080643
q5377,4,d1101,41.951202
q5377,5,d4564,37.339069
q5377,6,d5870,26.888494
q5377,7,d47,26.877899
q5377,8,d7410,26.287909
q5377,9,d5965,23.822350
q5377,10,d1836,23.052860
q5378,1,d3332,93.847488
q5378,2,d2735,93.796799
q5378,3,d6255,84.733376
q5378,4,d1071,76.388329
q5378,5,d3487,57.520088
q5378,6,d1101,52.029488
q5378,7,d3792,46.675495
q5378,8,d1107,46.600357
q5378,9,d5648,44.843479
q5378,10,d3518,39.915421
q5379,1,d5087,66.644127
q5379,2,d7133,63.954197
q5379,3,d1622,61.125504
q5379,4,d3494,59.302704
q5379,5,d458,57.091351
q5379,6,d3613,55.315189
q5379,7,d2177,53.962833
q5379,8,d7841,49.486099
q5379,9,d7069,48.716927
q5379,10,d4702,45.642788
q5380,1,d1713,84.198997
q5380,2,d6668,69.538498
q5380,3,d6814,59.646317
q5380,4,d1615,46.693138
q5380,5,d1942,45.186394
q5380,6,d4770,35.105011
q5380,7,d1707,35.105011
q5380,8,d7410,34.472988
q5380,9,d1101,34.308723
q5380,10,d47,31.519285
q5381,1,d1101,37.656708
q5381,2,d3316,20.686823
q5381,3,d1724,18.838682
q5381,4,d7202,17.787859
q5381,5,d7258,17.435431
q5381,6,d2939,17.387012
q5381,7,d4791,17.384918
q5381,8,d4469,17.245531
q5381,9,d6737,16.783646
q5381,10,d5870,16.629915
q5382,1,d2154,124.164742
q5382,2,d7534,105.502670
q5382,3,d1791,98.863281
q5382,4,d1317,97.663239
q5382,5,d258,95.330391
q5382,6,d7134,92.190445
q5382,7,d6274,84.955162
q5382,8,d7264,82.092018
q5382,9,d6133,80.752899
q5382,10,d1452,79.328682
q5383,1,d5053,52.442417
q5383,2,d7325,52.219536
q5383,3,d5236,51.558971
q5383,4,d6103,50.372341
q5383,5,d2061,46.974804
q5383,6,d2410,44.388279
q5383,7,d1101,43.343189
q5383,8,d6540,41.500851
q5383,9,d6935,40.862785
q5383,10,d1748,40.182690
q5384,1,d2215,38.781647
q5384,2,d1101,36.751080
q5384,3,d2172,32.343906
q5384,4,d6985,32.310936
q5384,5,d1843,31.731077
q5384,6,d747,31.254393
q5384,7,d1851,31.134947
q5384,8,d8700,30.945595
q5384,9,d7743,29.576675
q5384,10,d8158,28.901041
q5385,1,d1101,72.365250
q5385,2,d4174,68.755135
q5385,3,d250,67.084869
q5385,4,d4932,56.769333
q5385,5,d2653,49.517563
q5385,6,d1860,46.432796
q5385,7,d1858,46.363674
q5385,8,d4074,46.108925
q5385,9,d1776,45.461803
q5385,10,d846,45.279850
q5386,1,d6991,143.642181
q5386,2,d3956,132.838791
q5386,3,d7366,101.665649
q5386,4,d3338,94.121048
q5386,5,d3022,79.311272
q5386,6,d3370,75.108765
q5386,7,d2481,70.657043
q5386,8,d2572,70.227180
q5386,9,d477,65.216568
q5386,10,d2863,64.947166
q5387,1,d1101,55.734383
q5387,2,d1929,49.218510
q5387,3,d555,35.877495
q5387,4,d2489,33.803555
q5387,5,d2559,33.688915
q5387,6,d2104,33.526154
q5387,7,d3316,33.301476
q5387,8,d243,33.122402
q5387,9,d4712,32.287571
q5387,10,d3900,32.201920
q5388,1,d217,38.681625
q5388,2,d3852,35.797623
q5388,3,d3844,35.171753
q5388,4,d1101,33.499069
q5388,5,d1948,32.817924
q5388,6,d1913,32.596485
q5388,7,d1142,31.855444
q5388,8,d3110,31.194363
q5388,9,d91,30.400078
q5388,10,d4403,29.944578
q5389,1,d805,102.424347
q5389,2,d1047,82.399673
q5389,3,d3989,77.745834
q5389,4,d4086,77.253883
q5389,5,d561,76.907143
q5389,6,d4378,71.593201
q5389,7,d271,71.515366
q5389,8,d4673,69.989334
q5389,9,d8637,69.844971
q5389,10,d7246,67.532669
q5390,1,d6668,49.700867
q5390,2,d6814,47.717056
q5390,3,d1101,43.314159
q5390,4,d1717,43.218178
q5390,5,d4613,41.240612
q5390,6,d1713,40.749516
q5390,7,d4712,36.574093
q5390,8,d1551,35.100967
q5390,9,d7400,34.124168
q5390,10,d405,33.604984
q5391,1,d2126,83.018082
q5391,2,d3799,76.695091
q5391,3,d4501,70.653915
q5391,4,d5726,61.142006
q5391,5,d4493,57.920696
q5391,6,d4473,50.962128
q5391,7,d5656,50.265255
q5391,8,d7841,50.237324
q5391,9,d3807,49.039974
q5391,10,d804,48.513329
q5392,1,d4402,50.600647
q5392,2,d5726,41.184776
q5392,3,d2940,40.844639
q5392,4,d5656,40.212208
q5392,5,d4823,38.481766
q5392,6,d2740,37.108341
q5392,7,d7883,36.598011
q5392,8,d6933,35.798752
q5392,9,d2701,34.050781
q5392,10,d4360,33.998959
q5393,1,d1101,41.450638
q5393,2,d1929,36.558907
q5393,3,d2937,32.954830
q5393,4,d760,31.421865
q5393,5,d135,29.420856
q5393,6,d7741,28.558662
q5393,7,d4669,27.767216
q5393,8,d4331,27.470108
q5393,9,d1029,27.315664
q5393,10,d7814,26.635649
q5394,1,d1101,49.379158
q5394,2,d445,27.200638
q5394,3,d6316,26.723881
q5394,4,d3487,24.914417
q5394,5,d2104,24.552952
q5394,6,d7410,24.099054
q5394,7,d47,23.271126
q5394,8,d8606,23.255260
q5394,9,d3316,22.963953
q5394,10,d5870,21.978661
q5395,1,d1101,65.999611
q5395,2,d6384,48.134068
q5395,3,d5053,46.615482
q5395,4,d7325,46.417366
q5395,5,d6103,44.775414
q5395,6,d5236,42.901424
q5395,7,d2762,42.573887
q5395,8,d2061,41.755383
q5395,9,d6540,36.889645
q5395,10,d5870,35.386452
q5396,1,d4675,49.059181
q5396,2,d4579,46.704300
q5396,3,d5919,45.402969
q5396,4,d6944,40.393402
q5396,5,d1165,38.479263
q5396,6,d4773,35.827087
q5396,7,d3553,34.752239
q5396,8,d4954,33.906178
q5396,9,d4615,33.296886
q5396,10,d2844,33.238277
q5397,1,d1101,57.306404
q5397,2,d4331,54.310104
q5397,3,d3104,43.039104
q5397,4,d2706,40.539173
q5397,5,d3316,39.792130
q5397,6,d4966,36.831650
q5397,7,d1070,36.225693
q5397,8,d6003,28.893744
q5397,9,d6244,28.876308
q5397,10,d6368,28.509262
q5398,1,d3625,186.033478
q5398,2,d7672,175.360184
q5398,3,d273,163.464600
q5398,4,d2370,141.473663
q5398,5,d645,106.396935
q5398,6,d4069,97.877602
q5398,7,d3041,97.003860
q5398,8,d5748,93.099869
q5398,9,d1866,91.789330
q5398,10,d3455,85.022057
q5399,1,d2322,66.213020
q5399,2,d1101,60.878574
q5399,3,d47,50.420689
q5399,4,d6737,50.350933
q5399,5,d7410,50.181286
q5399,6,d1716,48.283234
q5399,7,d7128,47.558212
q5399,8,d6641,47.529587
q5399,9,d4260,47.225845
q5399,10,d4718,46.964996
q5400,1,d1666,32.146343
q5400,2,d4603,32.108887
q5400,3,d1070,31.692448
q5400,4,d4354,29.568813
q5400,5,d7989,29.361197
q5400,6,d2880,29.019955
q5400,7,d1458,27.885166
q5400,8,d1518,27.169054
q5400,9,d1101,24.545486
q5400,10,d1940,22.328432
q5401,1,d1955,105.896187
q5401,2,d2685,91.240654
q5401,3,d4272,86.676094
q5401,4,d6255,83.320992
q5401,5,d1101,82.411827
q5401,6,d5450,76.333107
q5401,7,d2112,75.723724
q5401,8,d5660,73.274811
q5401,9,d3297,72.381401
q5401,10,d5611,71.911316
q5402,1,d1101,59.428898
q5402,2,d5965,46.647831
q5402,3,d5870,45.720432
q5402,4,d4036,44.222240
q5402,5,d3896,43.721512
q5402,6,d6631,41.462215
q5402,7,d6555,40.596714
q5402,8,d3757,39.996658
q5402,9,d5543,39.911335
q5402,10,d6971,39.677113
q5403,1,d3378,96.854996
q5403,2,d1047,80.878502
q5403,3,d5912,68.053978
q5403,4,d3270,53.570965
q5403,5,d2099,51.552742
q5403,6,d481,47.197502
q5403,7,d3889,45.795124
q5403,8,d436,43.856133
q5403,9,d4135,43.772800
q5403,10,d6763,42.648914
q5404,1,d4268,31.185251
q5404,2,d6082,26.688753
q5404,3,d5394,25.583048
q5404,4,d1409,25.202875
q5404,5,d8733,24.606403
q5404,6,d2910,24.122711
q5404,7,d7401,23.591282
q5404,8,d5642,23.134531
q5404,9,d2714,21.901194
q5404,10,d5460,21.665930
q5405,1,d135,33.966793
q5405,2,d6687,24.944040
q5405,3,d3080,22.050497
q5405,4,d2937,20.998550
q5405,5,d1101,19.750324
q5405,6,d2104,19.182961
q5405,7,d1626,19.141926
q5405,8,d6783,19.109653
q5405,9,d7989,18.654255
q5405,10,d5819,18.416006
q5406,1,d3898,93.612823
q5406,2,d153,81.026573
q5406,3,d2572,73.175514
q5406,4,d3022,63.622860
q5406,5,d477,60.558239
q5406,6,d2863,60.308086
q5406,7,d3370,59.025661
q5406,8,d4915,57.070576
q5406,9,d2481,55.837570
q5406,10,d3612,55.240837
q5407,1,d1101,44.235504
q5407,2,d4896,39.583607
q5407,3,d1939,37.365116
q5407,4,d4770,37.082432
q5407,5,d1848,36.996338
q5407,6,d8529,34.648689
q5407,7,d243,34.558273
q5407,8,d4331,34.101349
q5407,9,d6705,33.314533
q5407,10,d5965,32.570133
q5408,1,d135,81.500938
q5408,2,d5611,69.546539
q5408,3,d1626,65.241684
q5408,4,d4730,60.331539
q5408,5,d2965,59.338066
q5408,6,d4861,56.201767
q5408,7,d4285,55.797234
q5408,8,d2704,54.575924
q5408,9,d3362,53.966640
q5408,10,d2950,53.699581
q5409,1,d4579,57.970638
q5409,2,d2039,50.420570
q5409,3,d3511,49.386097
q5409,4,d6944,47.903179
q5409,5,d7777,47.726437
q5409,6,d5275,46.639275
q5409,7,d5940,45.507660
q5409,8,d2264,44.905315
q5409,9,d1101,44.528122
q5409,10,d4474,42.873795
q5410,1,d2993,32.441467
q5410,2,d1121,32.369530
q5410,3,d5410,31.276638
q5410,4,d1101,30.144152
q5410,5,d2128,27.549164
q5410,6,d8606,27.319685
q5410,7,d8083,26.222164
q5410,8,d2104,25.885843
q5410,9,d2638,23.836132
q5410,10,d8024,23.415487
q5411,1,d3864,220.115463
q5411,2,d3856,184.229095
q5411,3,d3432,134.771179
q5411,4,d1850,116.821320
q5411,5,d1663,113.806694
q5411,6,d6253,111.304390
q5411,7,d313,109.594490
q5411,8,d6478,108.711403
q5411,9,d1101,108.243774
q5411,10,d7292,107.716423
q5412,1,d1101,58.472069
q5412,2,d6793,54.961868
q5412,3,d4379,32.576290
q5412,4,d7410,28.113211
q5412,5,d47,27.308826
q5412,6,d7800,25.161831
q5412,7,d1798,24.156427
q5412,8,d5870,22.344658
q5412,9,d4896,21.939486
q5412,10,d2864,21.656343
q5413,1,d8529,23.099125
q5413,2,d3220,18.066467
q5413,3,d5184,17.202265
q5413,4,d7433,16.676834
q5413,5,d4314,16.225182
q5413,6,d3611,16.118288
q5413,7,d3016,15.639323
q5413,8,d5460,15.475847
q5413,9,d3255,14.873579
q5413,10,d1032,14.646635
q5414,1,d3653,56.376522
q5414,2,d1101,51.359928
q5414,3,d3839,50.407478
q5414,4,d4455,45.173920
q5414,5,d3955,43.797409
q5414,6,d3316,43.388100
q5414,7,d1929,41.648418
q5414,8,d2489,38.313911
q5414,9,d3285,37.667824
q5414,10,d467,37.618893
q5415,1,d2154,54.413120
q5415,2,d2322,48.250168
q5415,3,d6737,47.751137
q5415,4,d1791,43.434666
q5415,5,d7534,42.639053
q5415,6,d2987,41.671162
q5415,7,d6274,40.199261
q5415,8,d2426,38.565517
q5415,9,d258,35.652580
q5415,10,d7134,35.439232
q5416,1,d1101,43.024506
q5416,2,d1392,39.036381
q5416,3,d2642,38.477482
q5416,4,d4331,30.507090
q5416,5,d5965,29.367504
q5416,6,d1737,29.339453
q5416,7,d5870,27.620489
q5416,8,d5053,26.960974
q5416,9,d6815,26.521599
q5416,10,d6593,26.173500
q5417,1,d1101,50.441586
q5417,2,d1806,46.073307
q5417,3,d3316,43.840466
q5417,4,d4331,40.608238
q5417,5,d1737,38.817291
q5417,6,d3285,37.866276
q5417,7,d4961,36.946640
q5417,8,d3472,34.339657
q5417,9,d2937,33.511894
q5417,10,d2104,33.463829
q5418,1,d7811,33.558659
q5418,2,d7209,32.317684
q5418,3,d3711,31.214464
q5418,4,d1630,23.304216
q5418,5,d5617,21.398142
q5418,6,d1525,19.528131
q5418,7,d4245,19.428688
q5418,8,d3886,19.214537
q5418,9,d2741,18.893225
q5418,10,d1627,18.891756
q5419,1,d3950,56.385632
q5419,2,d6388,50.311691
q5419,3,d5134,49.187698
q5419,4,d666,47.607510
q5419,5,d7414,46.501068
q5419,6,d7077,45.883015
q5419,7,d2093,43.833668
q5419,8,d444,39.377071
q5419,9,d970,38.243240
q5419,10,d5543,36.815964
q5420,1,d3378,40.562023
q5420,2,d1101,35.073784
q5420,3,d1392,34.541420
q5420,4,d3889,30.275129
q5420,5,d2700,29.658154
q5420,6,d2732,27.501190
q5420,7,d3472,26.762903
q5420,8,d4952,25.617130
q5420,9,d4135,25.219320
q5420,10,d5435,25.161713
q5421,1,d4932,92.931091
q5421,2,d4339,90.493599
q5421,3,d4074,89.994820
q5421,4,d357,83.302086
q5421,5,d6063,79.365685
q5421,6,d1936,78.287315
q5421,7,d1860,78.179222
q5421,8,d3043,75.044006
q5421,9,d3186,75.019531
q5421,10,d799,74.448929
q5422,1,d6443,49.218452
q5422,2,d7117,46.475723
q5422,3,d1838,34.526806
q5422,4,d428,30.191740
q5422,5,d1392,29.460239
q5422,6,d3792,26.718498
q5422,7,d1101,25.530861
q5422,8,d6206,23.078581
q5422,9,d6815,22.880445
q5422,10,d3378,22.613495
q5423,1,d3542,97.106506
q5423,2,d4115,94.758636
q5423,3,d3464,89.803352
q5423,4,d8031,88.899727
q5423,5,d6182,76.267944
q5423,6,d5236,48.631634
q5423,7,d5053,46.615482
q5423,8,d7325,46.417366
q5423,9,d6103,44.775414
q5423,10,d1357,43.723160
q5424,1,d4709,38.904861
q5424,2,d1101,36.114700
q5424,3,d1661,35.719669
q5424,4,d5175,30.697632
q5424,5,d2051,28.646544
q5424,6,d1929,28.504229
q5424,7,d2104,27.364624
q5424,8,d5870,26.522497
q5424,9,d3316,26.151648
q5424,10,d4593,26.006733
q5425,1,d1101,59.701996
q5425,2,d3345,52.613041
q5425,3,d3316,52.027260
q5425,4,d3757,45.276554
q5425,5,d1929,43.097511
q5425,6,d2554,42.228271
q5425,7,d8637,42.219746
q5425,8,d1613,41.164497
q5425,9,d3831,40.494221
q5425,10,d4541,40.133171
q5426,1,d4952,69.311562
q5426,2,d1101,64.109970
q5426,3,d4498,62.012249
q5426,4,d201,51.255135
q5426,5,d2937,46.674980
q5426,6,d1929,45.569248
q5426,7,d3745,45.536255
q5426,8,d2965,44.651794
q5426,9,d3789,43.408794
q5426,10,d3316,43.192448
q5427,1,d1101,47.206406
q5427,2,d5435,38.385010
q5427,3,d7601,37.777088
q5427,4,d4156,36.792126
q5427,5,d1482,35.694561
q5427,6,d1720,34.736454
q5427,7,d135,34.278973
q5427,8,d6128,33.538254
q5427,9,d2489,32.830933
q5427,10,d2786,31.958202
q5428,1,d7989,80.900368
q5428,2,d6555,76.160728
q5428,3,d135,67.965363
q5428,4,d2937,67.211044
q5428,5,d4669,67.080612
q5428,6,d6687,65.564804
q5428,7,d2963,64.438766
q5428,8,d4861,64.371002
q5428,9,d4105,63.510963
q5428,10,d1984,62.108818
q5429,1,d4039,118.923622
q5429,2,d1747,105.306862
q5429,3,d1036,96.036186
q5429,4,d7140,86.746262
q5429,5,d1881,85.357666
q5429,6,d8352,82.522453
q5429,7,d5652,80.854019
q5429,8,d1730,80.834900
q5429,9,d6994,79.545776
q5429,10,d1392,79.407310
q5430,1,d4309,71.549805
q5430,2,d3301,67.100594
q5430,3,d3954,66.072044
q5430,4,d217,64.589783
q5430,5,d3842,64.079895
q5430,6,d1948,61.472023
q5430,7,d2755,59.932148
q5430,8,d4403,58.513203
q5430,9,d8724,58.513203
q5430,10,d4537,57.004200
q5431,1,d7702,45.180920
q5431,2,d1101,41.808872
q5431,3,d3861,38.812843
q5431,4,d2676,38.237404
q5431,5,d3943,32.868034
q5431,6,d5957,31.394165
q5431,7,d3212,30.911877
q5431,8,d1461,29.482550
q5431,9,d7482,29.451778
q5431,10,d5431,29.401400
q5432,1,d6815,97.401260
q5432,2,d879,91.694756
q5432,3,d2441,83.864372
q5432,4,d2038,72.692474
q5432,5,d3194,67.489655
q5432,6,d687,66.255188
q5432,7,d5513,65.143753
q5432,8,d1395,64.369141
q5432,9,d1318,63.349724
q5432,10,d2622,62.431274
q5433,1,d2622,133.692581
q5433,2,d3665,123.312935
q5433,3,d1227,120.940796
q5433,4,d417,118.790504
q5433,5,d2672,112.700485
q5433,6,d8145,101.764534
q5433,7,d4863,98.890541
q5433,8,d1318,98.401733
q5433,9,d2897,97.648643
q5433,10,d1101,65.882111
q5434,1,d5606,44.954639
q5434,2,d1101,42.728558
q5434,3,d5611,39.777214
q5434,4,d7352,32.941132
q5434,5,d4262,32.848057
q5434,6,d733,32.529488
q5434,7,d4134,31.813784
q5434,8,d7759,23.892445
q5434,9,d4331,23.580685
q5434,10,d3316,23.367712
q5435,1,d3734,87.467720
q5435,2,d3982,77.360931
q5435,3,d4331,76.202026
q5435,4,d1630,55.453270
q5435,5,d1101,51.460716
q5435,6,d236,50.780151
q5435,7,d1537,50.343662
q5435,8,d2937,48.180576
q5435,9,d3350,47.998589
q5435,10,d3711,45.744488
q5436,1,d2410,47.009426
q5436,2,d3420,37.481174
q5436,3,d4508,37.130119
q5436,4,d1101,36.947548
q5436,5,d8724,36.253277
q5436,6,d4403,36.253277
q5436,7,d7270,35.577927
q5436,8,d1671,35.356041
q5436,9,d6929,35.300907
q5436,10,d4165,33.001392
q5437,1,d2099,152.353745
q5437,2,d3643,113.208862
q5437,3,d1101,83.656052
q5437,4,d561,82.400513
q5437,5,d358,81.905037
q5437,6,d4378,80.410156
q5437,7,d1527,79.774338
q5437,8,d7246,77.701675
q5437,9,d8637,74.833900
q5437,10,d209,70.935158
q5438,1,d4017,69.685631
q5438,2,d2754,43.197189
q5438,3,d1101,39.076431
q5438,4,d4561,37.249752
q5438,5,d8060,34.030212
q5438,6,d5236,32.265068
q5438,7,d3080,31.732416
q5438,8,d5053,29.134678
q5438,9,d7325,29.010857
q5438,10,d6103,27.984631
q5439,1,d3625,44.685993
q5439,2,d1101,42.859238
q5439,3,d1929,41.735916
q5439,4,d645,40.490891
q5439,5,d3041,37.160336
q5439,6,d3394,32.612644
q5439,7,d3455,31.323908
q5439,8,d2489,30.461584
q5439,9,d7743,29.699446
q5439,10,d4331,29.512602
q5440,1,d1101,46.998169
q5440,2,d5870,26.008181
q5440,3,d1929,25.533005
q5440,4,d2104,24.207912
q5440,5,d4427,24.191149
q5440,6,d2939,24.157566
q5440,7,d4469,23.955353
q5440,8,d47,23.538620
q5440,9,d7410,23.237785
q5440,10,d5391,23.116484
q5441,1,d8707,68.993256
q5441,2,d3213,63.593437
q5441,3,d3301,62.159847
q5441,4,d4537,59.848736
q5441,5,d3954,59.256935
q5441,6,d3559,59.235725
q5441,7,d4999,59.204720
q5441,8,d4049,57.849342
q5441,9,d4309,55.448914
q5441,10,d3495,55.405563
q5442,1,d5648,143.406296
q5442,2,d4779,138.642624
q5442,3,d1888,112.548691
q5442,4,d2937,72.848625
q5442,5,d2456,55.787083
q5442,6,d3285,42.739872
q5442,7,d4027,38.500912
q5442,8,d3781,36.949467
q5442,9,d1101,36.074501
q5442,10,d4331,32.431713
q5443,1,d1101,36.109291
q5443,2,d775,31.794052
q5443,3,d4331,24.252523
q5443,4,d152,23.875076
q5443,5,d47,23.051010
q5443,6,d3984,22.939795
q5443,7,d2939,22.848782
q5443,8,d4469,22.670376
q5443,9,d7410,22.548565
q5443,10,d3213,22.335823
q5444,1,d2444,61.303505
q5444,2,d1101,55.618187
q5444,3,d2988,39.567589
q5444,4,d5965,32.763027
q5444,5,d2104,32.594376
q5444,6,d5236,31.359241
q5444,7,d1929,30.886866
q5444,8,d3316,30.628548
q5444,9,d7989,29.105345
q5444,10,d3778,28.892017
q5445,1,d2489,84.586464
q5445,2,d135,84.478607
q5445,3,d4149,75.171555
q5445,4,d4308,74.356415
q5445,5,d3590,71.509659
q5445,6,d192,66.589943
q5445,7,d1101,65.390137
q5445,8,d4010,59.552814
q5445,9,d4393,59.307995
q5445,10,d3658,59.270607
q5446,1,d1101,62.968716
q5446,2,d4331,41.438877
q5446,3,d5702,40.029255
q5446,4,d5435,38.109447
q5446,5,d6384,34.714996
q5446,6,d3316,31.856110
q5446,7,d840,30.842640
q5446,8,d1632,30.827904
q5446,9,d3710,28.984394
q5446,10,d2762,28.584270
q5447,1,d2489,39.837791
q5447,2,d4331,34.472336
q5447,3,d7989,33.686947
q5447,4,d4230,33.309288
q5447,5,d1929,33.225704
q5447,6,d2937,33.202408
q5447,7,d467,32.540329
q5447,8,d3745,32.014133
q5447,9,d1101,30.452032
q5447,10,d8713,30.153320
q5448,1,d1101,54.055733
q5448,2,d7239,52.290592
q5448,3,d2489,49.529972
q5448,4,d7213,49.441494
q5448,5,d1058,48.749096
q5448,6,d2826,45.947895
q5448,7,d6687,45.886890
q5448,8,d2937,45.485226
q5448,9,d135,44.567749
q5448,10,d250,43.979137
q5449,1,d7970,103.819420
q5449,2,d4870,95.798454
q5449,3,d6747,90.142578
q5449,4,d3625,85.620987
q5449,5,d1938,78.996239
q5449,6,d334,76.739830
q5449,7,d2301,72.291496
q5449,8,d470,71.365173
q5449,9,d1101,70.393707
q5449,10,d6729,69.737175
q5450,1,d3931,48.479500
q5450,2,d2551,47.129623
q5450,3,d1311,46.446182
q5450,4,d3892,44.316826
q5450,5,d2841,37.043304
q5450,6,d1101,36.011189
q5450,7,d3494,32.589878
q5450,8,d4769,26.329357
q5450,9,d2700,25.881145
q5450,10,d2731,23.499926
q5451,1,d2807,57.870766
q5451,2,d3581,51.720482
q5451,3,d2038,48.904076
q5451,4,d4004,46.244659
q5451,5,d1861,46.120060
q5451,6,d1615,43.756966
q5451,7,d4896,43.606384
q5451,8,d3842,40.917530
q5451,9,d4525,38.415478
q5451,10,d1101,36.353050
q5452,1,d2673,59.770271
q5452,2,d1101,53.756546
q5452,3,d7114,52.254204
q5452,4,d6521,50.556465
q5452,5,d2177,48.551914
q5452,6,d4493,48.424908
q5452,7,d5917,46.730728
q5452,8,d3314,46.177525
q5452,9,d3310,45.496399
q5452,10,d7841,44.510857
q5453,1,d1624,81.864227
q5453,2,d3080,74.409019
q5453,3,d7550,59.521164
q5453,4,d1101,58.352264
q5453,5,d3335,40.781872
q5453,6,d4911,37.956158
q5453,7,d1659,37.900906
q5453,8,d5965,36.805130
q5453,9,d1462,36.561596
q5453,10,d4902,35.871063
q5454,1,d132,81.759354
q5454,2,d7366,77.152390
q5454,3,d3911,61.933781
q5454,4,d1746,61.054657
q5454,5,d4425,58.046719
q5454,6,d1865,44.710102
q5454,7,d4613,44.360661
q5454,8,d7875,39.185299
q5454,9,d6187,38.058388
q5454,10,d1101,37.812599
q5455,1,d7209,24.509462
q5455,2,d4525,16.221853
q5455,3,d1185,14.929037
q5455,4,d3842,14.490922
q5455,5,d4860,13.977940
q5455,6,d4608,13.848004
q5455,7,d4714,13.602634
q5455,8,d3998,13.363499
q5455,9,d1173,13.155354
q5455,10,d4791,12.801836
q5456,1,d7209,87.985214
q5456,2,d2266,69.135902
q5456,3,d4650,60.973801
q5456,4,d6003,52.973530
q5456,5,d6244,50.876720
q5456,6,d6368,50.477024
q5456,7,d5303,45.366009
q5456,8,d7041,43.331287
q5456,9,d6141,42.414272
q5456,10,d7804,42.385876
q5457,1,d5457,41.072945
q5457,2,d1101,39.161488
q5457,3,d4240,30.774466
q5457,4,d2864,29.405331
q5457,5,d4897,28.502169
q5457,6,d1716,28.247746
q5457,7,d1942,27.752441
q5457,8,d353,27.346085
q5457,9,d7716,26.482716
q5457,10,d3954,26.157450
q5458,1,d5184,45.759148
q5458,2,d1627,40.134361
q5458,3,d4669,37.466640
q5458,4,d3781,36.949467
q5458,5,d956,33.265991
q5458,6,d3345,32.095299
q5458,7,d5261,31.512360
q5458,8,d5236,31.192083
q5458,9,d7333,29.256845
q5458,10,d2939,28.698082
q5459,1,d1101,38.920155
q5459,2,d1945,26.162014
q5459,3,d2679,24.363140
q5459,4,d8701,23.362524
q5459,5,d2489,23.348270
q5459,6,d3705,22.260838
q5459,7,d2937,21.428659
q5459,8,d1029,20.944071
q5459,9,d47,19.859015
q5459,10,d7410,19.417908
q5460,1,d4402,75.900970
q5460,2,d2740,55.662510
q5460,3,d6933,53.698135
q5460,4,d2940,52.767017
q5460,5,d4360,50.998440
q5460,6,d7727,39.195385
q5460,7,d4400,31.808350
q5460,8,d1101,30.462383
q5460,9,d8535,26.579086
q5460,10,d5401,24.583998
q5461,1,d5461,60.081715
q5461,2,d452,53.321491
q5461,3,d2902,52.424000
q5461,4,d192,50.735447
q5461,5,d1101,49.933495
q5461,6,d2702,47.563572
q5461,7,d6944,46.660126
q5461,8,d4288,45.733295
q5461,9,d4000,44.871964
q5461,10,d1671,44.084343
q5462,1,d4574,118.931648
q5462,2,d5837,80.191879
q5462,3,d1101,70.507484
q5462,4,d3963,64.121628
q5462,5,d4947,61.818043
q5462,6,d804,42.939976
q5462,7,d3933,40.305157
q5462,8,d454,37.085880
q5462,9,d1077,36.836044
q5462,10,d153,36.507908
q5463,1,d6248,55.106014
q5463,2,d5599,51.778469
q5463,3,d543,51.560139
q5463,4,d5965,48.391815
q5463,5,d7258,45.580547
q5463,6,d7819,41.474411
q5463,7,d1101,39.860268
q5463,8,d7521,39.064339
q5463,9,d3025,37.992001
q5463,10,d1671,36.725834
q5464,1,d1101,55.168312
q5464,2,d6384,48.160492
q5464,3,d447,38.778641
q5464,4,d7989,35.757465
q5464,5,d4659,35.075813
q5464,6,d2540,32.636810
q5464,7,d3316,32.571220
q5464,8,d3285,32.285603
q5464,9,d3783,31.328339
q5464,10,d3584,29.985487
q5465,1,d1101,48.082111
q5465,2,d3781,36.949467
q5465,3,d3870,33.937916
q5465,4,d2240,31.492416
q5465,5,d7410,30.843079
q5465,6,d3984,30.586393
q5465,7,d4896,30.524673
q5465,8,d2939,29.926418
q5465,9,d47,29.816200
q5465,10,d3213,29.781097
q5466,1,d2154,90.890625
q5466,2,d7534,82.964531
q5466,3,d1791,74.865982
q5466,4,d7134,73.984055
q5466,5,d7233,66.900467
q5466,6,d8379,66.274239
q5466,7,d7505,62.826515
q5466,8,d6133,58.302483
q5466,9,d258,55.137104
q5466,10,d2243,52.665707
q5467,1,d1101,52.202171
q5467,2,d4017,45.709427
q5467,3,d3295,45.322372
q5467,4,d154,42.379250
q5467,5,d5965,27.476208
q5467,6,d3316,26.542999
q5467,7,d1737,24.571653
q5467,8,d3285,23.534950
q5467,9,d7287,22.740719
q5467,10,d1733,22.355068
q5468,1,d8064,93.121033
q5468,2,d1768,87.259697
q5468,3,d298,63.646992
q5468,4,d7631,52.973316
q5468,5,d4993,49.328621
q5468,6,d3150,49.244736
q5468,7,d5652,45.021461
q5468,8,d1950,42.342274
q5468,9,d7633,40.763027
q5468,10,d1958,40.629608
q5469,1,d5606,38.375195
q5469,2,d5611,30.934280
q5469,3,d7352,23.529381
q5469,4,d7759,22.355064
q5469,5,d2939,20.618748
q5469,6,d4469,20.443451
q5469,7,d47,19.806217
q5469,8,d7410,19.280396
q5469,9,d1239,18.907545
q5469,10,d3781,18.474731
q5470,1,d1101,28.873323
q5470,2,d2444,27.770346
q5470,3,d4378,25.142902
q5470,4,d5238,21.970707
q5470,5,d183,21.304848
q5470,6,d243,20.057503
q5470,7,d484,19.779951
q5470,8,d1861,19.374529
q5470,9,d476,18.488150
q5470,10,d7516,18.307364
q5471,1,d1794,107.487610
q5471,2,d8549,101.053474
q5471,3,d5471,100.646896
q5471,4,d804,97.449417
q5471,5,d8527,93.499969
q5471,6,d6862,90.526283
q5471,7,d2500,86.552666
q5471,8,d6960,77.031075
q5471,9,d3963,67.830154
q5471,10,d4395,67.390724
q5472,1,d5606,52.785564
q5472,2,d5394,48.245617
q5472,3,d4637,48.086781
q5472,4,d2358,40.921223
q5472,5,d5611,39.777214
q5472,6,d1101,39.738068
q5472,7,d7759,38.331261
q5472,8,d1472,34.281010
q5472,9,d5175,32.968632
q5472,10,d7352,32.941132
q5473,1,d1101,53.595558
q5473,2,d1929,48.416550
q5473,3,d2679,44.184765
q5473,4,d3705,36.030762
q5473,5,d1945,35.241787
q5473,6,d1239,34.797447
q5473,7,d4331,32.382282
q5473,8,d3973,29.823132
q5473,9,d8606,29.022556
q5473,10,d4350,27.614454
q5474,1,d3815,93.939308
q5474,2,d3983,77.407745
q5474,3,d7814,76.230316
q5474,4,d2334,74.627312
q5474,5,d2642,67.008835
q5474,6,d1688,62.433735
q5474,7,d2812,61.857800
q5474,8,d3889,61.598160
q5474,9,d1673,60.533325
q5474,10,d1980,54.851925
q5475,1,d5053,40.788548
q5475,2,d7325,40.615196
q5475,3,d6103,39.178486
q5475,4,d5236,38.828045
q5475,5,d1101,38.307060
q5475,6,d2061,36.535961
q5475,7,d6540,35.302593
q5475,8,d6235,31.892252
q5475,9,d1748,30.584435
q5475,10,d6397,30.536850
q5476,1,d503,61.054932
q5476,2,d480,55.494946
q5476,3,d821,52.840218
q5476,4,d7114,50.066269
q5476,5,d6293,49.992157
q5476,6,d3155,47.020805
q5476,7,d7743,46.319611
q5476,8,d4493,44.871490
q5476,9,d1737,38.435043
q5476,10,d5581,37.777336
q5477,1,d4230,30.184145
q5477,2,d2489,29.366379
q5477,3,d1101,28.111599
q5477,4,d7989,28.035044
q5477,5,d4604,26.676689
q5477,6,d3745,26.474094
q5477,7,d2937,26.200758
q5477,8,d3316,25.559307
q5477,9,d4131,24.951502
q5477,10,d5435,24.774683
q5478,1,d4069,120.411552
q5478,2,d3022,95.153862
q5478,3,d1615,90.676628
q5478,4,d3370,85.265678
q5478,5,d1761,81.563400
q5478,6,d6415,79.852524
q5478,7,d2481,79.607124
q5478,8,d1626,77.565521
q5478,9,d5748,75.643646
q5478,10,d7672,72.447998
q5479,1,d2572,74.500336
q5479,2,d4918,73.828499
q5479,3,d1101,68.285812
q5479,4,d6465,67.629791
q5479,5,d4627,62.945778
q5479,6,d2410,62.018147
q5479,7,d243,60.116764
q5479,8,d1626,59.291092
q5479,9,d5965,58.069523
q5479,10,d8060,55.793869
q5480,1,d3892,55.733307
q5480,2,d1101,51.306145
q5480,3,d2551,50.964279
q5480,4,d2841,49.248238
q5480,5,d3943,48.064800
q5480,6,d2700,40.337883
q5480,7,d3639,38.518513
q5480,8,d3144,36.659855
q5480,9,d2489,34.733234
q5480,10,d7410,34.552937
q5481,1,d2183,98.052170
q5481,2,d7043,89.532478
q5481,3,d4407,79.606827
q5481,4,d543,75.865448
q5481,5,d6206,75.553131
q5481,6,d6248,74.906494
q5481,7,d8196,73.392693
q5481,8,d7258,69.578003
q5481,9,d7202,68.877609
q5481,10,d6431,66.929184
q5482,1,d7989,46.340385
q5482,2,d3109,42.753712
q5482,3,d1101,39.446686
q5482,4,d201,32.792320
q5482,5,d6717,30.361132
q5482,6,d3316,30.261410
q5482,7,d1929,30.252762
q5482,8,d5978,29.974634
q5482,9,d3464,29.652199
q5482,10,d1392,29.101679
q5483,1,d152,99.149353
q5483,2,d3002,68.709221
q5483,3,d3524,54.034340
q5483,4,d2771,51.122570
q5483,5,d2758,50.220478
q5483,6,d4845,39.709919
q5483,7,d4331,37.728958
q5483,8,d2104,34.975910
q5483,9,d267,32.551842
q5483,10,d217,31.941750
q5484,1,d1101,69.647789
q5484,2,d5965,46.422203
q5484,3,d4331,40.579887
q5484,4,d3316,38.434776
q5484,5,d2051,38.299480
q5484,6,d7621,37.827160
q5484,7,d5870,37.661388
q5484,8,d6206,37.419998
q5484,9,d747,36.888680
q5484,10,d543,35.637791
q5485,1,d5965,46.978317
q5485,2,d4281,31.004333
q5485,3,d4885,30.476788
q5485,4,d5870,30.186022
q5485,5,d401,29.852745
q5485,6,d1101,29.054104
q5485,7,d8612,29.005381
q5485,8,d162,28.444683
q5485,9,d2423,27.483168
q5485,10,d6825,27.297861
q5486,1,d1101,27.540045
q5486,2,d1664,26.052483
q5486,3,d6206,25.663668
q5486,4,d6593,23.382431
q5486,5,d1671,23.075670
q5486,6,d2937,22.272221
q5486,7,d1646,21.797924
q5486,8,d7258,21.379715
q5486,9,d8196,21.277489
q5486,10,d6685,20.216572
q5487,1,d4703,63.912220
q5487,2,d4076,55.123806
q5487,3,d4453,46.574108
q5487,4,d1804,44.030193
q5487,5,d2494,42.185253
q5487,6,d2742,40.811420
q5487,7,d2408,40.074467
q5487,8,d7803,39.914421
q5487,9,d3243,38.552322
q5487,10,d2873,38.542858
q5488,1,d7531,98.600815
q5488,2,d4022,89.415901
q5488,3,d1100,72.045883
q5488,4,d7736,70.776207
q5488,5,d388,54.039310
q5488,6,d5648,42.266212
q5488,7,d1101,40.784370
q5488,8,d2937,37.260368
q5488,9,d6167,36.279324
q5488,10,d8529,35.602028
q5489,1,d7258,101.493614
q5489,2,d8196,98.497421
q5489,3,d3522,88.117874
q5489,4,d285,83.670876
q5489,5,d7202,81.511803
q5489,6,d7955,80.967636
q5489,7,d1949,79.446846
q5489,8,d6490,77.506790
q5489,9,d113,77.298363
q5489,10,d4043,77.053909
q5490,1,d1101,44.897537
q5490,2,d7989,40.041580
q5490,3,d3357,34.079842
q5490,4,d1640,32.339775
q5490,5,d2937,31.954399
q5490,6,d1929,31.293766
q5490,7,d6687,30.891949
q5490,8,d4285,29.475689
q5490,9,d3760,27.604507
q5490,10,d4410,27.300045
q5491,1,d5266,49.799988
q5491,2,d155,46.747437
q5491,3,d7162,45.502163
q5491,4,d3536,42.038574
q5491,5,d4348,37.700127
q5491,6,d645,37.331680
q5491,7,d4163,34.735210
q5491,8,d1098,33.619766
q5491,9,d5957,32.453316
q5491,10,d1806,30.967184
q5492,1,d4769,91.203613
q5492,2,d4938,83.538574
q5492,3,d8248,80.648651
q5492,4,d2148,54.236507
q5492,5,d5654,47.665592
q5492,6,d3598,45.698872
q5492,7,d7900,44.614456
q5492,8,d4494,44.609833
q5492,9,d1101,41.574818
q5492,10,d2065,41.041447
q5493,1,d1729,43.906067
q5493,2,d5493,36.908463
q5493,3,d3192,36.742847
q5493,4,d477,35.710373
q5493,5,d3022,35.318562
q5493,6,d2572,35.113590
q5493,7,d153,32.815491
q5493,8,d2863,32.473583
q5493,9,d3370,31.783047
q5493,10,d4174,31.554228
q5494,1,d226,85.520851
q5494,2,d2471,81.418999
q5494,3,d1101,60.114674
q5494,4,d3671,42.879757
q5494,5,d136,41.156223
q5494,6,d6668,40.043343
q5494,7,d2668,36.415924
q5494,8,d300,35.719086
q5494,9,d7621,33.531036
q5494,10,d7743,32.915131
q5495,1,d8529,46.198254
q5495,2,d3487,38.253033
q5495,3,d1101,37.429432
q5495,4,d4285,36.558994
q5495,5,d2937,34.978775
q5495,6,d7133,27.560743
q5495,7,d4861,26.626545
q5495,8,d4588,24.882723
q5495,9,d3399,24.486988
q5495,10,d2298,24.481924
q5496,1,d1101,31.742695
q5496,2,d1551,23.402332
q5496,3,d1929,23.304792
q5496,4,d845,21.344786
q5496,5,d3285,21.288061
q5496,6,d4331,20.151796
q5496,7,d961,19.991865
q5496,8,d2864,19.469099
q5496,9,d2939,19.309963
q5496,10,d3034,19.282358
q5497,1,d4507,65.910133
q5497,2,d3982,61.687553
q5497,3,d3734,60.493717
q5497,4,d3350,47.818695
q5497,5,d2937,46.298244
q5497,6,d236,42.573460
q5497,7,d4331,41.144951
q5497,8,d1537,40.931374
q5497,9,d4202,39.234390
q5497,10,d2705,39.181747
q5498,1,d4574,95.725395
q5498,2,d3933,60.457733
q5498,3,d1101,56.373497
q5498,4,d454,55.628822
q5498,5,d5837,51.705597
q5498,6,d1481,50.662254
q5498,7,d7209,47.472752
q5498,8,d5965,46.359592
q5498,9,d153,46.276402
q5498,10,d4262,38.322731
q5499,1,d1382,65.409584
q5499,2,d2151,64.135918
q5499,3,d4130,61.903034
q5499,4,d6986,59.396275
q5499,5,d5870,57.664230
q5499,6,d3285,55.305233
q5499,7,d1101,54.655647
q5499,8,d4036,54.468449
q5499,9,d3896,53.111237
q5499,10,d5965,52.218323
q5500,1,d8527,206.479279
q5500,2,d4395,137.874359
q5500,3,d3799,134.868179
q5500,4,d2500,133.021988
q5500,5,d1784,118.008064
q5500,6,d7969,110.422203
q5500,7,d6960,110.157753
q5500,8,d4318,108.506615
q5500,9,d4493,105.458313
q5500,10,d1782,104.079819
q5501,1,d2154,62.784897
q5501,2,d2215,58.331818
q5501,3,d7233,52.927860
q5501,4,d7743,46.122044
q5501,5,d1843,43.000103
q5501,6,d7024,41.276630
q5501,7,d1101,41.268322
q5501,8,d7534,40.528221
q5501,9,d6195,39.697071
q5501,10,d2244,39.393391
q5502,1,d4824,78.173645
q5502,2,d2965,75.871368
q5502,3,d2937,73.497704
q5502,4,d135,72.926796
q5502,5,d4105,71.302315
q5502,6,d6555,70.128601
q5502,7,d6687,68.858345
q5502,8,d3896,67.164108
q5502,9,d4706,66.135490
q5502,10,d8060,65.994820
q5503,1,d1949,29.479193
q5503,2,d1101,26.124884
q5503,3,d3612,25.069178
q5503,4,d1036,24.454409
q5503,5,d2481,23.050728
q5503,6,d477,21.842077
q5503,7,d6685,21.541338
q5503,8,d8606,20.119564
q5503,9,d332,19.987757
q5503,10,d3022,19.576265
q5504,1,d1101,72.012810
q5504,2,d4331,54.693230
q5504,3,d1630,51.110104
q5504,4,d4507,50.436340
q5504,5,d6825,44.132057
q5504,6,d2895,42.654667
q5504,7,d2937,41.509068
q5504,8,d446,40.421303
q5504,9,d1627,40.070538
q5504,10,d1646,38.496181
q5505,1,d5505,72.676666
q5505,2,d2842,72.658966
q5505,3,d3796,62.734592
q5505,4,d5965,60.575340
q5505,5,d5870,59.669273
q5505,6,d8549,58.054623
q5505,7,d6971,57.773254
q5505,8,d5660,56.745552
q5505,9,d6248,55.725677
q5505,10,d5531,53.733276
q5506,1,d4262,79.944550
q5506,2,d3234,67.565178
q5506,3,d242,64.357025
q5506,4,d1881,59.160999
q5506,5,d1626,52.593628
q5506,6,d439,52.435799
q5506,7,d1559,52.296085
q5506,8,d4593,50.106163
q5506,9,d3835,49.876820
q5506,10,d1799,48.247860
q5507,1,d4885,42.667500
q5507,2,d3940,37.977295
q5507,3,d1101,31.180758
q5507,4,d5606,28.820734
q5507,5,d623,25.200222
q5507,6,d5005,24.726437
q5507,7,d5187,23.997091
q5507,8,d7318,23.687704
q5507,9,d5870,23.224970
q5507,10,d2937,22.925310
q5508,1,d1101,82.878632
q5508,2,d4331,36.803738
q5508,3,d5870,35.386452
q5508,4,d1636,34.417080
q5508,5,d5965,33.793457
q5508,6,d3842,33.280994
q5508,7,d1630,32.949570
q5508,8,d8060,29.391098
q5508,9,d1974,27.738468
q5508,10,d4073,27.738468
q5509,1,d8114,65.406914
q5509,2,d4782,61.237633
q5509,3,d332,60.671021
q5509,4,d3828,59.609215
q5509,5,d3832,57.754601
q5509,6,d4127,57.306126
q5509,7,d1101,55.123970
q5509,8,d5801,54.895996
q5509,9,d560,48.770691
q5509,10,d1949,46.962036
q5510,1,d1101,45.623787
q5510,2,d5386,41.378593
q5510,3,d1709,37.467609
q5510,4,d2079,33.572727
q5510,5,d112,32.133713
q5510,6,d6043,31.963060
q5510,7,d4546,31.805792
q5510,8,d4765,30.673897
q5510,9,d8002,30.448483
q5510,10,d5965,30.331013
q5511,1,d1706,44.127998
q5511,2,d153,43.777695
q5511,3,d1101,32.761093
q5511,4,d1653,32.545891
q5511,5,d4135,32.539005
q5511,6,d4289,29.498430
q5511,7,d152,28.420246
q5511,8,d1615,27.416067
q5511,9,d4837,27.225376
q5511,10,d2681,27.052031
q5512,1,d846,20.252871
q5512,2,d2937,18.584488
q5512,3,d1029,16.832489
q5512,4,d1101,16.451994
q5512,5,d2726,15.505886
q5512,6,d7989,14.824590
q5512,7,d135,14.539897
q5512,8,d5606,14.410367
q5512,9,d2104,14.147834
q5512,10,d5251,14.032398
q5513,1,d1287,71.828186
q5513,2,d7492,62.008003
q5513,3,d6304,60.032787
q5513,4,d7209,59.340939
q5513,5,d1955,41.471809
q5513,6,d3487,36.932667
q5513,7,d4615,36.460697
q5513,8,d5124,35.536270
q5513,9,d6316,34.426254
q5513,10,d4409,33.349411
q5514,1,d5514,55.458069
q5514,2,d1101,46.066517
q5514,3,d2724,38.965454
q5514,4,d2828,38.508408
q5514,5,d8196,38.163315
q5514,6,d6206,36.245670
q5514,7,d2763,36.010757
q5514,8,d4383,35.436161
q5514,9,d4613,34.798473
q5514,10,d6490,34.413597
q5515,1,d7064,87.125259
q5515,2,d1101,79.764854
q5515,3,d361,77.479637
q5515,4,d2937,69.102509
q5515,5,d6757,69.053802
q5515,6,d610,67.170517
q5515,7,d3115,66.843307
q5515,8,d1131,65.538712
q5515,9,d314,60.904751
q5515,10,d437,60.770424
q5516,1,d1101,31.676563
q5516,2,d2939,29.619335
q5516,3,d4469,29.380199
q5516,4,d1239,27.609560
q5516,5,d4586,27.199415
q5516,6,d1929,27.165888
q5516,7,d3984,26.763094
q5516,8,d3213,26.058460
q5516,9,d4150,25.967407
q5516,10,d7410,25.501957
q5517,1,d1101,51.188972
q5517,2,d6654,42.801201
q5517,3,d2410,40.841572
q5517,4,d4508,40.388649
q5517,5,d152,40.023403
q5517,6,d2588,38.265320
q5517,7,d6929,38.192516
q5517,8,d2413,38.115520
q5517,9,d4839,37.906048
q5517,10,d2572,37.890881
q5518,1,d2215,77.721024
q5518,2,d7233,66.322212
q5518,3,d2154,61.717880
q5518,4,d1851,60.049126
q5518,5,d7743,59.003994
q5518,6,d1843,54.380501
q5518,7,d2172,52.440105
q5518,8,d5912,51.750324
q5518,9,d1189,50.558796
q5518,10,d6195,49.005905
q5519,1,d4855,61.652321
q5519,2,d4700,54.443996
q5519,3,d1649,46.717548
q5519,4,d3207,43.532963
q5519,5,d2564,36.520714
q5519,6,d356,35.905987
q5519,7,d135,35.784313
q5519,8,d1101,32.574177
q5519,9,d5373,31.816734
q5519,10,d189,31.144981
q5520,1,d1101,50.958641
q5520,2,d8060,50.310593
q5520,3,d5965,44.716557
q5520,4,d7133,37.862404
q5520,5,d5870,36.826107
q5520,6,d3896,33.370487
q5520,7,d4036,33.287807
q5520,8,d7017,33.024223
q5520,9,d5660,31.787298
q5520,10,d3757,31.678934
q5521,1,d1107,53.671867
q5521,2,d4779,47.520176
q5521,3,d2183,46.878326
q5521,4,d5648,44.116840
q5521,5,d7043,42.446655
q5521,6,d1888,41.725143
q5521,7,d2918,36.883915
q5521,8,d1101,36.602551
q5521,9,d1959,35.651970
q5521,10,d4072,35.485565
q5522,1,d5581,49.084724
q5522,2,d1101,45.408676
q5522,3,d2322,41.107040
q5522,4,d6737,39.209179
q5522,5,d1525,37.066353
q5522,6,d7400,33.817482
q5522,7,d5870,33.259827
q5522,8,d5698,32.201313
q5522,9,d7132,32.157692
q5522,10,d7034,32.118931
q5523,1,d5236,26.607908
q5523,2,d5053,23.307743
q5523,3,d7325,23.208685
q5523,4,d6935,22.436092
q5523,5,d6103,22.387705
q5523,6,d1748,21.801075
q5523,7,d2061,20.877691
q5523,8,d4881,20.301073
q5523,9,d893,19.011538
q5523,10,d2939,18.695795
q5524,1,d7685,67.088028
q5524,2,d6465,51.077942
q5524,3,d4406,50.786701
q5524,4,d1639,46.913956
q5524,5,d5675,46.123955
q5524,6,d3178,44.992733
q5524,7,d8652,43.093346
q5524,8,d414,40.584690
q5524,9,d3408,40.006584
q5524,10,d1101,39.727020
q5525,1,d4331,44.675968
q5525,2,d1287,44.569687
q5525,3,d7492,44.506035
q5525,4,d5124,38.182930
q5525,5,d1101,37.978840
q5525,6,d5053,34.961613
q5525,7,d7325,34.813026
q5525,8,d5236,33.608624
q5525,9,d6103,33.581558
q5525,10,d8529,33.462448
q5526,1,d1101,109.086174
q5526,2,d7989,65.357811
q5526,3,d152,63.287594
q5526,4,d865,61.066071
q5526,5,d679,57.982502
q5526,6,d1337,54.821091
q5526,7,d2104,54.671677
q5526,8,d6575,50.030785
q5526,9,d3002,49.970341
q5526,10,d1276,48.936890
q5527,1,d1101,76.315872
q5527,2,d4074,60.848343
q5527,3,d4331,54.044838
q5527,4,d7209,48.632381
q5527,5,d4932,48.054409
q5527,6,d3186,46.402718
q5527,7,d1936,45.870945
q5527,8,d4339,45.687008
q5527,9,d1835,45.052528
q5527,10,d1986,43.893547
q5528,1,d1029,35.853447
q5528,2,d3420,31.837128
q5528,3,d2972,30.297272
q5528,4,d152,28.389608
q5528,5,d2410,28.098179
q5528,6,d7209,26.442167
q5528,7,d7702,26.407528
q5528,8,d3817,26.182436
q5528,9,d7270,25.009109
q5528,10,d189,24.702314
q5529,1,d7162,71.795692
q5529,2,d119,71.256630
q5529,3,d7483,65.815819
q5529,4,d645,65.615585
q5529,5,d4348,64.695213
q5529,6,d7511,59.838905
q5529,7,d510,58.746990
q5529,8,d1098,58.707687
q5529,9,d6581,57.533504
q5529,10,d4163,54.583904
q5530,1,d1101,17.503681
q5530,2,d7410,15.053290
q5530,3,d1671,14.998852
q5530,4,d47,14.972015
q5530,5,d5870,14.212699
q5530,6,d1704,13.540365
q5530,7,d4432,13.157961
q5530,8,d8606,12.575868
q5530,9,d2728,12.145959
q5530,10,d5965,12.119498
q5531,1,d1789,68.827690
q5531,2,d1101,58.404800
q5531,3,d4954,54.035454
q5531,4,d2469,53.730778
q5531,5,d2594,51.179070
q5531,6,d4219,48.100075
q5531,7,d4537,46.645763
q5531,8,d3559,46.307255
q5531,9,d3940,46.093502
q5531,10,d4318,45.974487
q5532,1,d969,115.935753
q5532,2,d1477,110.304108
q5532,3,d1960,106.816643
q5532,4,d3073,95.100990
q5532,5,d3711,93.615982
q5532,6,d4171,90.909309
q5532,7,d4838,86.479973
q5532,8,d2081,84.463188
q5532,9,d5365,84.148720
q5532,10,d3349,81.284103
q5533,1,d4165,35.301018
q5533,2,d1948,35.298504
q5533,3,d217,33.018402
q5533,4,d2728,32.796986
q5533,5,d1626,32.459438
q5533,6,d1101,30.866589
q5533,7,d8414,29.621380
q5533,8,d3373,28.656403
q5533,9,d4766,28.104733
q5533,10,d8440,27.817469
q5534,1,d4395,142.877258
q5534,2,d1748,125.442017
q5534,3,d1101,116.221420
q5534,4,d4954,108.173935
q5534,5,d4322,95.953888
q5534,6,d1615,88.564095
q5534,7,d1118,87.367073
q5534,8,d8549,86.895760
q5534,9,d1782,80.005844
q5534,10,d2051,76.958672
q5535,1,d1843,60.266750
q5535,2,d1494,59.902515
q5535,3,d2572,59.516991
q5535,4,d477,55.879124
q5535,5,d6593,46.002907
q5535,6,d703,45.784035
q5535,7,d3297,42.430679
q5535,8,d1472,41.972557
q5535,9,d3370,40.171040
q5535,10,d3022,39.152531
q5536,1,d3080,55.032734
q5536,2,d1624,42.742714
q5536,3,d1929,37.630188
q5536,4,d1101,36.426575
q5536,5,d7550,34.720673
q5536,6,d3016,33.493523
q5536,7,d4331,31.042028
q5536,8,d3316,30.960777
q5536,9,d1722,28.420935
q5536,10,d2823,27.523035
q5537,1,d1794,83.596268
q5537,2,d6862,73.552612
q5537,3,d8549,72.738655
q5537,4,d8527,72.032326
q5537,5,d5471,71.801361
q5537,6,d2500,65.326942
q5537,7,d804,65.003166
q5537,8,d4395,61.139408
q5537,9,d6960,59.687851
q5537,10,d3963,55.112000
q5538,1,d4027,83.759293
q5538,2,d1888,64.783188
q5538,3,d2937,63.518898
q5538,4,d4779,62.504440
q5538,5,d1101,62.318634
q5538,6,d5648,60.231792
q5538,7,d846,57.802872
q5538,8,d5594,55.369690
q5538,9,d1392,54.411167
q5538,10,d7875,54.339890
q5539,1,d1101,32.224766
q5539,2,d5435,30.317926
q5539,3,d3472,28.577795
q5539,4,d7743,28.164461
q5539,5,d1813,27.599733
q5539,6,d1737,27.347000
q5539,7,d1929,27.008905
q5539,8,d3394,26.699446
q5539,9,d8701,25.818178
q5539,10,d1639,25.797155
q5540,1,d1101,30.076174
q5540,2,d1929,23.623234
q5540,3,d1029,21.935507
q5540,4,d3316,21.202433
q5540,5,d4331,21.043770
q5540,6,d5648,17.407778
q5540,7,d5435,16.574165
q5540,8,d1656,15.569361
q5540,9,d3588,15.479281
q5540,10,d3394,15.441381
q5541,1,d1881,89.330872
q5541,2,d4983,83.329803
q5541,3,d1392,82.745728
q5541,4,d8352,82.522453
q5541,5,d1799,77.440598
q5541,6,d4593,73.943359
q5541,7,d1559,71.961494
q5541,8,d4039,67.922638
q5541,9,d463,62.409218
q5541,10,d1101,62.380424
q5542,1,d1287,48.054325
q5542,2,d1902,39.772518
q5542,3,d7209,36.377651
q5542,4,d2104,32.240318
q5542,5,d2677,31.125046
q5542,6,d472,30.323547
q5542,7,d242,27.705549
q5542,8,d7492,26.381945
q5542,9,d3297,26.133572
q5542,10,d6304,25.541574
q5543,1,d7258,46.795628
q5543,2,d5870,40.810604
q5543,3,d6971,35.697411
q5543,4,d4036,35.556175
q5543,5,d1101,35.392292
q5543,6,d3896,34.898239
q5543,7,d2705,34.429749
q5543,8,d8060,33.999638
q5543,9,d6631,33.733059
q5543,10,d1949,33.604225
q5544,1,d5266,80.894745
q5544,2,d4963,72.932007
q5544,3,d3704,70.976868
q5544,4,d3473,66.718155
q5544,5,d5597,64.862564
q5544,6,d314,64.716682
q5544,7,d6443,64.374954
q5544,8,d133,64.149872
q5544,9,d3690,62.732956
q5544,10,d6757,54.341122
q5545,1,d5675,118.203911
q5545,2,d4165,78.634087
q5545,3,d217,76.822342
q5545,4,d3373,73.686905
q5545,5,d8724,73.496826
q5545,6,d4654,70.195900
q5545,7,d4403,68.778015
q5545,8,d6465,68.444817
q5545,9,d3318,67.723045
q5545,10,d2572,66.049408
q5546,1,d6465,47.600712
q5546,2,d2410,47.171509
q5546,3,d4508,46.905716
q5546,4,d2413,45.931305
q5546,5,d6929,43.975735
q5546,6,d6606,40.215881
q5546,7,d7270,39.441116
q5546,8,d152,39.436954
q5546,9,d7067,37.945244
q5546,10,d3420,37.481174
q5547,1,d8724,103.347954
q5547,2,d217,97.397545
q5547,3,d6465,92.102722
q5547,4,d4403,91.612137
q5547,5,d6606,83.131714
q5547,6,d91,80.697235
q5547,7,d487,79.078224
q5547,8,d1913,76.594749
q5547,9,d2572,75.826385
q5547,10,d1948,75.632545
q5548,1,d1513,101.577362
q5548,2,d152,90.596725
q5548,3,d6713,89.015884
q5548,4,d3002,84.376610
q5548,5,d1101,80.645561
q5548,6,d8060,73.381172
q5548,7,d1653,72.257355
q5548,8,d2681,64.924881
q5548,9,d4422,63.183712
q5548,10,d2771,61.012291
q5549,1,d2051,71.389633
q5549,2,d1101,55.386108
q5549,3,d2469,53.881950
q5549,4,d1118,52.949265
q5549,5,d8060,51.612076
q5549,6,d5870,50.703182
q5549,7,d4036,46.490608
q5549,8,d4620,46.370655
q5549,9,d3896,45.249260
q5549,10,d6971,45.003345
q5550,1,d4325,55.164116
q5550,2,d112,47.308018
q5550,3,d1615,45.136765
q5550,4,d1101,39.795326
q5550,5,d3744,39.706211
q5550,6,d3901,38.973541
q5550,7,d7983,33.946110
q5550,8,d2467,33.485764
q5550,9,d4171,27.035101
q5550,10,d327,25.351831
q5551,1,d1101,50.522530
q5551,2,d4808,48.130150
q5551,3,d8711,43.833599
q5551,4,d765,42.933071
q5551,5,d152,41.633999
q5551,6,d4582,41.302845
q5551,7,d7215,37.198776
q5551,8,d5965,36.907162
q5551,9,d5870,34.506138
q5551,10,d7410,34.405098
q5552,1,d1101,54.113087
q5552,2,d7258,42.800793
q5552,3,d6206,42.155933
q5552,4,d8196,40.070419
q5552,5,d3522,39.985390
q5552,6,d2702,37.874290
q5552,7,d6490,33.100868
q5552,8,d1724,33.020027
q5552,9,d7202,32.712379
q5552,10,d686,31.779800
q5553,1,d7209,86.649834
q5553,2,d6465,49.186756
q5553,3,d5675,44.131443
q5553,4,d2410,39.272518
q5553,5,d4508,38.176281
q5553,6,d6929,35.758907
q5553,7,d2413,35.729015
q5553,8,d2086,33.754482
q5553,9,d1671,33.569931
q5553,10,d6606,32.704086
q5554,1,d1101,33.719704
q5554,2,d6128,27.328194
q5554,3,d4828,26.223188
q5554,4,d1118,25.649282
q5554,5,d8701,24.585646
q5554,6,d3658,23.736618
q5554,7,d8663,23.727152
q5554,8,d2489,23.604658
q5554,9,d192,23.339535
q5554,10,d4156,23.128000
q5555,1,d6734,86.930481
q5555,2,d1117,84.607239
q5555,3,d347,79.398575
q5555,4,d2505,71.493973
q5555,5,d1101,59.938141
q5555,6,d238,58.822018
q5555,7,d3604,57.396816
q5555,8,d434,57.070156
q5555,9,d962,52.560921
q5555,10,d292,51.150043
q5556,1,d1929,35.343933
q5556,2,d1101,35.190071
q5556,3,d2489,34.659111
q5556,4,d4308,30.751423
q5556,5,d4149,30.344162
q5556,6,d5435,29.021944
q5556,7,d3590,27.275505
q5556,8,d135,26.827621
q5556,9,d192,26.791950
q5556,10,d3394,26.699444
q5557,1,d1101,33.524616
q5557,2,d8713,26.344149
q5557,3,d3316,25.655506
q5557,4,d2937,23.006002
q5557,5,d1029,18.312769
q5557,6,d2489,17.881575
q5557,7,d7989,17.247156
q5557,8,d3074,17.213947
q5557,9,d2939,17.079927
q5557,10,d2104,17.003172
q5558,1,d543,52.249733
q5558,2,d4574,50.209011
q5558,3,d6431,50.080921
q5558,4,d4049,48.846424
q5558,5,d6248,47.947357
q5558,6,d4330,46.480019
q5558,7,d5837,45.395355
q5558,8,d3495,44.820934
q5558,9,d7258,44.537720
q5558,10,d7819,41.485428
q5559,1,d3830,46.412167
q5559,2,d1677,44.147415
q5559,3,d2341,41.547089
q5559,4,d503,37.558987
q5559,5,d2733,37.127941
q5559,6,d5061,35.961452
q5559,7,d4235,34.542274
q5559,8,d1227,32.218681
q5559,9,d821,31.275326
q5559,10,d3155,30.236500
q5560,1,d7209,59.340939
q5560,2,d1287,23.942726
q5560,3,d7492,22.419168
q5560,4,d5991,17.783405
q5560,5,d6304,17.027716
q5560,6,d2478,16.401100
q5560,7,d3316,16.364223
q5560,8,d1029,15.765431
q5560,9,d4331,15.293989
q5560,10,d3345,14.916056
q5561,1,d5561,76.133324
q5561,2,d4137,62.219509
q5561,3,d4177,56.529205
q5561,4,d1799,53.156303
q5561,5,d1101,52.223804
q5561,6,d1559,49.735920
q5561,7,d1392,46.831764
q5561,8,d1881,44.345364
q5561,9,d463,44.257832
q5561,10,d1047,35.808392
q5562,1,d1101,67.825951
q5562,2,d4331,48.169472
q5562,3,d8527,47.083984
q5562,4,d3799,43.579350
q5562,5,d4993,42.806980
q5562,6,d2500,42.120071
q5562,7,d8549,41.152447
q5562,8,d47,40.808178
q5562,9,d7410,40.256367
q5562,10,d135,39.731590
q5563,1,d5563,57.872192
q5563,2,d1101,31.361265
q5563,3,d3792,29.335583
q5563,4,d5087,26.657648
q5563,5,d6390,25.307961
q5563,6,d7133,25.180897
q5563,7,d8064,24.489891
q5563,8,d7682,24.476431
q5563,9,d3316,24.120554
q5563,10,d6825,23.255619
q5564,1,d1101,61.466316
q5564,2,d2832,50.938576
q5564,3,d3357,47.907936
q5564,4,d135,44.281441
q5564,5,d4824,41.910229
q5564,6,d2925,40.986782
q5564,7,d4706,38.435604
q5564,8,d2818,38.363449
q5564,9,d6845,37.822845
q5564,10,d4730,36.439598
q5565,1,d5922,50.272236
q5565,2,d7162,43.812649
q5565,3,d1789,43.633820
q5565,4,d4954,40.287815
q5565,5,d645,37.212219
q5565,6,d1101,33.417561
q5565,7,d1098,33.224407
q5565,8,d4348,32.314396
q5565,9,d4000,31.365540
q5565,10,d4163,29.773039
q5566,1,d4740,82.809799
q5566,2,d5277,78.908051
q5566,3,d5012,76.071083
q5566,4,d4493,73.162712
q5566,5,d7114,67.147171
q5566,6,d4329,65.620468
q5566,7,d5917,65.606873
q5566,8,d3310,65.528816
q5566,9,d3653,64.252213
q5566,10,d8527,63.863201
q5567,1,d1101,58.644707
q5567,2,d5277,35.561031
q5567,3,d4493,35.481426
q5567,4,d5917,34.372082
q5567,5,d7114,34.334236
q5567,6,d2673,34.113049
q5567,7,d3464,31.788059
q5567,8,d5012,30.359728
q5567,9,d4329,29.739662
q5567,10,d3316,26.970739
q5568,1,d477,52.266483
q5568,2,d1101,49.102219
q5568,3,d7521,47.624184
q5568,4,d1227,44.480621
q5568,5,d3025,43.419430
q5568,6,d1615,43.261600
q5568,7,d4329,42.364605
q5568,8,d5965,42.287937
q5568,9,d6574,41.543106
q5568,10,d3616,40.198441
q5569,1,d2960,47.724270
q5569,2,d400,42.356106
q5569,3,d458,40.585281
q5569,4,d7007,39.899132
q5569,5,d481,37.786747
q5569,6,d1622,37.415634
q5569,7,d6192,36.764828
q5569,8,d1101,34.486095
q5569,9,d193,34.089603
q5569,10,d3285,33.867241
q5570,1,d152,48.839424
q5570,2,d2410,47.835106
q5570,3,d2572,45.606869
q5570,4,d1101,43.066620
q5570,5,d8024,42.982922
q5570,6,d4839,42.726402
q5570,7,d7270,41.236320
q5570,8,d1671,41.203880
q5570,9,d712,41.057053
q5570,10,d6465,40.864693
q5571,1,d5571,92.175140
q5571,2,d3625,52.150734
q5571,3,d1101,48.907497
q5571,4,d7672,33.000641
q5571,5,d4069,30.586754
q5571,6,d5748,29.093714
q5571,7,d2370,28.753853
q5571,8,d645,27.999193
q5571,9,d3060,26.216583
q5571,10,d3041,25.527328
q5572,1,d3359,56.283043
q5572,2,d7721,55.706924
q5572,3,d4566,54.363773
q5572,4,d4479,52.594860
q5572,5,d1101,50.220818
q5572,6,d7270,46.479347
q5572,7,d3420,46.474152
q5572,8,d236,45.645180
q5572,9,d1627,43.818584
q5572,10,d2705,43.667274
q5573,1,d1661,66.293236
q5573,2,d4694,49.056049
q5573,3,d1525,48.029118
q5573,4,d393,44.677750
q5573,5,d5103,44.364441
q5573,6,d5460,43.580383
q5573,7,d1225,43.528221
q5573,8,d4546,43.327366
q5573,9,d5581,42.717793
q5573,10,d400,42.562366
q5574,1,d1107,78.221992
q5574,2,d1955,68.017601
q5574,3,d1101,65.194977
q5574,4,d1959,61.543694
q5574,5,d7287,56.682148
q5574,6,d6316,52.587643
q5574,7,d4579,50.716751
q5574,8,d1617,48.717937
q5574,9,d5543,45.743786
q5574,10,d6944,44.633297
q5575,1,d1799,51.834385
q5575,2,d1559,49.425716
q5575,3,d7217,44.995235
q5575,4,d5635,42.720016
q5575,5,d5263,41.256454
q5575,6,d1881,39.193436
q5575,7,d7161,36.608940
q5575,8,d4848,31.499304
q5575,9,d4027,31.462128
q5575,10,d1585,30.251520
q5576,1,d1665,132.002502
q5576,2,d561,82.400513
q5576,3,d4378,81.061691
q5576,4,d7192,77.349808
q5576,5,d8637,74.833900
q5576,6,d7246,73.544273
q5576,7,d8390,68.033875
q5576,8,d5229,66.691231
q5576,9,d1527,63.939907
q5576,10,d4914,63.018166
q5577,1,d1101,35.910313
q5577,2,d5053,34.961613
q5577,3,d7325,34.813026
q5577,4,d1338,34.083847
q5577,5,d5236,33.608624
q5577,6,d6103,33.581558
q5577,7,d2061,31.316538
q5577,8,d6540,27.667234
q5577,9,d6397,26.925114
q5577,10,d1748,26.892767
q5578,1,d5012,90.735649
q5578,2,d7114,90.526093
q5578,3,d5917,86.942947
q5578,4,d4329,77.726089
q5578,5,d3653,76.638397
q5578,6,d8527,75.794319
q5578,7,d1989,69.492218
q5578,8,d4740,65.042206
q5578,9,d4493,63.167950
q5578,10,d5277,61.977623
q5579,1,d1929,55.782780
q5579,2,d1101,52.441139
q5579,3,d8713,42.907871
q5579,4,d3285,42.524712
q5579,5,d469,40.469578
q5579,6,d3564,40.228653
q5579,7,d4171,38.590199
q5579,8,d4689,37.160614
q5579,9,d5435,35.886372
q5579,10,d1722,35.220402
q5580,1,d250,97.648407
q5580,2,d2727,92.739159
q5580,3,d1646,89.263748
q5580,4,d4989,87.126419
q5580,5,d3652,86.667572
q5580,6,d4858,85.336319
q5580,7,d4691,84.602364
q5580,8,d4281,81.968109
q5580,9,d3448,81.968109
q5580,10,d4767,81.699127
q5581,1,d5992,69.794197
q5581,2,d4907,65.906326
q5581,3,d4665,63.439880
q5581,4,d3569,61.598225
q5581,5,d4574,60.476868
q5581,6,d6734,59.243713
q5581,7,d6642,57.549206
q5581,8,d4668,57.527004
q5581,9,d3932,54.689671
q5581,10,d8318,49.530022
q5582,1,d7743,46.147541
q5582,2,d1101,45.483444
q5582,3,d7363,40.521751
q5582,4,d1083,40.161495
q5582,5,d7024,35.174198
q5582,6,d6195,33.723881
q5582,7,d2092,33.120361
q5582,8,d189,32.615810
q5582,9,d7233,32.418785
q5582,10,d1851,32.303761
q5583,1,d4746,74.422142
q5583,2,d1101,53.541668
q5583,3,d1709,43.246338
q5583,4,d5053,36.885242
q5583,5,d6103,36.604736
q5583,6,d5236,36.338444
q5583,7,d152,36.039921
q5583,8,d7325,34.813026
q5583,9,d1287,33.028679
q5583,10,d2061,31.316538
q5584,1,d3956,80.345985
q5584,2,d3359,75.044052
q5584,3,d3420,60.718246
q5584,4,d2410,59.893646
q5584,5,d4979,57.670776
q5584,6,d2964,56.077763
q5584,7,d1816,55.561283
q5584,8,d2572,55.258663
q5584,9,d1101,54.685555
q5584,10,d4165,54.536968
q5585,1,d3327,79.347221
q5585,2,d4097,78.475327
q5585,3,d4240,65.618385
q5585,4,d2691,65.065086
q5585,5,d3954,65.060173
q5585,6,d1942,64.251068
q5585,7,d2555,62.607964
q5585,8,d353,62.040215
q5585,9,d408,61.738171
q5585,10,d2840,61.475193
q5586,1,d3427,58.337166
q5586,2,d1101,50.645363
q5586,3,d3378,49.428520
q5586,4,d3144,47.690922
q5586,5,d6594,47.065052
q5586,6,d3639,46.959431
q5586,7,d5450,46.660732
q5586,8,d2841,46.431026
q5586,9,d4586,46.300896
q5586,10,d6082,46.135105
q5587,1,d1615,60.625908
q5587,2,d3744,52.488762
q5587,3,d4325,47.225742
q5587,4,d1101,47.222336
q5587,5,d4759,46.844177
q5587,6,d1774,44.600887
q5587,7,d1768,44.471603
q5587,8,d4868,41.256004
q5587,9,d8064,40.395977
q5587,10,d2546,38.596832
q5588,1,d369,55.410397
q5588,2,d7209,42.311745
q5588,3,d1047,28.646713
q5588,4,d6668,25.935268
q5588,5,d4735,25.050583
q5588,6,d6814,23.858528
q5588,7,d1713,20.374760
q5588,8,d3488,17.638382
q5588,9,d2088,17.081669
q5588,10,d2979,16.971148
q5589,1,d8549,47.802372
q5589,2,d4637,44.910324
q5589,3,d2469,42.399437
q5589,4,d153,40.382381
q5589,5,d5394,40.120010
q5589,6,d7209,39.469997
q5589,7,d2358,36.374420
q5589,8,d2333,36.024094
q5589,9,d1676,35.615524
q5589,10,d5175,34.557457
q5590,1,d536,68.064453
q5590,2,d8292,60.431957
q5590,3,d8599,59.215336
q5590,4,d1997,56.919216
q5590,5,d6563,48.517326
q5590,6,d1665,43.521458
q5590,7,d192,43.458805
q5590,8,d3420,43.170944
q5590,9,d152,42.646149
q5590,10,d1732,40.398815
q5591,1,d1101,74.281120
q5591,2,d7989,60.471527
q5591,3,d1630,53.531410
q5591,4,d6384,52.243340
q5591,5,d2540,51.557819
q5591,6,d3783,50.421932
q5591,7,d5870,47.771645
q5591,8,d3584,47.467319
q5591,9,d4712,46.204807
q5591,10,d3258,46.160610
q5592,1,d3378,105.841278
q5592,2,d220,72.804413
q5592,3,d3270,72.280846
q5592,4,d278,67.968887
q5592,5,d1101,64.063377
q5592,6,d257,58.654369
q5592,7,d2681,55.534344
q5592,8,d1711,54.493233
q5592,9,d3317,53.264343
q5592,10,d5543,51.203556
q5593,1,d1101,51.321251
q5593,2,d1929,41.672768
q5593,3,d4331,31.629698
q5593,4,d2913,27.868839
q5593,5,d419,26.950953
q5593,6,d5765,26.054455
q5593,7,d469,25.734489
q5593,8,d3789,25.638908
q5593,9,d5053,25.134359
q5593,10,d3316,24.425104
q5594,1,d7736,141.445084
q5594,2,d4665,109.799812
q5594,3,d8318,91.454239
q5594,4,d4823,90.528610
q5594,5,d330,85.710388
q5594,6,d4884,82.468735
q5594,7,d3434,79.727554
q5594,8,d4022,78.061371
q5594,9,d1101,71.373138
q5594,10,d7531,67.909096
q5595,1,d4422,63.236500
q5595,2,d4135,57.376770
q5595,3,d2642,54.792542
q5595,4,d1101,49.938343
q5595,5,d7734,46.249268
q5595,6,d2681,43.283249
q5595,7,d1653,41.269272
q5595,8,d4551,40.617733
q5595,9,d4459,40.456856
q5595,10,d3983,40.280704
q5596,1,d2497,78.481522
q5596,2,d2586,71.058372
q5596,3,d3465,67.640717
q5596,4,d3115,66.695274
q5596,5,d4218,59.560505
q5596,6,d4888,58.105049
q5596,7,d3282,51.180328
q5596,8,d4072,48.869427
q5596,9,d5597,48.682838
q5596,10,d3297,45.636406
q5597,1,d2586,79.141342
q5597,2,d3465,69.449295
q5597,3,d2497,65.497627
q5597,4,d4888,53.149944
q5597,5,d3115,48.549690
q5597,6,d4963,47.596947
q5597,7,d5597,44.204044
q5597,8,d3282,44.148338
q5597,9,d4988,38.152130
q5597,10,d4218,36.810238
q5598,1,d4665,95.058357
q5598,2,d8318,78.607819
q5598,3,d5992,53.866291
q5598,4,d1925,53.733246
q5598,5,d7056,50.505112
q5598,6,d3932,50.117256
q5598,7,d1101,46.918831
q5598,8,d3211,46.450237
q5598,9,d3598,45.486809
q5598,10,d1261,43.580345
q5599,1,d1101,45.874832
q5599,2,d4327,42.833202
q5599,3,d233,38.439308
q5599,4,d4527,37.696114
q5599,5,d7906,37.059212
q5599,6,d5054,36.733170
q5599,7,d3858,36.588367
q5599,8,d3142,35.853683
q5599,9,d5148,35.504707
q5599,10,d5391,33.928715
q5600,1,d2728,68.101181
q5600,2,d4165,51.365601
q5600,3,d4406,50.786701
q5600,4,d3373,50.148705
q5600,5,d3318,48.079422
q5600,6,d7067,43.410580
q5600,7,d414,43.196987
q5600,8,d7685,42.409859
q5600,9,d4654,41.392052
q5600,10,d8024,40.957951
q5601,1,d6248,82.002563
q5601,2,d5965,73.276581
q5601,3,d1101,71.326645
q5601,4,d6574,70.529922
q5601,5,d543,68.869843
q5601,6,d7258,65.652420
q5601,7,d5870,61.693756
q5601,8,d7521,61.386818
q5601,9,d3025,59.701717
q5601,10,d4036,59.489700
q5602,1,d1101,109.001823
q5602,2,d5236,82.282951
q5602,3,d5053,73.576454
q5602,4,d7325,69.626045
q5602,5,d5602,68.312042
q5602,6,d6103,67.163124
q5602,7,d6235,66.211021
q5602,8,d6935,65.353775
q5602,9,d7989,65.351776
q5602,10,d1337,62.801224
q5603,1,d1671,21.743849
q5603,2,d3984,19.116495
q5603,3,d3213,18.613186
q5603,4,d1101,18.249962
q5603,5,d961,17.969547
q5603,6,d2939,17.694096
q5603,7,d4469,17.559513
q5603,8,d8606,17.143446
q5603,9,d1239,16.786123
q5603,10,d4150,16.318329
q5604,1,d5277,74.939468
q5604,2,d5012,70.839363
q5604,3,d4493,69.483070
q5604,4,d7114,62.366413
q5604,5,d3310,62.233124
q5604,6,d4329,62.155743
q5604,7,d5917,61.261539
q5604,8,d2673,60.219563
q5604,9,d3653,59.833324
q5604,10,d8527,59.360210
q5605,1,d1101,53.585541
q5605,2,d6384,52.578007
q5605,3,d469,46.076687
q5605,4,d6555,45.666481
q5605,5,d6187,45.441116
q5605,6,d5870,45.206120
q5605,7,d54,44.587429
q5605,8,d6631,44.057545
q5605,9,d5965,43.917706
q5605,10,d3922,43.668041
q5606,1,d5606,135.686340
q5606,2,d5134,53.708920
q5606,3,d7414,51.636276
q5606,4,d7077,50.510574
q5606,5,d5611,47.113258
q5606,6,d5716,40.439259
q5606,7,d7121,40.083622
q5606,8,d3522,38.849003
q5606,9,d2773,37.973087
q5606,10,d5676,37.958385
q5607,1,d7960,49.797878
q5607,2,d4855,47.702103
q5607,3,d3087,40.730061
q5607,4,d1739,37.446213
q5607,5,d1083,36.214367
q5607,6,d5648,33.054558
q5607,7,d1101,31.783571
q5607,8,d1922,28.878305
q5607,9,d8515,24.970358
q5607,10,d8196,24.854805
q5608,1,d4112,72.125076
q5608,2,d1627,64.208443
q5608,3,d5053,64.096291
q5608,4,d7325,63.823875
q5608,5,d6103,61.566196
q5608,6,d5236,60.758648
q5608,7,d2061,57.413647
q5608,8,d1630,54.249809
q5608,9,d6540,54.098358
q5608,10,d4525,49.576939
q5609,1,d8529,11.549562
q5609,2,d1225,5.300369
q5609,3,d6028,4.632984
q5609,4,d7463,4.425598
q5609,5,d5468,4.349266
q5609,6,d8218,4.276282
q5609,7,d4268,4.262050
q5609,8,d6292,3.993522
q5609,9,d89,3.984879
q5609,10,d1696,3.781742
q5610,1,d217,43.074726
q5610,2,d5571,43.015060
q5610,3,d4885,42.667500
q5610,4,d8414,41.853146
q5610,5,d1913,38.458836
q5610,6,d3940,37.977295
q5610,7,d185,33.248539
q5610,8,d1101,32.696247
q5610,9,d2755,32.392216
q5610,10,d1626,32.178070
q5611,1,d5611,117.321198
q5611,2,d8527,85.568840
q5611,3,d4329,83.360855
q5611,4,d1101,79.728523
q5611,5,d7114,76.834389
q5611,6,d5917,73.211464
q5611,7,d7743,70.703712
q5611,8,d5012,65.264107
q5611,9,d7759,61.995419
q5611,10,d4493,57.007561
q5612,1,d561,60.427036
q5612,2,d4378,56.251801
q5612,3,d8637,54.878189
q5612,4,d7246,54.071041
q5612,5,d1527,51.553684
q5612,6,d8390,49.891506
q5612,7,d7192,49.313957
q5612,8,d5229,48.906902
q5612,9,d320,46.767208
q5612,10,d2007,42.970718
q5613,1,d1101,60.204834
q5613,2,d381,44.870964
q5613,3,d3296,37.210545
q5613,4,d6384,36.234203
q5613,5,d1613,35.705250
q5613,6,d4331,34.368237
q5613,7,d4588,33.617908
q5613,8,d2051,33.607719
q5613,9,d7410,32.727367
q5613,10,d47,32.604462
q5614,1,d5611,30.260090
q5614,2,d2937,25.199537
q5614,3,d1929,22.525955
q5614,4,d5606,22.398643
q5614,5,d1101,21.775871
q5614,6,d6687,19.267883
q5614,7,d8701,18.945036
q5614,8,d2994,18.405193
q5614,9,d5819,18.209627
q5614,10,d6783,17.248093
q5615,1,d5611,41.994034
q5615,2,d1101,37.608078
q5615,3,d7759,33.391346
q5615,4,d3142,32.387543
q5615,5,d5391,32.309624
q5615,6,d5054,31.871418
q5615,7,d4327,31.804375
q5615,8,d7906,31.070795
q5615,9,d1368,28.359993
q5615,10,d1494,28.075144
q5616,1,d599,53.437473
q5616,2,d3737,48.285645
q5616,3,d2261,39.069427
q5616,4,d3619,31.121553
q5616,5,d329,30.696785
q5616,6,d3348,30.153751
q5616,7,d138,27.344646
q5616,8,d3421,27.031687
q5616,9,d4401,26.362288
q5616,10,d8222,25.533749
q5617,1,d7209,60.500568
q5617,2,d7492,42.134621
q5617,3,d1287,41.592087
q5617,4,d273,39.822159
q5617,5,d4305,33.558659
q5617,6,d4475,31.810898
q5617,7,d6619,31.748688
q5617,8,d4462,29.944937
q5617,9,d6304,25.977365
q5617,10,d1774,25.049419
q5618,1,d1101,34.766495
q5618,2,d132,31.455692
q5618,3,d7366,29.147112
q5618,4,d3249,28.051975
q5618,5,d3911,25.805742
q5618,6,d1746,24.881573
q5618,7,d4425,24.186132
q5618,8,d5965,23.548223
q5618,9,d6128,23.534197
q5618,10,d5870,23.224970
q5619,1,d4960,66.429321
q5619,2,d361,62.986870
q5619,3,d2844,54.068066
q5619,4,d3172,51.565742
q5619,5,d4558,45.712177
q5619,6,d4419,35.274662
q5619,7,d3711,33.871838
q5619,8,d4479,31.454990
q5619,9,d6922,30.833937
q5619,10,d4850,30.603067
q5620,1,d2177,61.500751
q5620,2,d7841,56.513931
q5620,3,d1101,56.513496
q5620,4,d6443,53.406544
q5620,5,d2299,49.493366
q5620,6,d4803,48.487320
q5620,7,d3800,46.790573
q5620,8,d3455,45.663616
q5620,9,d1494,42.397812
q5620,10,d4346,42.225174
q5621,1,d1101,45.770123
q5621,2,d1949,41.026104
q5621,3,d6206,37.530468
q5621,4,d1862,35.526764
q5621,5,d1664,35.364151
q5621,6,d3522,34.751724
q5621,7,d8196,34.110168
q5621,8,d1724,34.040623
q5621,9,d1929,33.341114
q5621,10,d1787,30.511011
q5622,1,d1969,107.440720
q5622,2,d5622,93.844078
q5622,3,d4963,72.031166
q5622,4,d3473,70.452522
q5622,5,d314,69.961304
q5622,6,d133,69.095337
q5622,7,d1101,66.077728
q5622,8,d3115,63.105831
q5622,9,d5597,61.468880
q5622,10,d6757,60.237915
q5623,1,d3350,50.834618
q5623,2,d3481,49.788940
q5623,3,d4242,49.441128
q5623,4,d4331,49.157448
q5623,5,d1537,48.523048
q5623,6,d4419,47.010120
q5623,7,d2705,46.964802
q5623,8,d3848,43.887764
q5623,9,d4479,43.570683
q5623,10,d4202,41.314274
q5624,1,d4036,98.690704
q5624,2,d3896,96.832756
q5624,3,d5870,96.133057
q5624,4,d6631,93.679665
q5624,5,d8060,91.803841
q5624,6,d6555,89.874237
q5624,7,d3757,89.557884
q5624,8,d6971,88.996101
q5624,9,d5965,86.446175
q5624,10,d4318,84.715668
q5625,1,d1101,65.023109
q5625,2,d5236,56.580875
q5625,3,d5053,52.442417
q5625,4,d1748,52.359581
q5625,5,d7325,52.219536
q5625,6,d6103,50.372341
q5625,7,d2061,46.974804
q5625,8,d6935,44.034279
q5625,9,d1029,43.906765
q5625,10,d8060,43.087543
q5626,1,d1101,26.175882
q5626,2,d1929,23.902382
q5626,3,d7410,15.353317
q5626,4,d47,15.309104
q5626,5,d2913,13.934421
q5626,6,d1704,13.540365
q5626,7,d419,13.475477
q5626,8,d5765,13.027227
q5626,9,d7133,12.930623
q5626,10,d3789,12.819454
q5627,1,d5965,74.947311
q5627,2,d1101,70.173576
q5627,3,d4561,63.173679
q5627,4,d242,59.038719
q5627,5,d6668,56.709934
q5627,6,d4564,53.341526
q5627,7,d5870,51.435173
q5627,8,d4036,47.867046
q5627,9,d3896,47.171852
q5627,10,d6631,45.117165
q5628,1,d4566,47.423733
q5628,2,d2572,42.739090
q5628,3,d4918,38.209267
q5628,4,d4627,37.168880
q5628,5,d1671,35.356049
q5628,6,d2410,33.694717
q5628,7,d7067,33.625011
q5628,8,d6465,33.458496
q5628,9,d8024,33.291199
q5628,10,d4165,33.001392
q5629,1,d1814,106.797585
q5629,2,d6409,70.467438
q5629,3,d817,68.576569
q5629,4,d1101,54.049862
q5629,5,d7123,42.688816
q5629,6,d2809,37.753799
q5629,7,d7536,36.339397
q5629,8,d5460,34.951202
q5629,9,d1673,33.985683
q5629,10,d7003,33.601261
q5630,1,d5837,100.176819
q5630,2,d1101,93.631958
q5630,3,d5061,83.725983
q5630,4,d4074,77.829460
q5630,5,d5870,71.220345
q5630,6,d4036,69.735909
q5630,7,d4574,69.692024
q5630,8,d5965,69.280846
q5630,9,d8060,68.944679
q5630,10,d3896,67.873894
q5631,1,d3946,89.348030
q5631,2,d4305,84.832352
q5631,3,d1794,81.625923
q5631,4,d1346,79.822830
q5631,5,d4849,79.596519
q5631,6,d3092,79.596519
q5631,7,d2920,77.044601
q5631,8,d4432,76.229942
q5631,9,d3329,75.432327
q5631,10,d4151,71.682182
q5632,1,d1101,73.911903
q5632,2,d3080,57.530888
q5632,3,d7550,52.371334
q5632,4,d5053,50.268715
q5632,5,d7325,46.417366
q5632,6,d1624,45.595409
q5632,7,d6103,44.775414
q5632,8,d5236,44.047466
q5632,9,d6540,43.639832
q5632,10,d2061,41.755383
q5633,1,d1929,61.180653
q5633,2,d5236,52.383034
q5633,3,d4613,49.918262
q5633,4,d7741,47.381371
q5633,5,d469,46.806881
q5633,6,d1101,45.230808
q5633,7,d6935,44.930912
q5633,8,d5053,44.482754
q5633,9,d1748,43.791187
q5633,10,d6082,42.841686
q5634,1,d2154,69.950050
q5634,2,d7534,53.249287
q5634,3,d7233,50.689880
q5634,4,d7134,46.821972
q5634,5,d2215,45.392216
q5634,6,d258,44.782383
q5634,7,d1317,44.591042
q5634,8,d1791,44.535816
q5634,9,d1452,39.202698
q5634,10,d1101,35.323101
q5635,1,d1799,128.207489
q5635,2,d1559,121.286270
q5635,3,d1881,114.247276
q5635,4,d5635,93.530823
q5635,5,d7217,79.365143
q5635,6,d5263,76.619125
q5635,7,d4665,72.592491
q5635,8,d463,71.656372
q5635,9,d7161,65.650581
q5635,10,d8352,61.395866
q5636,1,d561,104.373993
q5636,2,d4378,97.162201
q5636,3,d8637,96.655258
q5636,4,d7246,93.848991
q5636,5,d8390,86.176239
q5636,6,d4914,85.880783
q5636,7,d5229,84.475563
q5636,8,d1527,82.712570
q5636,9,d7192,82.524521
q5636,10,d6460,78.655197
q5637,1,d1101,78.634468
q5637,2,d5870,40.220879
q5637,3,d7410,38.610523
q5637,4,d47,38.558117
q5637,5,d1239,37.734695
q5637,6,d5965,37.248863
q5637,7,d3012,36.195671
q5637,8,d6757,35.253311
q5637,9,d3115,35.214832
q5637,10,d8606,33.708218
q5638,1,d5656,70.477943
q5638,2,d3807,69.869530
q5638,3,d4174,65.134590
q5638,4,d5726,62.501015
q5638,5,d7883,61.702808
q5638,6,d2701,59.679123
q5638,7,d2992,58.636604
q5638,8,d5369,57.501812
q5638,9,d4823,54.828362
q5638,10,d4473,52.787319
q5639,1,d4779,169.308578
q5639,2,d1888,150.707703
q5639,3,d5648,146.830688
q5639,4,d3458,132.197403
q5639,5,d6361,126.401192
q5639,6,d2937,93.246033
q5639,7,d3199,91.361389
q5639,8,d3297,82.439072
q5639,9,d7875,77.620949
q5639,10,d2456,75.620720
q5640,1,d3322,93.157646
q5640,2,d1101,73.140114
q5640,3,d339,70.994926
q5640,4,d8669,66.832275
q5640,5,d3557,64.063675
q5640,6,d541,61.362839
q5640,7,d3352,58.546600
q5640,8,d593,58.441032
q5640,9,d999,56.044102
q5640,10,d1578,54.545063
q5641,1,d2469,65.825211
q5641,2,d1101,56.640415
q5641,3,d2594,54.428860
q5641,4,d2051,52.852573
q5641,5,d1782,51.131058
q5641,6,d4954,48.302956
q5641,7,d3940,46.555447
q5641,8,d685,44.663536
q5641,9,d1615,43.850719
q5641,10,d1118,42.856514
q5642,1,d2497,129.134033
q5642,2,d5597,98.140854
q5642,3,d4940,85.207916
q5642,4,d3473,82.978790
q5642,5,d4963,67.831490
q5642,6,d4104,66.960541
q5642,7,d4838,64.171547
q5642,8,d4218,60.311020
q5642,9,d2787,59.149235
q5642,10,d3621,57.616272
q5643,1,d6815,77.233261
q5643,2,d2441,73.120193
q5643,3,d879,70.724052
q5643,4,d6619,70.151733
q5643,5,d3194,65.842247
q5643,6,d687,52.057648
q5643,7,d1101,44.527378
q5643,8,d5611,36.744781
q5643,9,d4588,31.497078
q5643,10,d7759,29.713276
q5644,1,d1101,51.086067
q5644,2,d783,50.108665
q5644,3,d3745,47.182701
q5644,4,d2104,44.746689
q5644,5,d666,43.912796
q5644,6,d3412,42.225082
q5644,7,d1717,40.745762
q5644,8,d6575,39.661911
q5644,9,d1929,38.228275
q5644,10,d1757,37.257839
q5645,1,d7630,85.301529
q5645,2,d7047,71.418121
q5645,3,d1352,69.942345
q5645,4,d5645,66.818199
q5645,5,d5053,63.121880
q5645,6,d8089,62.565380
q5645,7,d407,61.469238
q5645,8,d5403,60.862675
q5645,9,d8072,60.697212
q5645,10,d7883,60.236702
q5646,1,d8527,110.790802
q5646,2,d2500,98.808472
q5646,3,d4395,90.196693
q5646,4,d6960,88.240723
q5646,5,d3799,86.440559
q5646,6,d7969,81.285553
q5646,7,d1784,81.251556
q5646,8,d8549,77.334480
q5646,9,d1782,75.224686
q5646,10,d6862,73.552612
q5647,1,d1101,57.891781
q5647,2,d5401,41.193005
q5647,3,d3417,38.965557
q5647,4,d5660,37.037453
q5647,5,d1185,36.890854
q5647,6,d772,36.785313
q5647,7,d6971,35.925518
q5647,8,d543,34.630432
q5647,9,d6917,34.352032
q5647,10,d5053,34.017368
q5648,1,d5648,86.762741
q5648,2,d4779,73.140770
q5648,3,d1888,71.745728
q5648,4,d2937,56.545940
q5648,5,d1101,52.326267
q5648,6,d4027,48.121319
q5648,7,d7875,43.541996
q5648,8,d4942,36.450821
q5648,9,d3316,33.606205
q5648,10,d7743,32.978218
q5649,1,d257,44.642197
q5649,2,d1101,44.413925
q5649,3,d4679,27.704868
q5649,4,d1707,25.075006
q5649,5,d4770,25.075006
q5649,6,d1724,24.829941
q5649,7,d1848,23.494564
q5649,8,d3522,22.542816
q5649,9,d7743,22.080000
q5649,10,d8196,21.277489
q5650,1,d1799,70.499748
q5650,2,d1614,69.152061
q5650,3,d4236,67.247276
q5650,4,d381,65.077728
q5650,5,d1559,62.244839
q5650,6,d3296,61.409115
q5650,7,d5635,54.925735
q5650,8,d4895,54.643093
q5650,9,d6687,53.400642
q5650,10,d5263,53.044014
q5651,1,d3213,36.963757
q5651,2,d1671,34.817959
q5651,3,d3984,34.409691
q5651,4,d2939,33.465237
q5651,5,d4469,33.206081
q5651,6,d961,32.345188
q5651,7,d8606,31.709837
q5651,8,d4896,31.695848
q5651,9,d1239,31.584686
q5651,10,d7410,30.106701
q5652,1,d4262,85.274185
q5652,2,d242,78.365211
q5652,3,d1792,67.070213
q5652,4,d3234,64.498238
q5652,5,d1719,63.762947
q5652,6,d7823,60.764488
q5652,7,d2406,57.910027
q5652,8,d5541,51.123421
q5652,9,d2572,50.465012
q5652,10,d1727,44.535591
q5653,1,d1101,32.169308
q5653,2,d1949,26.578901
q5653,3,d3522,26.120880
q5653,4,d1724,23.835732
q5653,5,d8196,23.620941
q5653,6,d7202,22.819162
q5653,7,d2702,21.789843
q5653,8,d6206,21.520653
q5653,9,d1892,21.424297
q5653,10,d8019,21.038815
q5654,1,d188,134.965958
q5654,2,d2622,134.139725
q5654,3,d8145,118.725296
q5654,4,d273,117.646545
q5654,5,d6991,112.438446
q5654,6,d2897,112.362831
q5654,7,d4863,111.812881
q5654,8,d3196,101.426971
q5654,9,d149,100.222343
q5654,10,d5102,95.737938
q5655,1,d2074,48.133358
q5655,2,d6991,47.907310
q5655,3,d3956,45.400978
q5655,4,d4479,41.224861
q5655,5,d8223,39.431049
q5655,6,d3350,39.349945
q5655,7,d2705,39.181747
q5655,8,d4419,38.700954
q5655,9,d1537,38.665615
q5655,10,d3848,37.053925
q5656,1,d1665,248.886444
q5656,2,d4174,165.307251
q5656,3,d1881,161.590195
q5656,4,d4620,149.861389
q5656,5,d8352,145.902222
q5656,6,d1392,141.164322
q5656,7,d5656,140.742706
q5656,8,d4039,138.774399
q5656,9,d4868,135.202682
q5656,10,d4593,135.174011
q5657,1,d5657,222.538071
q5657,2,d4963,98.923569
q5657,3,d3473,95.888435
q5657,4,d314,95.343781
q5657,5,d133,92.256149
q5657,6,d5597,86.053383
q5657,7,d6757,83.694427
q5657,8,d610,67.170517
q5657,9,d3115,66.843307
q5657,10,d1131,65.538712
q5658,1,d5277,89.404221
q5658,2,d4493,82.894676
q5658,3,d4740,77.902084
q5658,4,d3310,74.245323
q5658,5,d3898,66.036697
q5658,6,d2673,64.735710
q5658,7,d4392,64.517929
q5658,8,d3499,64.214043
q5658,9,d4823,58.282108
q5658,10,d4550,57.023102
q5659,1,d3244,62.217018
q5659,2,d3158,60.300037
q5659,3,d5752,59.531635
q5659,4,d6500,58.351307
q5659,5,d8419,52.679630
q5659,6,d477,51.214188
q5659,7,d6876,46.382351
q5659,8,d6206,43.860207
q5659,9,d4341,42.777065
q5659,10,d4327,42.374233
q5660,1,d1101,66.701431
q5660,2,d3783,56.221516
q5660,3,d6384,53.654209
q5660,4,d410,46.023144
q5660,5,d7989,45.280064
q5660,6,d54,43.846615
q5660,7,d2762,43.550579
q5660,8,d4331,43.286541
q5660,9,d3316,42.830902
q5660,10,d6978,42.715519
q5661,1,d4486,50.795746
q5661,2,d178,48.327503
q5661,3,d4132,43.939262
q5661,4,d4288,43.678684
q5661,5,d4675,40.922512
q5661,6,d3316,39.049870
q5661,7,d1646,37.450466
q5661,8,d192,36.165379
q5661,9,d3060,35.715881
q5661,10,d1101,35.534554
q5662,1,d2074,62.770325
q5662,2,d8172,59.120777
q5662,3,d1174,56.934040
q5662,4,d1567,54.639206
q5662,5,d7500,54.075638
q5662,6,d4331,54.065556
q5662,7,d1231,53.535618
q5662,8,d7417,53.400043
q5662,9,d2090,53.010891
q5662,10,d5527,52.033676
q5663,1,d2261,75.777222
q5663,2,d4318,70.954468
q5663,3,d320,66.388771
q5663,4,d4954,65.964539
q5663,5,d1789,63.033997
q5663,6,d4219,62.891994
q5663,7,d4085,61.326431
q5663,8,d4378,55.492691
q5663,9,d561,54.933670
q5663,10,d5972,52.158165
q5664,1,d3487,46.942791
q5664,2,d3167,42.896843
q5664,3,d1739,40.585239
q5664,4,d3430,39.044170
q5664,5,d3999,37.690147
q5664,6,d3207,36.426891
q5664,7,d4855,34.336987
q5664,8,d2480,33.610592
q5664,9,d1101,31.505358
q5664,10,d4441,30.872381
q5665,1,d8529,46.198254
q5665,2,d1101,38.826733
q5665,3,d1239,29.394604
q5665,4,d7410,24.967108
q5665,5,d1969,24.796131
q5665,6,d47,24.775522
q5665,7,d2939,24.464649
q5665,8,d4469,24.269337
q5665,9,d4331,23.968866
q5665,10,d3350,23.064711
q5666,1,d1101,116.788635
q5666,2,d5606,105.728470
q5666,3,d5611,86.890457
q5666,4,d1225,81.663513
q5666,5,d7352,70.588142
q5666,6,d381,69.254959
q5666,7,d3296,66.797417
q5666,8,d6289,64.390907
q5666,9,d2937,64.315300
q5666,10,d7759,63.010292
q5667,1,d2937,47.624161
q5667,2,d1101,42.941795
q5667,3,d3350,42.433525
q5667,4,d4331,40.545937
q5667,5,d1537,36.784576
q5667,6,d2489,35.003540
q5667,7,d2705,33.508221
q5667,8,d3316,31.612236
q5667,9,d1929,31.182981
q5667,10,d135,30.919495
q5668,1,d2154,41.680786
q5668,2,d1101,37.382507
q5668,3,d7534,32.665874
q5668,4,d1791,31.308254
q5668,5,d7134,27.646585
q5668,6,d152,27.334721
q5668,7,d7505,25.706440
q5668,8,d4896,24.514734
q5668,9,d7720,24.309956
q5668,10,d7482,24.009300
q5669,1,d4779,119.502647
q5669,2,d1888,108.982582
q5669,3,d5648,103.848190
q5669,4,d2937,85.226585
q5669,5,d1101,66.894859
q5669,6,d4027,66.427124
q5669,7,d7133,52.435745
q5669,8,d7875,48.279125
q5669,9,d4331,47.723888
q5669,10,d1737,47.447891
q5670,1,d1101,39.730003
q5670,2,d4331,31.829201
q5670,3,d3350,25.544109
q5670,4,d4479,25.384422
q5670,5,d4222,24.694082
q5670,6,d2705,24.537167
q5670,7,d5543,24.071701
q5670,8,d4202,24.063061
q5670,9,d1388,24.048731
q5670,10,d6178,23.797318
q5671,1,d1101,40.043152
q5671,2,d5332,30.234760
q5671,3,d7209,26.888184
q5671,4,d5819,26.483730
q5671,5,d189,24.936621
q5671,6,d8060,24.897997
q5671,7,d7363,24.878443
q5671,8,d3316,24.678232
q5671,9,d5222,23.323587
q5671,10,d6917,23.294552
q5672,1,d1101,36.582531
q5672,2,d469,34.699673
q5672,3,d1836,33.355362
q5672,4,d5050,32.630199
q5672,5,d5473,32.211330
q5672,6,d2886,31.640347
q5672,7,d2918,30.273045
q5672,8,d5952,29.626570
q5672,9,d192,29.480345
q5672,10,d4250,29.317905
q5673,1,d2679,51.548893
q5673,2,d1945,43.112549
q5673,3,d6112,42.611908
q5673,4,d3705,42.035889
q5673,5,d1409,34.229496
q5673,6,d6190,31.260735
q5673,7,d7425,30.072227
q5673,8,d8713,28.645794
q5673,9,d264,28.623352
q5673,10,d3472,27.976624
q5674,1,d1101,22.538437
q5674,2,d4150,17.927629
q5674,3,d2939,15.771145
q5674,4,d4469,15.646571
q5674,5,d7410,15.588140
q5674,6,d1671,15.468653
q5674,7,d47,15.430871
q5674,8,d3984,15.293196
q5674,9,d3213,14.890549
q5674,10,d1239,14.798560
q5675,1,d6465,81.008896
q5675,2,d5675,79.410873
q5675,3,d6606,70.776299
q5675,4,d2410,67.677933
q5675,5,d4165,67.253128
q5675,6,d4839,66.189568
q5675,7,d2086,63.760197
q5675,8,d6281,59.765366
q5675,9,d6929,58.283875
q5675,10,d6388,57.498299
q5676,1,d1101,89.262383
q5676,2,d2642,76.215096
q5676,3,d4036,66.768333
q5676,4,d4908,64.572777
q5676,5,d1653,61.488625
q5676,6,d8060,60.425655
q5676,7,d5870,60.226215
q5676,8,d3896,59.840302
q5676,9,d5965,58.120602
q5676,10,d5660,57.239555
q5677,1,d273,93.508499
q5677,2,d3917,91.628227
q5677,3,d1101,65.042297
q5677,4,d3625,60.332161
q5677,5,d6619,56.028584
q5677,6,d645,55.612179
q5677,7,d2937,51.643379
q5677,8,d3107,46.244663
q5677,9,d3041,45.949188
q5677,10,d135,42.636070
q5678,1,d5236,52.705013
q5678,2,d5053,52.442417
q5678,3,d7325,52.219536
q5678,4,d6103,50.372341
q5678,5,d2061,46.974804
q5678,6,d1748,43.395641
q5678,7,d6935,42.189468
q5678,8,d6540,41.500851
q5678,9,d6397,39.261665
q5678,10,d893,38.851036
q5679,1,d5679,139.256088
q5679,2,d680,42.588890
q5679,3,d8554,41.200600
q5679,4,d4510,30.744389
q5679,5,d1411,30.069057
q5679,6,d434,28.807028
q5679,7,d4704,27.243221
q5679,8,d4881,27.072535
q5679,9,d1101,22.455553
q5679,10,d5098,21.349859
q5680,1,d1799,54.232815
q5680,2,d1559,51.929054
q5680,3,d1881,48.318562
q5680,4,d6734,44.989868
q5680,5,d1101,43.515610
q5680,6,d463,32.337776
q5680,7,d314,31.073238
q5680,8,d5635,30.514297
q5680,9,d8352,29.705986
q5680,10,d4823,29.576363
q5681,1,d1101,44.453911
q5681,2,d189,30.434830
q5681,3,d3316,26.988403
q5681,4,d7162,26.526730
q5681,5,d4679,24.994318
q5681,6,d4712,24.887339
q5681,7,d1585,24.201216
q5681,8,d1646,24.122658
q5681,9,d6825,23.754538
q5681,10,d7209,23.736378
q5682,1,d6555,144.610382
q5682,2,d7239,75.530853
q5682,3,d726,71.751831
q5682,4,d7213,71.415489
q5682,5,d2826,61.571323
q5682,6,d250,61.153084
q5682,7,d1058,60.559715
q5682,8,d5234,60.356209
q5682,9,d4071,56.982567
q5682,10,d1977,52.541515
q5683,1,d1626,68.465134
q5683,2,d1747,65.523148
q5683,3,d5949,57.454449
q5683,4,d6293,53.722488
q5683,5,d4838,50.059551
q5683,6,d6538,49.224567
q5683,7,d2469,49.103653
q5683,8,d3100,42.962177
q5683,9,d1665,42.716835
q5683,10,d1615,42.266449
q5684,1,d1101,19.503187
q5684,2,d2939,15.771144
q5684,3,d4469,15.646571
q5684,4,d3984,15.293196
q5684,5,d3213,14.890549
q5684,6,d1239,14.798561
q5684,7,d961,14.375638
q5684,8,d1929,14.071611
q5684,9,d1671,13.212739
q5684,10,d1969,13.054663
q5685,1,d7209,95.332062
q5685,2,d1101,80.923065
q5685,3,d865,40.629330
q5685,4,d1070,35.486271
q5685,5,d2104,34.701706
q5685,6,d1337,34.212292
q5685,7,d8358,33.951576
q5685,8,d1044,31.333744
q5685,9,d679,30.296240
q5685,10,d6575,29.973406
q5686,1,d5531,53.162544
q5686,2,d1101,51.642059
q5686,3,d543,51.231342
q5686,4,d5660,51.177074
q5686,5,d7258,47.414669
q5686,6,d6248,46.244579
q5686,7,d8612,46.038963
q5686,8,d5870,45.572113
q5686,9,d2538,45.254761
q5686,10,d4824,45.049629
q5687,1,d1101,78.047997
q5687,2,d2104,51.344196
q5687,3,d1640,49.647541
q5687,4,d4331,45.059868
q5687,5,d6575,45.035740
q5687,6,d2099,43.542847
q5687,7,d3316,43.158241
q5687,8,d1044,43.036694
q5687,9,d865,41.087761
q5687,10,d1929,40.976643
q5688,1,d1101,40.703835
q5688,2,d1836,34.219139
q5688,3,d135,31.433353
q5688,4,d2679,29.456511
q5688,5,d192,26.822462
q5688,6,d3705,25.973419
q5688,7,d5870,25.276190
q5688,8,d3157,25.125481
q5688,9,d3658,24.320297
q5688,10,d4250,24.214834
q5689,1,d1101,42.550564
q5689,2,d6128,36.437592
q5689,3,d6668,34.249714
q5689,4,d6814,29.823160
q5689,5,d192,29.322016
q5689,6,d4156,28.560226
q5689,7,d2489,28.110527
q5689,8,d1713,25.468449
q5689,9,d4149,24.922382
q5689,10,d1615,24.852598
q5690,1,d1101,80.669151
q5690,2,d6465,62.336014
q5690,3,d2104,57.818031
q5690,4,d4036,56.692814
q5690,5,d5543,55.329140
q5690,6,d6575,50.851151
q5690,7,d2572,49.935818
q5690,8,d2051,47.728588
q5690,9,d5675,47.096821
q5690,10,d5965,46.647839
q5691,1,d1101,48.820923
q5691,2,d192,47.558853
q5691,3,d3409,44.730267
q5691,4,d1929,43.580013
q5691,5,d400,42.360699
q5691,6,d469,41.022720
q5691,7,d6612,40.739334
q5691,8,d3658,36.904160
q5691,9,d1836,36.818085
q5691,10,d4617,35.780411
q5692,1,d1101,41.065186
q5692,2,d218,31.515017
q5692,3,d7051,28.330132
q5692,4,d6555,28.149866
q5692,5,d3316,26.850534
q5692,6,d1578,26.527275
q5692,7,d5527,25.474352
q5692,8,d6308,25.074888
q5692,9,d6971,24.846340
q5692,10,d3322,24.842035
q5693,1,d1101,27.307783
q5693,2,d5870,16.629913
q5693,3,d5965,16.465277
q5693,4,d2939,15.771145
q5693,5,d4469,15.646571
q5693,6,d7410,15.588139
q5693,7,d47,15.430871
q5693,8,d3984,15.293196
q5693,9,d1929,15.130628
q5693,10,d3213,14.890549
q5694,1,d2848,56.421875
q5694,2,d1101,45.559685
q5694,3,d503,39.491020
q5694,4,d6293,39.485519
q5694,5,d3316,39.363667
q5694,6,d821,35.504883
q5694,7,d3155,34.637074
q5694,8,d7114,33.968395
q5694,9,d7743,31.671148
q5694,10,d4493,28.479383
q5695,1,d1101,59.946831
q5695,2,d381,48.529823
q5695,3,d3296,44.258141
q5695,4,d5435,44.052521
q5695,5,d4331,43.737206
q5695,6,d5285,42.859886
q5695,7,d6687,36.660179
q5695,8,d6531,36.118134
q5695,9,d6615,35.905495
q5695,10,d5143,35.905495
q5696,1,d1101,27.667587
q5696,2,d2939,19.309963
q5696,3,d4469,19.158474
q5696,4,d3984,19.116495
q5696,5,d4150,18.754812
q5696,6,d3213,18.613186
q5696,7,d1239,18.155787
q5696,8,d961,17.969547
q5696,9,d1671,16.515924
q5696,10,d1969,16.318329
q5697,1,d1101,33.017918
q5697,2,d470,29.567585
q5697,3,d8713,27.559965
q5697,4,d6581,26.854744
q5697,5,d7511,26.120338
q5697,6,d7483,25.871796
q5697,7,d2188,25.408939
q5697,8,d510,25.040388
q5697,9,d8539,24.678268
q5697,10,d1929,22.581326
q5698,1,d436,48.674049
q5698,2,d6384,47.480820
q5698,3,d669,44.936970
q5698,4,d5964,42.219383
q5698,5,d945,40.543888
q5698,6,d6178,38.829605
q5698,7,d7600,36.766106
q5698,8,d3984,36.561577
q5698,9,d135,35.683674
q5698,10,d3922,35.294312
q5699,1,d3295,148.514099
q5699,2,d4017,125.700897
q5699,3,d154,121.440239
q5699,4,d3138,86.872421
q5699,5,d5754,83.528610
q5699,6,d2981,82.099014
q5699,7,d6327,73.863411
q5699,8,d378,73.445686
q5699,9,d3080,72.376442
q5699,10,d5134,71.135117
q5700,1,d1101,47.872353
q5700,2,d5571,30.725044
q5700,3,d5870,24.105284
q5700,4,d7450,23.562136
q5700,5,d5660,21.402908
q5700,6,d5531,21.218985
q5700,7,d5965,20.701605
q5700,8,d6583,20.459415
q5700,9,d2051,20.445538
q5700,10,d555,20.323591
q5701,1,d5870,36.781078
q5701,2,d1101,36.489738
q5701,3,d4593,33.113831
q5701,4,d4036,33.029041
q5701,5,d3896,31.588943
q5701,6,d6631,31.491802
q5701,7,d5965,30.330683
q5701,8,d6971,29.386786
q5701,9,d3757,27.883875
q5701,10,d4896,27.569380
q5702,1,d5702,101.847153
q5702,2,d7940,82.951691
q5702,3,d5241,82.359970
q5702,4,d4045,81.831078
q5702,5,d5123,71.601799
q5702,6,d669,66.179825
q5702,7,d1942,57.361851
q5702,8,d8535,54.046650
q5702,9,d4537,52.786457
q5702,10,d3559,51.746704
q5703,1,d1615,83.276871
q5703,2,d5703,68.995987
q5703,3,d4325,67.839249
q5703,4,d1999,67.007896
q5703,5,d4983,66.611259
q5703,6,d277,64.964272
q5703,7,d1761,64.647385
q5703,8,d1774,64.368896
q5703,9,d4759,63.003300
q5703,10,d2546,62.742199
q5704,1,d273,100.705063
q5704,2,d6619,91.660614
q5704,3,d1866,62.764069
q5704,4,d7672,60.071030
q5704,5,d1101,59.652710
q5704,6,d4026,56.422344
q5704,7,d2676,55.164658
q5704,8,d1894,51.214054
q5704,9,d4314,50.221817
q5704,10,d3394,48.866455
q5705,1,d1101,147.770493
q5705,2,d7366,132.584290
q5705,3,d1615,126.368492
q5705,4,d7743,117.551765
q5705,5,d1729,116.658127
q5705,6,d4718,113.983887
q5705,7,d1716,110.975441
q5705,8,d3370,107.967857
q5705,9,d7621,107.279022
q5705,10,d6991,104.280792
q5706,1,d1101,84.259544
q5706,2,d4331,62.522594
q5706,3,d5706,58.785473
q5706,4,d3316,44.787594
q5706,5,d3104,39.983952
q5706,6,d1789,34.315384
q5706,7,d6743,33.780346
q5706,8,d2706,33.168415
q5706,9,d2051,33.015354
q5706,10,d4966,32.975853
q5707,1,d1929,28.109428
q5707,2,d419,27.535500
q5707,3,d1101,26.846769
q5707,4,d2913,25.400902
q5707,5,d4171,25.044510
q5707,6,d469,24.138847
q5707,7,d3966,23.666088
q5707,8,d165,23.634882
q5707,9,d170,23.248489
q5707,10,d3476,23.076637
q5708,1,d3889,90.286964
q5708,2,d3378,89.724762
q5708,3,d5053,73.596596
q5708,4,d3316,72.264969
q5708,5,d7325,69.626045
q5708,6,d5236,68.363281
q5708,7,d6103,67.163124
q5708,8,d1101,65.528671
q5708,9,d2061,62.633068
q5708,10,d1748,62.205391
q5709,1,d4665,80.316902
q5709,2,d8318,65.761398
q5709,3,d6734,56.205101
q5709,4,d7056,54.917435
q5709,5,d1101,50.647205
q5709,6,d1261,46.827168
q5709,7,d267,45.464264
q5709,8,d4907,41.618416
q5709,9,d447,40.630390
q5709,10,d3932,39.742226
q5710,1,d3924,59.558598
q5710,2,d273,52.659107
q5710,3,d7672,51.836815
q5710,4,d1866,50.539955
q5710,5,d4026,47.018620
q5710,6,d6619,44.540051
q5710,7,d2676,43.252899
q5710,8,d1894,42.678379
q5710,9,d4314,38.632168
q5710,10,d4962,38.015743
q5711,1,d4165,87.103676
q5711,2,d3318,85.509995
q5711,3,d3373,84.306473
q5711,4,d4654,78.438614
q5711,5,d2728,73.337128
q5711,6,d2559,68.641228
q5711,7,d8414,64.670761
q5711,8,d217,62.749008
q5711,9,d6217,62.007217
q5711,10,d3596,61.981083
q5712,1,d4331,27.606625
q5712,2,d7209,26.961205
q5712,3,d8529,23.099125
q5712,4,d2751,21.705349
q5712,5,d236,20.378345
q5712,6,d3983,19.810762
q5712,7,d152,17.814400
q5712,8,d136,17.745895
q5712,9,d4613,17.713348
q5712,10,d1029,17.560120
q5713,1,d6316,46.755249
q5713,2,d7287,40.363796
q5713,3,d1955,39.871616
q5713,4,d1907,39.414753
q5713,5,d6593,38.858337
q5713,6,d1101,36.620865
q5713,7,d3487,35.324940
q5713,8,d8713,34.996998
q5713,9,d5870,30.552019
q5713,10,d6687,28.636936
q5714,1,d3522,56.256111
q5714,2,d8196,53.299965
q5714,3,d1101,52.880821
q5714,4,d6490,51.869667
q5714,5,d5514,51.080421
q5714,6,d1949,49.914570
q5714,7,d7955,49.089733
q5714,8,d1862,48.312603
q5714,9,d6206,47.058750
q5714,10,d113,45.240402
q5715,1,d4395,87.299614
q5715,2,d1782,84.558189
q5715,3,d2500,80.688408
q5715,4,d8527,74.092583
q5715,5,d3799,69.156891
q5715,6,d6960,66.578094
q5715,7,d1794,62.768021
q5715,8,d1784,59.908962
q5715,9,d8549,58.246426
q5715,10,d7969,58.026947
q5716,1,d8158,123.390167
q5716,2,d7118,95.958595
q5716,3,d1409,81.637070
q5716,4,d4934,73.750099
q5716,5,d7970,64.058769
q5716,6,d8379,63.664078
q5716,7,d334,62.351105
q5716,8,d2301,58.736843
q5716,9,d4870,58.330311
q5716,10,d470,57.984203
q5717,1,d5571,67.595093
q5717,2,d1101,46.825211
q5717,3,d7922,38.092247
q5717,4,d5965,34.297951
q5717,5,d372,33.600327
q5717,6,d8443,32.655693
q5717,7,d5832,32.576900
q5717,8,d5870,31.432331
q5717,9,d7123,30.866249
q5717,10,d8060,30.328997
q5718,1,d5718,39.648949
q5718,2,d1472,36.716011
q5718,3,d7247,34.796047
q5718,4,d7409,34.155277
q5718,5,d1152,33.817451
q5718,6,d1101,32.941330
q5718,7,d3473,31.398550
q5718,8,d4963,30.853983
q5718,9,d7674,30.037697
q5718,10,d7632,29.081863
q5719,1,d8347,57.062809
q5719,2,d5513,41.582958
q5719,3,d4411,38.847237
q5719,4,d940,38.599648
q5719,5,d1101,35.881630
q5719,6,d2038,35.070953
q5719,7,d4277,34.790604
q5719,8,d1395,34.585201
q5719,9,d6844,33.445751
q5719,10,d2794,33.068142
q5720,1,d1929,44.815445
q5720,2,d1101,35.692154
q5720,3,d2404,30.441193
q5720,4,d2913,30.045708
q5720,5,d4576,29.478203
q5720,6,d419,26.950953
q5720,7,d7133,26.867378
q5720,8,d4331,26.789921
q5720,9,d5765,26.054455
q5720,10,d3789,25.638908
q5721,1,d1287,63.066547
q5721,2,d1101,48.734497
q5721,3,d1522,46.601856
q5721,4,d2842,44.902756
q5721,5,d8137,44.871841
q5721,6,d6304,44.580029
q5721,7,d476,44.516594
q5721,8,d7492,43.969910
q5721,9,d6638,43.341328
q5721,10,d1097,43.010452
q5722,1,d1101,51.729351
q5722,2,d47,26.163151
q5722,3,d7410,25.718897
q5722,4,d5965,24.004648
q5722,5,d2104,23.181063
q5722,6,d2038,23.160700
q5722,7,d5332,22.950838
q5722,8,d4132,22.767263
q5722,9,d1337,20.962429
q5722,10,d7155,20.016809
q5723,1,d1101,33.803997
q5723,2,d2795,29.956888
q5723,3,d4292,29.196186
q5723,4,d4072,27.627140
q5723,5,d2918,27.395153
q5723,6,d3465,27.285852
q5723,7,d3115,27.054384
q5723,8,d2586,26.145370
q5723,9,d2497,25.916899
q5723,10,d4888,25.710707
q5724,1,d5030,11.364038
q5724,2,d8681,10.444850
q5724,3,d5798,10.313326
q5724,4,d2700,10.249086
q5724,5,d7737,9.857361
q5724,6,d3499,9.838294
q5724,7,d3144,9.811983
q5724,8,d4499,9.634768
q5724,9,d2841,9.415369
q5724,10,d3639,9.370207
q5725,1,d1101,75.491844
q5725,2,d8727,62.699337
q5725,3,d3522,62.189884
q5725,4,d8196,56.638344
q5725,5,d3840,55.913242
q5725,6,d7258,54.531361
q5725,7,d1949,52.710651
q5725,8,d1892,51.221970
q5725,9,d1724,51.165386
q5725,10,d6490,51.063854
q5726,1,d4493,106.400719
q5726,2,d5656,100.530495
q5726,3,d5726,99.097542
q5726,4,d4473,90.132065
q5726,5,d7883,86.630768
q5726,6,d2701,85.126953
q5726,7,d4823,83.763199
q5726,8,d2992,83.639900
q5726,9,d5369,82.021202
q5726,10,d1920,76.780327
q5727,1,d4665,57.851044
q5727,2,d1101,49.293102
q5727,3,d8318,47.215416
q5727,4,d7056,42.713562
q5727,5,d6884,41.003048
q5727,6,d4922,40.458786
q5727,7,d3052,37.625263
q5727,8,d7209,36.764191
q5727,9,d1261,36.421131
q5727,10,d1077,35.180107
q5728,1,d5606,97.582840
q5728,2,d7352,96.665474
q5728,3,d1101,83.644966
q5728,4,d5611,73.871956
q5728,5,d5965,73.516403
q5728,6,d4055,65.769081
q5728,7,d5660,65.558212
q5728,8,d5870,64.110970
q5728,9,d3783,63.292229
q5728,10,d7989,61.676991
q5729,1,d7736,139.027069
q5729,2,d1047,87.618378
q5729,3,d7531,83.707550
q5729,4,d4022,81.852219
q5729,5,d5912,73.725143
q5729,6,d388,67.339310
q5729,7,d3434,66.713768
q5729,8,d330,66.542091
q5729,9,d1100,66.042061
q5729,10,d4884,64.259903
q5730,1,d4839,53.975815
q5730,2,d4036,48.346455
q5730,3,d6465,41.679207
q5730,4,d2410,40.567860
q5730,5,d1101,39.107841
q5730,6,d8724,38.029198
q5730,7,d492,35.394814
q5730,8,d4508,34.917747
q5730,9,d4403,34.676102
q5730,10,d4165,33.598637
q5731,1,d358,51.374283
q5731,2,d6500,44.077610
q5731,3,d5752,35.718983
q5731,4,d3158,34.207806
q5731,5,d7736,33.417782
q5731,6,d5061,32.827229
q5731,7,d8419,31.607779
q5731,8,d1858,31.478792
q5731,9,d1101,29.397289
q5731,10,d4327,27.107685
q5732,1,d1101,48.166721
q5732,2,d4331,45.448505
q5732,3,d2937,35.062103
q5732,4,d1929,27.276491
q5732,5,d7727,26.193022
q5732,6,d1239,25.908121
q5732,7,d3350,25.113773
q5732,8,d8089,24.596066
q5732,9,d2705,24.537167
q5732,10,d47,23.923193
q5733,1,d1101,50.157516
q5733,2,d3119,47.843250
q5733,3,d7669,45.954880
q5733,4,d940,43.372002
q5733,5,d1528,42.228081
q5733,6,d1929,41.831036
q5733,7,d3570,41.827557
q5733,8,d135,39.409878
q5733,9,d2537,38.380497
q5733,10,d5435,36.488182
q5734,1,d480,81.132706
q5734,2,d3314,40.837143
q5734,3,d4329,40.030190
q5734,4,d7676,37.717560
q5734,5,d5012,34.217323
q5734,6,d6531,32.496021
q5734,7,d5460,31.363228
q5734,8,d5917,30.844215
q5734,9,d4546,30.829882
q5734,10,d8424,30.575489
q5735,1,d3830,80.294151
q5735,2,d1677,79.241516
q5735,3,d2341,71.223579
q5735,4,d4235,59.215336
q5735,5,d5061,55.721134
q5735,6,d2733,53.992146
q5735,7,d1227,49.687817
q5735,8,d1101,48.774624
q5735,9,d2922,46.569309
q5735,10,d5053,36.788227
q5736,1,d1101,50.630585
q5736,2,d895,45.881260
q5736,3,d1632,44.373665
q5736,4,d6187,41.097378
q5736,5,d6384,38.426937
q5736,6,d1118,37.465508
q5736,7,d2762,37.048702
q5736,8,d7989,36.973907
q5736,9,d4224,36.485527
q5736,10,d3201,36.215702
q5737,1,d2441,44.708572
q5737,2,d1101,41.421646
q5737,3,d4522,34.137009
q5737,4,d3139,33.220886
q5737,5,d2487,31.612123
q5737,6,d481,31.261589
q5737,7,d7648,29.592684
q5737,8,d1744,25.534046
q5737,9,d7845,25.332403
q5737,10,d4454,25.203455
q5738,1,d1677,31.945560
q5738,2,d3830,27.908304
q5738,3,d2341,23.741192
q5738,4,d4665,20.779505
q5738,5,d3598,20.216360
q5738,6,d4235,19.738443
q5738,7,d3211,19.601086
q5738,8,d2939,18.926510
q5738,9,d4368,18.664225
q5738,10,d5061,18.573709
q5739,1,d7209,119.454994
q5739,2,d26,34.988319
q5739,3,d1739,32.230976
q5739,4,d4420,30.551579
q5739,5,d1777,30.186941
q5739,6,d4011,29.843924
q5739,7,d3152,29.339043
q5739,8,d993,29.048883
q5739,9,d4668,28.530247
q5739,10,d1101,28.044977
q5740,1,d5460,24.916023
q5740,2,d4546,23.879850
q5740,3,d3733,23.437113
q5740,4,d4824,23.010586
q5740,5,d4331,21.682167
q5740,6,d6641,21.384489
q5740,7,d607,21.349745
q5740,8,d189,21.186041
q5740,9,d1945,20.584740
q5740,10,d4828,19.782036
q5741,1,d3378,69.115623
q5741,2,d3270,59.054482
q5741,3,d3889,56.044319
q5741,4,d4135,50.798149
q5741,5,d6763,43.972206
q5741,6,d2732,42.843437
q5741,7,d332,39.320389
q5741,8,d1070,39.176407
q5741,9,d462,38.255787
q5741,10,d1458,36.042633
q5742,1,d6065,101.144135
q5742,2,d7431,80.485146
q5742,3,d3792,77.405083
q5742,4,d6340,73.136589
q5742,5,d2937,67.456085
q5742,6,d8029,64.199554
q5742,7,d1101,64.151276
q5742,8,d8474,62.385937
q5742,9,d6615,61.437725
q5742,10,d5143,61.437725
q5743,1,d1101,71.094955
q5743,2,d1537,47.075653
q5743,3,d865,43.454865
q5743,4,d1337,43.212521
q5743,5,d5053,40.441460
q5743,6,d2937,35.733612
q5743,7,d6575,35.492672
q5743,8,d7325,34.813026
q5743,9,d7989,34.092548
q5743,10,d1737,33.758106
q5744,1,d1101,45.656124
q5744,2,d5870,28.425396
q5744,3,d3984,26.614225
q5744,4,d47,26.170958
q5744,5,d7410,24.367052
q5744,6,d2279,22.932989
q5744,7,d3213,22.335823
q5744,8,d4331,21.930214
q5744,9,d961,21.563457
q5744,10,d2939,21.232914
q5745,1,d7104,69.413963
q5745,2,d1101,39.025612
q5745,3,d3473,35.264297
q5745,4,d4963,34.034798
q5745,5,d314,32.775677
q5745,6,d133,32.400536
q5745,7,d6757,30.842142
q5745,8,d8060,30.119375
q5745,9,d5622,29.923033
q5745,10,d5870,29.305708
q5746,1,d5581,35.646420
q5746,2,d481,33.888901
q5746,3,d1525,29.040291
q5746,4,d5698,26.834429
q5746,5,d7034,26.765776
q5746,6,d400,25.786196
q5746,7,d536,25.730770
q5746,8,d1101,24.765646
q5746,9,d4643,23.770792
q5746,10,d463,23.537054
q5747,1,d5087,53.105244
q5747,2,d1101,52.313713
q5747,3,d3918,51.145035
q5747,4,d8060,39.416904
q5747,5,d189,39.399708
q5747,6,d5819,38.491943
q5747,7,d3297,36.553032
q5747,8,d5222,33.945553
q5747,9,d6593,32.291519
q5747,10,d5660,31.813580
q5748,1,d3625,112.394325
q5748,2,d6292,108.675797
q5748,3,d4069,73.408211
q5748,4,d3561,71.735641
q5748,5,d5748,69.824905
q5748,6,d7672,63.940201
q5748,7,d1706,59.454113
q5748,8,d156,59.355724
q5748,9,d2370,58.236187
q5748,10,d645,55.998386
q5749,1,d1101,51.347424
q5749,2,d1107,33.355190
q5749,3,d1630,32.781769
q5749,4,d4331,31.835167
q5749,5,d1959,29.393894
q5749,6,d3381,29.229004
q5749,7,d3130,27.788158
q5749,8,d1537,27.118174
q5749,9,d2705,24.981508
q5749,10,d4479,23.876839
q5750,1,d4918,24.745075
q5750,2,d2572,24.483955
q5750,3,d152,22.883348
q5750,4,d4627,20.563580
q5750,5,d2639,20.556410
q5750,6,d5982,19.974749
q5750,7,d1101,18.679203
q5750,8,d1671,18.302036
q5750,9,d6465,17.930464
q5750,10,d4119,17.488132
q5751,1,d4493,45.407578
q5751,2,d7114,43.243725
q5751,3,d5917,43.123730
q5751,4,d5277,42.822552
q5751,5,d2673,42.715843
q5751,6,d5012,40.479637
q5751,7,d4329,37.843685
q5751,8,d3310,35.561787
q5751,9,d3653,34.190468
q5751,10,d8527,33.920120
q5752,1,d1107,69.681595
q5752,2,d1907,55.567234
q5752,3,d3158,53.917629
q5752,4,d1959,53.249432
q5752,5,d6965,43.059250
q5752,6,d6159,41.698166
q5752,7,d5752,41.672146
q5752,8,d7287,40.651844
q5752,9,d142,40.094898
q5752,10,d6500,39.322765
q5753,1,d3297,62.076233
q5753,2,d2795,61.173443
q5753,3,d4072,54.394855
q5753,4,d3465,51.531738
q5753,5,d3115,50.879929
q5753,6,d2586,49.355274
q5753,7,d2918,49.311275
q5753,8,d4888,47.947395
q5753,9,d4471,47.802101
q5753,10,d2497,47.569466
q5754,1,d2837,91.020432
q5754,2,d1706,53.700188
q5754,3,d2997,53.040260
q5754,4,d837,41.598499
q5754,5,d155,37.029442
q5754,6,d1101,36.258427
q5754,7,d3217,34.322906
q5754,8,d4902,29.464777
q5754,9,d3068,27.744154
q5754,10,d1867,27.383387
q5755,1,d3415,63.546143
q5755,2,d2453,56.405880
q5755,3,d457,55.556835
q5755,4,d496,48.353447
q5755,5,d210,45.398098
q5755,6,d1101,31.044489
q5755,7,d7077,29.234335
q5755,8,d4493,28.389042
q5755,9,d7114,27.197399
q5755,10,d3310,25.708996
q5756,1,d4574,30.438787
q5756,2,d5837,27.005035
q5756,3,d1101,26.840372
q5756,4,d543,24.396797
q5756,5,d6742,23.556087
q5756,6,d6009,23.052338
q5756,7,d4329,22.989983
q5756,8,d6248,22.731445
q5756,9,d1671,22.398285
q5756,10,d7521,22.322479
q5757,1,d3378,81.240662
q5757,2,d3270,68.268036
q5757,3,d3889,59.337479
q5757,4,d3639,57.898457
q5757,5,d4135,57.279961
q5757,6,d2784,48.340771
q5757,7,d332,47.131851
q5757,8,d2884,45.224434
q5757,9,d2823,44.548023
q5757,10,d2681,43.313866
q5758,1,d1101,129.452896
q5758,2,d6641,95.059189
q5758,3,d1337,94.617020
q5758,4,d4260,89.329773
q5758,5,d7128,89.239799
q5758,6,d4718,88.892456
q5758,7,d2802,88.030579
q5758,8,d47,86.936806
q5758,9,d4329,86.768677
q5758,10,d8140,86.356018
q5759,1,d3898,114.692528
q5759,2,d7114,108.784119
q5759,3,d5917,98.996681
q5759,4,d5012,91.422714
q5759,5,d3653,86.614021
q5759,6,d4329,78.992332
q5759,7,d8527,76.846222
q5759,8,d4493,76.425888
q5759,9,d1989,70.018417
q5759,10,d4918,66.375557
q5760,1,d5760,40.762306
q5760,2,d6726,38.388309
q5760,3,d5005,38.141426
q5760,4,d3983,37.292168
q5760,5,d3543,37.076313
q5760,6,d1673,35.903751
q5760,7,d189,34.449940
q5760,8,d417,33.009701
q5760,9,d7155,32.719929
q5760,10,d3815,32.308689
q5761,1,d4748,41.913105
q5761,2,d152,41.011925
q5761,3,d2410,39.378918
q5761,4,d4487,39.354958
q5761,5,d2619,37.890663
q5761,6,d1101,37.890228
q5761,7,d5761,35.725567
q5761,8,d1671,35.530067
q5761,9,d6465,33.023708
q5761,10,d4508,31.659218
q5762,1,d2715,150.528275
q5762,2,d1101,63.534126
q5762,3,d7630,48.155083
q5762,4,d4171,44.744183
q5762,5,d5965,40.474213
q5762,6,d1848,37.930977
q5762,7,d201,37.614639
q5762,8,d4761,37.477875
q5762,9,d6777,36.728146
q5762,10,d1118,36.644325
q5763,1,d4331,101.585098
q5763,2,d3316,85.008507
q5763,3,d4230,79.036293
q5763,4,d1101,76.708878
q5763,5,d5763,76.564125
q5763,6,d2489,69.762016
q5763,7,d3238,68.776176
q5763,8,d155,66.903236
q5763,9,d3350,62.342010
q5763,10,d4574,61.626476
q5764,1,d2038,127.256073
q5764,2,d5513,117.848351
q5764,3,d4277,113.069427
q5764,4,d1395,112.401909
q5764,5,d6844,108.698669
q5764,6,d7745,108.572174
q5764,7,d2794,107.471428
q5764,8,d1332,105.098328
q5764,9,d3382,104.819481
q5764,10,d4411,103.950607
q5765,1,d6996,35.583267
q5765,2,d4148,33.611053
q5765,3,d2392,33.372047
q5765,4,d1101,33.255611
q5765,5,d5584,32.092834
q5765,6,d4979,32.082394
q5765,7,d3746,31.681822
q5765,8,d4912,29.685829
q5765,9,d6187,29.567673
q5765,10,d3726,29.464544
q5766,1,d2976,87.913109
q5766,2,d3530,84.632195
q5766,3,d4986,73.702629
q5766,4,d6595,72.446907
q5766,5,d4486,66.390694
q5766,6,d1101,45.898010
q5766,7,d4837,43.777466
q5766,8,d1653,41.079773
q5766,9,d4135,33.192234
q5766,10,d2681,32.462437
q5767,1,d8724,29.459541
q5767,2,d217,28.225019
q5767,3,d4086,27.776119
q5767,4,d1107,27.064596
q5767,5,d1101,26.290510
q5767,6,d2763,26.255886
q5767,7,d4730,25.802961
q5767,8,d3110,24.946659
q5767,9,d4403,24.429903
q5767,10,d8606,24.188026
q5768,1,d1748,48.690708
q5768,2,d8196,46.647602
q5768,3,d7258,46.086399
q5768,4,d1101,43.851540
q5768,5,d4881,42.423256
q5768,6,d6540,41.967079
q5768,7,d7202,41.138950
q5768,8,d6235,39.191067
q5768,9,d4043,38.109146
q5768,10,d7955,37.758549
q5769,1,d7162,40.401649
q5769,2,d8711,39.623470
q5769,3,d1101,38.783031
q5769,4,d4348,32.314396
q5769,5,d645,31.998585
q5769,6,d4163,29.773039
q5769,7,d1098,28.816944
q5769,8,d1947,28.550833
q5769,9,d781,28.303255
q5769,10,d5957,27.817127
q5770,1,d4911,44.834118
q5770,2,d555,41.199951
q5770,3,d1659,37.055134
q5770,4,d1624,35.895977
q5770,5,d3080,34.624794
q5770,6,d5453,31.312901
q5770,7,d5027,31.249765
q5770,8,d5870,31.066334
q5770,9,d2561,29.862444
q5770,10,d3335,29.626570
q5771,1,d1626,119.514648
q5771,2,d8414,118.755684
q5771,3,d217,110.939674
q5771,4,d2559,98.892143
q5771,5,d1913,92.496468
q5771,6,d2755,90.122574
q5771,7,d185,83.042992
q5771,8,d6217,81.086349
q5771,9,d3596,81.052185
q5771,10,d1101,81.004723
q5772,1,d1101,65.823524
q5772,2,d3316,43.877586
q5772,3,d7989,41.630219
q5772,4,d4861,36.914612
q5772,5,d4331,35.770359
q5772,6,d135,35.085773
q5772,7,d2489,33.521675
q5772,8,d6687,32.541683
q5772,9,d4230,32.241985
q5772,10,d2963,31.970497
q5773,1,d278,46.952511
q5773,2,d1382,43.606392
q5773,3,d3297,35.052639
q5773,4,d1101,33.915291
q5773,5,d703,30.522688
q5773,6,d4907,29.625786
q5773,7,d3317,29.053278
q5773,8,d1729,28.497223
q5773,9,d1835,26.642115
q5773,10,d4174,25.316086
q5774,1,d7989,52.774403
q5774,2,d6384,48.475742
q5774,3,d3783,47.698692
q5774,4,d2762,46.801517
q5774,5,d2540,46.512291
q5774,6,d7971,45.715755
q5774,7,d4463,45.235458
q5774,8,d4244,45.075756
q5774,9,d895,44.807594
q5774,10,d7522,44.749290
q5775,1,d3335,37.071068
q5775,2,d4911,36.723339
q5775,3,d4902,36.426422
q5775,4,d3218,35.103897
q5775,5,d1462,33.364017
q5775,6,d1659,32.876202
q5775,7,d2561,30.395065
q5775,8,d1101,28.522039
q5775,9,d6190,25.923136
q5775,10,d6489,25.878223
q5776,1,d1101,52.153778
q5776,2,d1615,38.193413
q5776,3,d477,34.154133
q5776,4,d3370,31.090168
q5776,5,d3022,29.364397
q5776,6,d2481,29.279284
q5776,7,d2863,27.834501
q5776,8,d2572,27.639267
q5776,9,d1709,27.459959
q5776,10,d405,26.637516
q5777,1,d1101,71.918228
q5777,2,d776,55.914062
q5777,3,d1227,49.743073
q5777,4,d2033,49.706425
q5777,5,d8158,49.161118
q5777,6,d5959,48.597786
q5777,7,d7155,46.873096
q5777,8,d115,44.817844
q5777,9,d2230,43.009605
q5777,10,d8003,42.738808
q5778,1,d1717,29.455877
q5778,2,d1101,25.480305
q5778,3,d2658,25.082853
q5778,4,d4309,24.360781
q5778,5,d1671,22.806822
q5778,6,d267,21.701227
q5778,7,d8024,21.429102
q5778,8,d5841,20.944790
q5778,9,d2876,20.872730
q5778,10,d4256,20.868505
q5779,1,d5014,53.563351
q5779,2,d3830,51.837894
q5779,3,d1677,42.589813
q5779,4,d2341,41.547089
q5779,5,d3590,41.189724
q5779,6,d4478,39.531326
q5779,7,d2733,38.878990
q5779,8,d4763,38.028805
q5779,9,d1227,37.759109
q5779,10,d5061,35.961452
q5780,1,d5257,69.343452
q5780,2,d5833,67.408157
q5780,3,d3007,64.608849
q5780,4,d4395,62.345394
q5780,5,d4579,60.302769
q5780,6,d4219,59.867115
q5780,7,d388,57.103123
q5780,8,d2690,53.276340
q5780,9,d1955,52.557045
q5780,10,d3553,50.263233
q5781,1,d1477,82.774208
q5781,2,d3620,77.430016
q5781,3,d194,76.549660
q5781,4,d3588,75.918221
q5781,5,d85,75.518967
q5781,6,d8606,65.105850
q5781,7,d8445,64.825249
q5781,8,d5622,63.922642
q5781,9,d1164,60.362827
q5781,10,d6726,59.671371
q5782,1,d1761,108.290131
q5782,2,d4868,80.281914
q5782,3,d3744,74.818024
q5782,4,d1615,71.501205
q5782,5,d4983,68.015793
q5782,6,d1774,63.051384
q5782,7,d1999,61.507065
q5782,8,d5703,56.713650
q5782,9,d1703,56.041782
q5782,10,d3173,55.134502
q5783,1,d1101,64.593376
q5783,2,d1537,49.403149
q5783,3,d4331,48.231239
q5783,4,d3350,47.991478
q5783,5,d2705,45.033146
q5783,6,d1630,43.729000
q5783,7,d4479,42.912487
q5783,8,d4507,41.506393
q5783,9,d3734,41.506393
q5783,10,d4066,38.076820
q5784,1,d4574,113.067711
q5784,2,d3933,55.623970
q5784,3,d454,50.656193
q5784,4,d5837,49.097717
q5784,5,d1101,48.285305
q5784,6,d3316,38.420731
q5784,7,d846,36.384670
q5784,8,d4947,36.235836
q5784,9,d3963,34.527027
q5784,10,d6687,33.767574
q5785,1,d1101,64.809921
q5785,2,d1929,47.197178
q5785,3,d4331,47.186127
q5785,4,d3285,46.599667
q5785,5,d3316,45.193893
q5785,6,d7743,43.006786
q5785,7,d2489,42.969418
q5785,8,d2700,41.745705
q5785,9,d3472,40.101521
q5785,10,d1737,39.822815
q5786,1,d2622,53.048019
q5786,2,d8145,48.692097
q5786,3,d4863,42.595379
q5786,4,d2897,41.947952
q5786,5,d4779,37.661602
q5786,6,d1101,34.645363
q5786,7,d1888,33.988804
q5786,8,d5648,32.420551
q5786,9,d2937,28.645382
q5786,10,d1318,28.550791
q5787,1,d3950,124.016914
q5787,2,d666,119.018745
q5787,3,d444,102.160385
q5787,4,d1047,74.138626
q5787,5,d2674,71.642250
q5787,6,d5912,62.382816
q5787,7,d1101,54.205208
q5787,8,d4171,52.772232
q5787,9,d5787,52.498001
q5787,10,d1284,52.064213
q5788,1,d1101,42.300800
q5788,2,d2705,36.805748
q5788,3,d5675,35.400028
q5788,4,d7608,33.383736
q5788,5,d6465,33.283512
q5788,6,d3350,32.368114
q5788,7,d8652,32.214088
q5788,8,d5543,29.879442
q5788,9,d4331,29.138367
q5788,10,d4479,29.047123
q5789,1,d1671,21.574610
q5789,2,d3984,19.116495
q5789,3,d3213,18.613186
q5789,4,d7410,18.392698
q5789,5,d47,18.136892
q5789,6,d961,17.969547
q5789,7,d2939,17.694096
q5789,8,d4469,17.559513
q5789,9,d8606,17.143446
q5789,10,d1239,16.786123
q5790,1,d3119,37.211414
q5790,2,d7669,35.742683
q5790,3,d940,34.381615
q5790,4,d3570,32.532543
q5790,5,d1528,31.404337
q5790,6,d2537,29.851498
q5790,7,d5602,25.123665
q5790,8,d2937,25.101608
q5790,9,d5146,22.684658
q5790,10,d135,21.548203
q5791,1,d5236,60.456738
q5791,2,d5053,52.442417
q5791,3,d7325,52.219536
q5791,4,d33,51.339684
q5791,5,d1101,51.079166
q5791,6,d6103,50.372341
q5791,7,d2061,46.974804
q5791,8,d6935,44.842823
q5791,9,d1748,43.852924
q5791,10,d7939,43.506805
q5792,1,d1881,77.949844
q5792,2,d1392,72.862930
q5792,3,d8352,68.661407
q5792,4,d2435,64.856308
q5792,5,d1799,64.284477
q5792,6,d1559,62.504261
q5792,7,d4983,60.665493
q5792,8,d4039,58.866283
q5792,9,d1101,57.822762
q5792,10,d1551,56.650963
q5793,1,d4769,55.985985
q5793,2,d1269,52.516293
q5793,3,d996,51.206516
q5793,4,d1622,50.998505
q5793,5,d8486,47.891006
q5793,6,d8387,47.891006
q5793,7,d3494,46.033512
q5793,8,d7547,44.467861
q5793,9,d5987,44.059574
q5793,10,d5836,42.687817
q5794,1,d1657,63.213840
q5794,2,d1010,51.495667
q5794,3,d2818,32.791702
q5794,4,d4331,31.507786
q5794,5,d4613,31.326223
q5794,6,d618,29.088959
q5794,7,d1630,28.828735
q5794,8,d7209,27.812595
q5794,9,d152,26.328766
q5794,10,d7994,25.057470
q5795,1,d1101,59.768028
q5795,2,d5543,33.556557
q5795,3,d6384,32.854115
q5795,4,d2072,29.503548
q5795,5,d4480,28.173571
q5795,6,d5870,27.768806
q5795,7,d4698,27.102533
q5795,8,d2949,26.775801
q5795,9,d1630,25.398245
q5795,10,d5965,25.369032
q5796,1,d1945,36.778816
q5796,2,d4420,31.999456
q5796,3,d1777,31.674301
q5796,4,d993,30.339632
q5796,5,d3152,29.339043
q5796,6,d4668,28.530247
q5796,7,d4574,26.438169
q5796,8,d7493,26.096411
q5796,9,d2929,24.838381
q5796,10,d476,23.588947
q5797,1,d5053,46.615482
q5797,2,d7325,46.417366
q5797,3,d5236,46.339550
q5797,4,d6103,44.775414
q5797,5,d2061,41.755383
q5797,6,d6935,36.912109
q5797,7,d6540,36.889645
q5797,8,d1748,36.261684
q5797,9,d6397,34.899258
q5797,10,d893,34.255146
q5798,1,d5053,93.230965
q5798,2,d7325,92.834724
q5798,3,d6103,92.573990
q5798,4,d5236,84.656799
q5798,5,d2061,83.510757
q5798,6,d6540,76.029358
q5798,7,d1748,71.176170
q5798,8,d6397,69.798515
q5798,9,d6235,68.485466
q5798,10,d6935,64.537476
q5799,1,d1101,61.948380
q5799,2,d5965,28.517241
q5799,3,d3316,28.168282
q5799,4,d5870,26.008183
q5799,5,d5842,25.696690
q5799,6,d846,25.491301
q5799,7,d2489,24.827101
q5799,8,d2937,23.131151
q5799,9,d2104,23.129206
q5799,10,d4331,22.907166
q5800,1,d5965,50.389656
q5800,2,d1101,49.471966
q5800,3,d5870,36.266762
q5800,4,d5660,27.887133
q5800,5,d6631,27.723694
q5800,6,d543,27.640617
q5800,7,d4036,27.578337
q5800,8,d3896,27.036264
q5800,9,d6555,26.931910
q5800,10,d6971,26.237972
q5801,1,d1101,50.165821
q5801,2,d1239,30.375538
q5801,3,d2104,30.253080
q5801,4,d3316,28.522961
q5801,5,d8606,28.332422
q5801,6,d4876,27.998716
q5801,7,d6575,25.639242
q5801,8,d560,24.878792
q5801,9,d5543,23.971600
q5801,10,d7043,23.917286
q5802,1,d541,46.041981
q5802,2,d6331,42.213120
q5802,3,d548,42.095608
q5802,4,d593,41.040794
q5802,5,d6384,39.982388
q5802,6,d2762,38.034565
q5802,7,d1101,35.566013
q5802,8,d469,34.849064
q5802,9,d5906,34.617249
q5802,10,d962,34.506447
q5803,1,d7960,133.960968
q5803,2,d3087,110.553024
q5803,3,d1083,93.878441
q5803,4,d4574,84.415207
q5803,5,d1101,64.188194
q5803,6,d1737,56.925728
q5803,7,d3898,51.261654
q5803,8,d8713,49.821854
q5803,9,d7743,48.200157
q5803,10,d3394,46.698353
q5804,1,d8220,48.695755
q5804,2,d8063,47.409389
q5804,3,d2158,47.374027
q5804,4,d1095,46.891949
q5804,5,d5200,45.761868
q5804,6,d2027,45.629196
q5804,7,d6363,45.412708
q5804,8,d5150,44.748493
q5804,9,d5946,43.155712
q5804,10,d1101,42.218273
q5805,1,d1101,61.312412
q5805,2,d217,50.939877
q5805,3,d8724,46.298256
q5805,4,d4403,46.298256
q5805,5,d4309,41.619083
q5805,6,d91,41.586796
q5805,7,d3844,40.196289
q5805,8,d1948,39.590382
q5805,9,d1913,39.501507
q5805,10,d3842,38.718315
q5806,1,d4132,60.712704
q5806,2,d2322,50.888844
q5806,3,d6737,47.709278
q5806,4,d1101,46.133953
q5806,5,d5648,40.360481
q5806,6,d4779,38.350941
q5806,7,d1627,37.365746
q5806,8,d2937,35.329517
q5806,9,d1888,32.769135
q5806,10,d243,32.620411
q5807,1,d7989,45.381664
q5807,2,d1632,44.373665
q5807,3,d6384,39.801842
q5807,4,d895,38.788628
q5807,5,d3783,38.399052
q5807,6,d4244,37.148685
q5807,7,d2540,36.853264
q5807,8,d3201,36.196648
q5807,9,d1101,35.333530
q5807,10,d7971,35.165962
q5808,1,d7140,75.180099
q5808,2,d3364,55.915607
q5808,3,d1101,55.828819
q5808,4,d4963,55.346321
q5808,5,d3473,53.403049
q5808,6,d314,53.337330
q5808,7,d6497,53.271114
q5808,8,d5597,52.239189
q5808,9,d1219,50.065151
q5808,10,d4473,49.685837
q5809,1,d1101,29.883232
q5809,2,d47,29.457264
q5809,3,d3285,28.555279
q5809,4,d7410,28.211592
q5809,5,d3710,27.397587
q5809,6,d7954,23.156214
q5809,7,d2939,22.541698
q5809,8,d4469,22.356392
q5809,9,d1704,21.541983
q5809,10,d1239,20.895109
q5810,1,d3137,46.988281
q5810,2,d3934,42.742908
q5810,3,d2958,26.695593
q5810,4,d4493,26.280334
q5810,5,d4823,26.224884
q5810,6,d3310,25.644665
q5810,7,d4174,24.802010
q5810,8,d1101,22.750097
q5810,9,d4392,21.731205
q5810,10,d3499,20.867958
q5811,1,d2489,50.549896
q5811,2,d1101,44.747925
q5811,3,d4149,41.469448
q5811,4,d135,40.226788
q5811,5,d4308,40.081734
q5811,6,d1929,39.611912
q5811,7,d4331,39.099781
q5811,8,d2937,37.173450
q5811,9,d192,35.721733
q5811,10,d1029,34.602501
q5812,1,d4908,84.344574
q5812,2,d8145,43.394878
q5812,3,d3378,35.160599
q5812,4,d2622,31.242157
q5812,5,d1101,30.051626
q5812,6,d1551,27.355284
q5812,7,d2071,23.601868
q5812,8,d3149,22.849455
q5812,9,d6482,22.666397
q5812,10,d6087,22.589901
q5813,1,d3734,77.369820
q5813,2,d3982,63.119411
q5813,3,d236,58.143879
q5813,4,d1537,49.403145
q5813,5,d5053,48.442097
q5813,6,d7325,48.371700
q5813,7,d5236,45.193508
q5813,8,d6103,44.775414
q5813,9,d1630,43.785736
q5813,10,d2061,41.755383
q5814,1,d7702,119.697525
q5814,2,d3861,98.397430
q5814,3,d2676,85.295265
q5814,4,d2776,54.755455
q5814,5,d1101,38.467304
q5814,6,d3316,28.337130
q5814,7,d47,22.319138
q5814,8,d7410,22.103922
q5814,9,d4712,20.868546
q5814,10,d4331,20.830236
q5815,1,d1615,71.794220
q5815,2,d1101,68.497627
q5815,3,d4208,55.446922
q5815,4,d4482,55.446922
q5815,5,d7983,51.713184
q5815,6,d273,49.189583
q5815,7,d6619,45.090416
q5815,8,d3486,44.832077
q5815,9,d7126,43.914444
q5815,10,d3453,43.762249
q5816,1,d4907,90.628693
q5816,2,d2919,88.469933
q5816,3,d7133,76.946899
q5816,4,d4140,75.380264
q5816,5,d7140,75.180099
q5816,6,d1107,67.718491
q5816,7,d3569,67.249710
q5816,8,d1996,63.008411
q5816,9,d4473,54.892029
q5816,10,d2668,51.340858
q5817,1,d1101,47.341972
q5817,2,d2491,36.943050
q5817,3,d2937,35.224533
q5817,4,d4434,32.481678
q5817,5,d5543,32.161831
q5817,6,d1231,31.742453
q5817,7,d8060,30.584574
q5817,8,d3316,30.025938
q5817,9,d6971,29.536661
q5817,10,d1174,28.542400
q5818,1,d7451,53.620251
q5818,2,d4045,50.476990
q5818,3,d2818,49.784821
q5818,4,d7940,45.690197
q5818,5,d7994,45.576180
q5818,6,d6971,45.460468
q5818,7,d6654,44.377708
q5818,8,d4346,43.582363
q5818,9,d1368,42.985756
q5818,10,d5241,42.690983
q5819,1,d135,34.995163
q5819,2,d2489,32.663349
q5819,3,d2937,31.225914
q5819,4,d1101,30.534870
q5819,5,d1929,27.492210
q5819,6,d7989,27.324713
q5819,7,d4574,26.475502
q5819,8,d4230,26.347466
q5819,9,d6687,25.697706
q5819,10,d3472,24.140636
q5820,1,d1101,63.908318
q5820,2,d469,44.846676
q5820,3,d6179,40.397968
q5820,4,d6384,39.801842
q5820,5,d599,39.743195
q5820,6,d3491,38.086792
q5820,7,d7989,37.956421
q5820,8,d974,37.838200
q5820,9,d1632,37.367493
q5820,10,d2762,37.048702
q5821,1,d4563,62.961353
q5821,2,d1101,49.104225
q5821,3,d5854,39.643295
q5821,4,d5965,38.037201
q5821,5,d5520,37.536514
q5821,6,d6726,37.417038
q5821,7,d8089,37.371616
q5821,8,d6783,35.505768
q5821,9,d6593,34.510124
q5821,10,d5870,33.849545
q5822,1,d4036,91.401070
q5822,2,d3896,89.932076
q5822,3,d5870,89.538002
q5822,4,d6631,86.369759
q5822,5,d8060,83.921295
q5822,6,d5531,83.792175
q5822,7,d6555,83.482399
q5822,8,d3757,82.841743
q5822,9,d6971,82.270012
q5822,10,d5965,80.902824
q5823,1,d3270,52.730270
q5823,2,d3378,46.495872
q5823,3,d3530,35.807209
q5823,4,d4135,34.675812
q5823,5,d3889,34.675812
q5823,6,d2732,34.409470
q5823,7,d1101,33.953049
q5823,8,d1714,33.926682
q5823,9,d7119,32.685295
q5823,10,d332,29.324408
q5824,1,d1101,32.159489
q5824,2,d1671,24.841743
q5824,3,d5571,24.580036
q5824,4,d8606,20.761478
q5824,5,d3599,20.574242
q5824,6,d961,19.991865
q5824,7,d5648,19.159878
q5824,8,d3984,19.116495
q5824,9,d8158,18.901011
q5824,10,d3213,18.613186
q5825,1,d6465,60.703281
q5825,2,d6783,56.274155
q5825,3,d5819,56.251186
q5825,4,d6386,55.179703
q5825,5,d6578,54.234760
q5825,6,d6726,52.374649
q5825,7,d6593,51.734444
q5825,8,d2972,48.475639
q5825,9,d5473,47.498611
q5825,10,d6133,47.332813
q5826,1,d1101,30.121590
q5826,2,d1929,29.371445
q5826,3,d4331,27.414524
q5826,4,d1640,24.157719
q5826,5,d897,21.631149
q5826,6,d3983,21.535458
q5826,7,d2099,20.929356
q5826,8,d4485,20.849340
q5826,9,d5435,20.500648
q5826,10,d3316,20.055683
q5827,1,d2493,87.826126
q5827,2,d1815,79.241096
q5827,3,d6573,53.911499
q5827,4,d4896,52.915836
q5827,5,d152,52.700089
q5827,6,d8612,52.663769
q5827,7,d6122,51.103481
q5827,8,d439,50.866066
q5827,9,d7091,50.859303
q5827,10,d191,50.747673
q5828,1,d3457,26.691164
q5828,2,d3983,25.555834
q5828,3,d7716,22.334827
q5828,4,d2006,21.041325
q5828,5,d4360,21.038239
q5828,6,d2410,20.619141
q5828,7,d1640,19.915915
q5828,8,d1982,19.444469
q5828,9,d6965,19.283060
q5828,10,d4839,18.864771
q5829,1,d149,65.799675
q5829,2,d251,57.420441
q5829,3,d5965,57.111622
q5829,4,d1101,53.671913
q5829,5,d5870,48.651962
q5829,6,d3896,48.274193
q5829,7,d4036,47.178829
q5829,8,d6631,44.907536
q5829,9,d6555,42.885681
q5829,10,d3757,42.845093
q5830,1,d4896,87.645020
q5830,2,d6606,73.526268
q5830,3,d5609,71.676422
q5830,4,d5113,70.834808
q5830,5,d2077,69.668358
q5830,6,d5933,69.503105
q5830,7,d5477,68.657440
q5830,8,d8307,65.179718
q5830,9,d613,63.616615
q5830,10,d1101,63.113182
q5831,1,d1101,96.093964
q5831,2,d1749,70.875717
q5831,3,d5251,67.401505
q5831,4,d6754,58.764763
q5831,5,d3316,55.847752
q5831,6,d4712,43.096146
q5831,7,d5611,42.377434
q5831,8,d6555,42.071228
q5831,9,d6631,41.865162
q5831,10,d4331,41.088943
q5832,1,d6465,117.641998
q5832,2,d3420,113.559830
q5832,3,d2572,106.601135
q5832,4,d5675,100.814781
q5832,5,d2086,99.692024
q5832,6,d2410,99.446266
q5832,7,d4165,98.764984
q5832,8,d7270,97.672508
q5832,9,d4627,93.501419
q5832,10,d4918,92.194580
q5833,1,d4395,93.914413
q5833,2,d4579,93.327751
q5833,3,d5257,86.679306
q5833,4,d4219,83.888672
q5833,5,d5833,83.314232
q5833,6,d3007,80.761063
q5833,7,d388,80.529068
q5833,8,d6944,73.187561
q5833,9,d689,66.995094
q5833,10,d3553,62.829041
q5834,1,d144,128.725967
q5834,2,d4484,82.915062
q5834,3,d1101,66.665710
q5834,4,d4803,59.642380
q5834,5,d3868,59.501801
q5834,6,d4963,55.466415
q5834,7,d5597,54.097771
q5834,8,d7743,52.843788
q5834,9,d3297,51.871277
q5834,10,d3142,51.119877
q5835,1,d2322,66.333771
q5835,2,d5251,65.715782
q5835,3,d846,58.124275
q5835,4,d871,57.555431
q5835,5,d2773,56.343895
q5835,6,d2726,53.170967
q5835,7,d4419,48.928928
q5835,8,d1029,47.777374
q5835,9,d7698,45.313744
q5835,10,d664,44.012955
q5836,1,d1101,69.580658
q5836,2,d4702,45.973682
q5836,3,d6668,40.667194
q5836,4,d6814,35.787792
q5836,5,d3640,35.300919
q5836,6,d3985,34.225842
q5836,7,d1737,30.972210
q5836,8,d4331,30.946741
q5836,9,d1615,30.696724
q5836,10,d3316,30.614662
q5837,1,d5837,151.987396
q5837,2,d7144,148.080154
q5837,3,d4574,128.457535
q5837,4,d1101,79.957138
q5837,5,d3963,62.059803
q5837,6,d8545,56.245129
q5837,7,d1392,56.021152
q5837,8,d3060,54.600876
q5837,9,d6815,52.827770
q5837,10,d4947,52.307575
q5838,1,d5854,32.585056
q5838,2,d3844,31.964760
q5838,3,d5520,30.244326
q5838,4,d8089,30.088341
q5838,5,d6593,28.509474
q5838,6,d4135,28.462721
q5838,7,d1790,26.333166
q5838,8,d4543,26.308918
q5838,9,d3213,26.134529
q5838,10,d6783,25.680519
q5839,1,d1799,54.532879
q5839,2,d1101,54.207573
q5839,3,d1559,53.056499
q5839,4,d5965,40.808872
q5839,5,d5870,37.147076
q5839,6,d1881,36.937546
q5839,7,d463,36.474754
q5839,8,d4174,35.443699
q5839,9,d7217,33.831482
q5839,10,d5543,33.478077
q5840,1,d4779,83.097603
q5840,2,d1888,75.342270
q5840,3,d1101,70.172256
q5840,4,d5648,66.586609
q5840,5,d7875,62.660164
q5840,6,d4027,58.696030
q5840,7,d3179,53.063839
q5840,8,d2809,52.003742
q5840,9,d4942,50.119873
q5840,10,d47,46.791683
q5841,1,d1089,62.033512
q5841,2,d1263,60.271267
q5841,3,d6157,51.366531
q5841,4,d8721,49.452427
q5841,5,d5190,47.531689
q5841,6,d1535,47.498024
q5841,7,d1101,44.923840
q5841,8,d5750,44.479950
q5841,9,d616,43.746826
q5841,10,d5167,41.685612
q5842,1,d2972,36.356728
q5842,2,d5236,35.900707
q5842,3,d1101,35.646606
q5842,4,d5053,34.961613
q5842,5,d4156,34.865170
q5842,6,d7325,34.813026
q5842,7,d6103,33.581558
q5842,8,d1537,31.951374
q5842,9,d2061,31.316538
q5842,10,d6935,29.010761
q5843,1,d2489,55.088295
q5843,2,d4230,54.116390
q5843,3,d4331,53.383896
q5843,4,d466,49.654133
q5843,5,d4574,48.015545
q5843,6,d3316,46.890377
q5843,7,d1737,42.942982
q5843,8,d3408,42.638092
q5843,9,d414,40.584690
q5843,10,d7685,40.548187
q5844,1,d1799,55.206047
q5844,2,d1881,51.753181
q5844,3,d1559,47.695892
q5844,4,d3561,47.376652
q5844,5,d1101,47.354759
q5844,6,d1706,38.586201
q5844,7,d8352,36.971527
q5844,8,d1227,34.346581
q5844,9,d1392,34.077499
q5844,10,d4433,33.337448
q5845,1,d1639,51.542465
q5845,2,d4839,51.180809
q5845,3,d4036,49.708054
q5845,4,d367,48.660667
q5845,5,d328,42.531780
q5845,6,d2488,38.878853
q5845,7,d4296,37.426353
q5845,8,d3492,36.134689
q5845,9,d421,32.832512
q5845,10,d7270,31.959759
q5846,1,d1101,31.147293
q5846,2,d4156,30.325546
q5846,3,d3585,29.566298
q5846,4,d2266,27.309599
q5846,5,d6991,25.656569
q5846,6,d6128,24.666935
q5846,7,d7621,23.484322
q5846,8,d4455,22.613876
q5846,9,d5238,22.612675
q5846,10,d2532,21.536581
q5847,1,d3839,113.191109
q5847,2,d4455,100.148895
q5847,3,d1101,70.786591
q5847,4,d3955,65.696121
q5847,5,d5382,64.403961
q5847,6,d633,51.984638
q5847,7,d3316,46.376183
q5847,8,d6853,45.994789
q5847,9,d8113,45.328663
q5847,10,d4337,44.718044
q5848,1,d2500,99.277122
q5848,2,d8527,90.019287
q5848,3,d6960,80.156120
q5848,4,d1782,76.512802
q5848,5,d4395,72.527184
q5848,6,d1101,72.396927
q5848,7,d1784,72.229607
q5848,8,d8549,70.939919
q5848,9,d3799,70.449387
q5848,10,d1794,66.081253
q5849,1,d4579,50.929321
q5849,2,d6944,48.788567
q5849,3,d4078,35.090034
q5849,4,d4395,34.113529
q5849,5,d6676,33.772640
q5849,6,d1101,33.489418
q5849,7,d388,32.576107
q5849,8,d2937,28.309175
q5849,9,d444,22.355999
q5849,10,d8713,21.697792
q5850,1,d2122,34.765900
q5850,2,d60,33.103615
q5850,3,d108,29.364759
q5850,4,d410,28.611696
q5850,5,d1049,27.983349
q5850,6,d2067,27.623987
q5850,7,d3080,26.527128
q5850,8,d2911,25.919233
q5850,9,d3288,24.522511
q5850,10,d1101,23.781477
q5851,1,d1101,78.063148
q5851,2,d4331,52.172462
q5851,3,d3316,40.967773
q5851,4,d5543,37.803017
q5851,5,d4966,36.374100
q5851,6,d3104,35.213810
q5851,7,d2706,33.168415
q5851,8,d135,32.791710
q5851,9,d2489,32.269489
q5851,10,d3285,30.094788
q5852,1,d4510,120.859039
q5852,2,d1047,100.936867
q5852,3,d3270,90.642822
q5852,4,d3378,90.286850
q5852,5,d5087,79.972954
q5852,6,d3889,71.775513
q5852,7,d4135,67.730858
q5852,8,d7133,66.434486
q5852,9,d4475,64.001114
q5852,10,d7069,58.460312
q5853,1,d7847,150.800934
q5853,2,d5053,133.325333
q5853,3,d7325,121.845573
q5853,4,d6103,117.535439
q5853,5,d5236,115.067497
q5853,6,d2061,109.607864
q5853,7,d1101,104.736000
q5853,8,d6540,101.758598
q5853,9,d6235,93.746895
q5853,10,d6397,91.610535
q5854,1,d1101,62.679451
q5854,2,d3694,43.891212
q5854,3,d3409,40.481121
q5854,4,d1737,39.657722
q5854,5,d3316,38.658390
q5854,6,d8527,37.394363
q5854,7,d8549,36.920483
q5854,8,d7743,36.160843
q5854,9,d2500,33.200314
q5854,10,d1794,32.245171
q5855,1,d4069,103.994949
q5855,2,d3625,100.707924
q5855,3,d5748,98.918610
q5855,4,d7672,90.581970
q5855,5,d182,88.905067
q5855,6,d24,88.841820
q5855,7,d6163,76.894112
q5855,8,d664,75.976608
q5855,9,d2370,56.507534
q5855,10,d312,54.646385
q5856,1,d2261,99.402534
q5856,2,d1789,97.025673
q5856,3,d320,96.784668
q5856,4,d4378,88.985397
q5856,5,d561,88.291206
q5856,6,d8637,77.228912
q5856,7,d8390,76.533615
q5856,8,d7246,74.375755
q5856,9,d4954,70.546997
q5856,10,d4180,68.531631
q5857,1,d1101,100.605415
q5857,2,d679,62.101131
q5857,3,d7989,59.554749
q5857,4,d865,54.258110
q5857,5,d895,50.974457
q5857,6,d1276,49.456764
q5857,7,d1337,44.693504
q5857,8,d1070,43.871670
q5857,9,d6187,43.023418
q5857,10,d2104,41.797825
q5858,1,d1101,83.654343
q5858,2,d2705,50.262329
q5858,3,d3350,48.642113
q5858,4,d4331,46.775135
q5858,5,d1630,44.132545
q5858,6,d6128,44.097321
q5858,7,d4479,43.570683
q5858,8,d4419,43.538574
q5858,9,d1537,43.498817
q5858,10,d3848,41.685665
q5859,1,d1101,25.139910
q5859,2,d1929,20.308399
q5859,3,d2939,19.309963
q5859,4,d3034,19.282358
q5859,5,d845,19.276279
q5859,6,d4469,19.158474
q5859,7,d3984,19.116495
q5859,8,d7410,18.692726
q5859,9,d3213,18.613186
q5859,10,d47,18.473982
q5860,1,d1704,48.962025
q5860,2,d2572,43.716927
q5860,3,d2406,43.243183
q5860,4,d1101,40.192360
q5860,5,d3022,39.405964
q5860,6,d1729,36.771889
q5860,7,d2863,35.026455
q5860,8,d3034,33.641758
q5860,9,d3615,33.303959
q5860,10,d477,32.608288
q5861,1,d4779,358.166504
q5861,2,d1888,327.911591
q5861,3,d5648,308.971649
q5861,4,d7875,175.389328
q5861,5,d2937,169.186188
q5861,6,d4027,158.755936
q5861,7,d4942,141.246887
q5861,8,d2456,133.227997
q5861,9,d1782,126.687798
q5861,10,d6255,115.779968
q5862,1,d4855,59.221394
q5862,2,d3207,43.023190
q5862,3,d1101,42.459023
q5862,4,d8713,40.533199
q5862,5,d2559,38.783279
q5862,6,d3316,36.125290
q5862,7,d3487,35.780415
q5862,8,d3599,35.513660
q5862,9,d4230,35.484726
q5862,10,d2566,35.450333
q5863,1,d1101,63.447113
q5863,2,d1907,52.176224
q5863,3,d1836,41.316048
q5863,4,d3432,39.428585
q5863,5,d6593,38.397381
q5863,6,d6253,37.990154
q5863,7,d5965,37.413960
q5863,8,d8701,36.504692
q5863,9,d1929,36.018700
q5863,10,d3316,34.116062
q5864,1,d1925,96.358521
q5864,2,d4665,95.194145
q5864,3,d4327,86.173073
q5864,4,d3211,83.675880
q5864,5,d3598,83.169136
q5864,6,d8318,80.480339
q5864,7,d3378,72.540482
q5864,8,d5992,68.557030
q5864,9,d1915,63.410080
q5864,10,d668,62.067772
q5865,1,d7734,61.482956
q5865,2,d1101,55.778969
q5865,3,d1118,46.370537
q5865,4,d3316,44.213924
q5865,5,d5053,44.094688
q5865,6,d5461,42.729553
q5865,7,d3267,41.598045
q5865,8,d4906,41.227016
q5865,9,d1934,40.894333
q5865,10,d1287,40.831516
q5866,1,d7209,48.245838
q5866,2,d1047,39.978046
q5866,3,d2685,32.634769
q5866,4,d7117,30.064789
q5866,5,d3536,29.753046
q5866,6,d1287,29.580502
q5866,7,d6638,29.476681
q5866,8,d7259,29.200668
q5866,9,d5307,28.949461
q5866,10,d2944,28.850925
q5867,1,d1525,29.561844
q5867,2,d5581,27.578796
q5867,3,d400,25.440508
q5867,4,d7209,25.282543
q5867,5,d4039,25.276951
q5867,6,d393,23.759163
q5867,7,d481,22.539408
q5867,8,d3809,21.762186
q5867,9,d5698,21.467543
q5867,10,d7034,21.412621
q5868,1,d2928,74.705582
q5868,2,d388,35.995110
q5868,3,d1101,31.552467
q5868,4,d615,30.373840
q5868,5,d3992,30.325644
q5868,6,d7059,27.447870
q5868,7,d7736,25.661896
q5868,8,d3134,25.327177
q5868,9,d5488,25.093180
q5868,10,d4574,23.855286
q5869,1,d5869,42.834854
q5869,2,d3157,28.263414
q5869,3,d4494,26.617109
q5869,4,d3513,26.168615
q5869,5,d469,25.990061
q5869,6,d3072,25.660887
q5869,7,d1101,24.424046
q5869,8,d3562,22.786037
q5869,9,d4617,22.736231
q5869,10,d8067,22.237764
q5870,1,d314,50.307762
q5870,2,d1101,47.423195
q5870,3,d4963,46.607452
q5870,4,d5606,44.954639
q5870,5,d5611,39.777214
q5870,6,d3473,37.850872
q5870,7,d7114,35.546402
q5870,8,d133,35.392395
q5870,9,d5597,35.341648
q5870,10,d5012,35.247917
q5871,1,d8060,35.955883
q5871,2,d1101,34.071781
q5871,3,d477,33.372707
q5871,4,d4455,29.993011
q5871,5,d5870,29.133059
q5871,6,d7155,26.627195
q5871,7,d5332,26.327831
q5871,8,d6726,25.669878
q5871,9,d3370,25.163969
q5871,10,d5819,25.016655
q5872,1,d3378,89.537003
q5872,2,d3889,73.187416
q5872,3,d5460,71.501259
q5872,4,d1980,61.100525
q5872,5,d7536,55.197868
q5872,6,d3639,53.041290
q5872,7,d2916,52.762890
q5872,8,d5184,52.090210
q5872,9,d3244,51.720791
q5872,10,d3144,51.600735
q5873,1,d1101,55.589573
q5873,2,d5053,40.788548
q5873,3,d7325,40.615196
q5873,4,d6103,39.178486
q5873,5,d5236,38.828045
q5873,6,d2061,36.535961
q5873,7,d6397,33.354763
q5873,8,d1748,33.251259
q5873,9,d6540,32.278439
q5873,10,d2762,31.683949
q5874,1,d1101,40.638340
q5874,2,d2632,38.652695
q5874,3,d429,37.260132
q5874,4,d3856,31.582146
q5874,5,d6128,31.158058
q5874,6,d192,30.372183
q5874,7,d4250,29.849964
q5874,8,d3658,28.878330
q5874,9,d347,28.659500
q5874,10,d1561,28.382954
q5875,1,d3842,54.130833
q5875,2,d4525,50.104160
q5875,3,d1636,49.167255
q5875,4,d1974,39.626385
q5875,5,d4073,39.626385
q5875,6,d1987,37.698757
q5875,7,d722,37.326626
q5875,8,d387,34.871555
q5875,9,d1101,33.947262
q5875,10,d280,31.992439
q5876,1,d1101,76.160057
q5876,2,d2453,74.958725
q5876,3,d457,74.163177
q5876,4,d496,69.843864
q5876,5,d3415,66.378326
q5876,6,d729,59.067665
q5876,7,d4279,58.168110
q5876,8,d1626,55.898415
q5876,9,d3522,53.571049
q5876,10,d1724,53.109409
q5877,1,d1101,47.387970
q5877,2,d3316,32.958969
q5877,3,d4331,32.887310
q5877,4,d6384,25.525890
q5877,5,d2104,25.255552
q5877,6,d6128,21.118130
q5877,7,d5870,19.927443
q5877,8,d6575,19.575029
q5877,9,d1929,18.931166
q5877,10,d410,18.893412
q5878,1,d481,62.908012
q5878,2,d1284,60.402596
q5878,3,d2724,55.469521
q5878,4,d8701,54.383255
q5878,5,d2818,54.365765
q5878,6,d765,53.666340
q5878,7,d4582,51.628559
q5878,8,d5826,47.548016
q5878,9,d4995,46.875225
q5878,10,d3278,45.937920
q5879,1,d1101,82.886688
q5879,2,d2937,63.427090
q5879,3,d3316,52.524029
q5879,4,d7639,52.431721
q5879,5,d1929,52.377182
q5879,6,d4331,49.286934
q5879,7,d4574,48.972179
q5879,8,d7332,48.002274
q5879,9,d3652,47.352486
q5879,10,d1664,45.357067
q5880,1,d236,30.923225
q5880,2,d1101,30.074541
q5880,3,d7155,27.823914
q5880,4,d3297,21.336441
q5880,5,d8158,20.534084
q5880,6,d703,20.348459
q5880,7,d7325,19.360847
q5880,8,d32,18.819693
q5880,9,d961,18.468973
q5880,10,d5236,18.388090
q5881,1,d4331,46.015739
q5881,2,d1117,42.620964
q5881,3,d1101,37.679195
q5881,4,d7209,34.016075
q5881,5,d4896,33.839314
q5881,6,d8701,33.086235
q5881,7,d2505,32.486710
q5881,8,d1029,30.670204
q5881,9,d4171,30.270050
q5881,10,d3080,30.229725
q5882,1,d1101,52.282578
q5882,2,d7989,30.172478
q5882,3,d2762,29.267616
q5882,4,d6384,28.751858
q5882,5,d152,28.225477
q5882,6,d4896,27.710630
q5882,7,d5965,27.342968
q5882,8,d5870,26.008181
q5882,9,d4331,25.145962
q5882,10,d243,25.014891
q5883,1,d4403,60.683182
q5883,2,d8724,60.683182
q5883,3,d217,56.166397
q5883,4,d1671,52.141006
q5883,5,d91,50.736652
q5883,6,d2410,49.744728
q5883,7,d4165,48.628910
q5883,8,d5958,45.593071
q5883,9,d3373,45.413712
q5883,10,d4309,44.655724
q5884,1,d6415,83.490921
q5884,2,d1101,57.323929
q5884,3,d3308,53.991455
q5884,4,d7162,43.812649
q5884,5,d5563,40.726967
q5884,6,d4791,38.224007
q5884,7,d3316,37.726578
q5884,8,d3536,33.427368
q5884,9,d481,32.730297
q5884,10,d4348,32.314396
q5885,1,d1101,49.333168
q5885,2,d2677,46.498260
q5885,3,d2104,44.974316
q5885,4,d5277,36.949039
q5885,5,d1902,33.010918
q5885,6,d447,29.902889
q5885,7,d3978,29.108604
q5885,8,d5581,28.607716
q5885,9,d4331,27.982216
q5885,10,d6825,27.464167
q5886,1,d2154,50.219139
q5886,2,d7534,44.583279
q5886,3,d258,44.573673
q5886,4,d6133,44.144726
q5886,5,d7233,42.486820
q5886,6,d7264,40.864990
q5886,7,d840,40.455917
q5886,8,d5702,39.681339
q5886,9,d7827,39.666145
q5886,10,d3316,37.636051
q5887,1,d783,90.003807
q5887,2,d666,81.552322
q5887,3,d3745,76.228188
q5887,4,d3412,72.876289
q5887,5,d444,45.091404
q5887,6,d1630,44.083427
q5887,7,d4331,39.245232
q5887,8,d7875,37.725590
q5887,9,d1101,36.950787
q5887,10,d4896,32.855316
q5888,1,d3839,31.391821
q5888,2,d1101,31.065680
q5888,3,d4455,27.487476
q5888,4,d7410,18.669212
q5888,5,d3213,18.087952
q5888,6,d47,17.893358
q5888,7,d5870,17.110970
q5888,8,d7743,16.856386
q5888,9,d1704,16.616247
q5888,10,d4930,16.287846
q5889,1,d1101,76.654083
q5889,2,d4861,70.531372
q5889,3,d3842,53.891418
q5889,4,d1636,49.167255
q5889,5,d1630,47.897228
q5889,6,d7900,46.955803
q5889,7,d1622,46.872360
q5889,8,d4525,46.390209
q5889,9,d2960,46.146130
q5889,10,d7743,44.865250
q5890,1,d1799,47.769180
q5890,2,d1559,47.542786
q5890,3,d4174,44.432320
q5890,4,d1881,40.372162
q5890,5,d250,38.962093
q5890,6,d1101,37.205910
q5890,7,d8352,36.301495
q5890,8,d2104,34.222347
q5890,9,d629,33.598099
q5890,10,d902,33.381420
q5891,1,d481,54.766167
q5891,2,d5134,47.575947
q5891,3,d3427,46.026173
q5891,4,d1101,43.050270
q5891,5,d453,42.321564
q5891,6,d6594,40.988979
q5891,7,d149,39.848270
q5891,8,d3144,39.006615
q5891,9,d8701,38.993145
q5891,10,d5543,36.897045
q5892,1,d5656,70.477943
q5892,2,d5726,66.365425
q5892,3,d2481,60.438572
q5892,4,d2701,59.679123
q5892,5,d2992,58.636604
q5892,6,d7883,58.459969
q5892,7,d5369,57.501812
q5892,8,d4473,56.752350
q5892,9,d4823,54.828362
q5892,10,d4493,53.238247
q5893,1,d618,46.538799
q5893,2,d1101,43.672527
q5893,3,d2949,39.041470
q5893,4,d6384,35.410751
q5893,5,d4659,34.184170
q5893,6,d194,34.153461
q5893,7,d163,34.087543
q5893,8,d164,32.418743
q5893,9,d4297,30.501852
q5893,10,d7024,29.892273
q5894,1,d1101,57.465073
q5894,2,d4672,41.197216
q5894,3,d1006,38.603287
q5894,4,d8379,37.448372
q5894,5,d1077,34.817234
q5894,6,d162,34.068687
q5894,7,d1452,32.926395
q5894,8,d1088,31.422768
q5894,9,d1942,31.111269
q5894,10,d1856,31.104843
q5895,1,d8196,36.634205
q5895,2,d7202,36.589981
q5895,3,d2279,34.430183
q5895,4,d7258,33.453075
q5895,5,d1101,32.297661
q5895,6,d1787,32.207176
q5895,7,d6620,30.915705
q5895,8,d3522,30.363590
q5895,9,d4043,30.121958
q5895,10,d6206,29.284323
q5896,1,d4779,50.476841
q5896,2,d1888,48.962002
q5896,3,d1101,47.008060
q5896,4,d2937,46.522068
q5896,5,d5648,42.690357
q5896,6,d4027,36.572971
q5896,7,d7875,32.180054
q5896,8,d1929,28.718618
q5896,9,d3453,28.638100
q5896,10,d3458,28.159576
q5897,1,d4074,55.291370
q5897,2,d4932,52.700268
q5897,3,d1615,49.245628
q5897,4,d4339,47.033825
q5897,5,d1860,41.507759
q5897,6,d1986,41.303875
q5897,7,d1313,41.088734
q5897,8,d1936,41.029556
q5897,9,d1101,40.647526
q5897,10,d3186,40.633789
q5898,1,d5543,56.227444
q5898,2,d2823,54.902451
q5898,3,d1101,54.297325
q5898,4,d8060,50.832047
q5898,5,d4240,47.388542
q5898,6,d4448,47.222374
q5898,7,d7046,46.745575
q5898,8,d2555,46.627728
q5898,9,d7716,45.557014
q5898,10,d1942,45.466442
q5899,1,d8529,46.198254
q5899,2,d1225,25.534761
q5899,3,d7209,25.223963
q5899,4,d4331,24.145473
q5899,5,d3350,22.671631
q5899,6,d7787,22.064198
q5899,7,d2074,20.497482
q5899,8,d3811,19.883760
q5899,9,d3711,19.354383
q5899,10,d1782,19.043015
q5900,1,d6133,180.531219
q5900,2,d930,177.208954
q5900,3,d1435,167.414673
q5900,4,d7108,155.286072
q5900,5,d5529,153.548309
q5900,6,d7233,146.307251
q5900,7,d6188,142.657120
q5900,8,d1297,142.599960
q5900,9,d8488,133.792664
q5900,10,d6620,123.040176
q5901,1,d4250,19.103563
q5901,2,d192,18.637501
q5901,3,d5050,16.529505
q5901,4,d4331,16.387848
q5901,5,d1029,16.215483
q5901,6,d135,16.108854
q5901,7,d1173,15.861805
q5901,8,d1836,14.864326
q5901,9,d152,14.797917
q5901,10,d4086,14.045183
q5902,1,d1107,69.330795
q5902,2,d1959,55.514153
q5902,3,d1101,54.519058
q5902,4,d119,46.174210
q5902,5,d1983,44.219955
q5902,6,d3787,43.388638
q5902,7,d2078,42.515408
q5902,8,d3179,42.417332
q5902,9,d7579,41.291576
q5902,10,d2539,39.941597
q5903,1,d1101,62.774937
q5903,2,d685,52.479389
q5903,3,d4593,50.651260
q5903,4,d1615,48.311954
q5903,5,d2240,47.884499
q5903,6,d47,47.090958
q5903,7,d7410,46.007271
q5903,8,d2469,42.262909
q5903,9,d4954,39.828804
q5903,10,d1704,39.384258
q5904,1,d1101,60.207863
q5904,2,d6384,42.243130
q5904,3,d6187,41.410103
q5904,4,d4463,39.179092
q5904,5,d5965,38.660446
q5904,6,d4542,38.289402
q5904,7,d7989,37.795727
q5904,8,d3258,37.570095
q5904,9,d2540,36.774048
q5904,10,d5053,36.197872
q5905,1,d1101,59.241730
q5905,2,d3844,58.904984
q5905,3,d2989,48.834900
q5905,4,d4543,46.330017
q5905,5,d1716,43.953701
q5905,6,d4796,43.180149
q5905,7,d3495,43.049862
q5905,8,d185,41.954208
q5905,9,d1718,41.425011
q5905,10,d3842,40.306404
q5906,1,d1101,58.486687
q5906,2,d7144,49.360043
q5906,3,d4417,49.260822
q5906,4,d3639,47.812008
q5906,5,d2731,45.306511
q5906,6,d7841,43.524376
q5906,7,d3316,41.112396
q5906,8,d3285,40.911137
q5906,9,d2700,39.891632
q5906,10,d2841,38.571053
q5907,1,d1227,42.485500
q5907,2,d2733,42.210136
q5907,3,d1101,38.657860
q5907,4,d1687,30.252720
q5907,5,d135,28.713615
q5907,6,d7521,28.271591
q5907,7,d6949,28.172537
q5907,8,d1827,27.919357
q5907,9,d1332,27.062197
q5907,10,d2080,26.122505
q5908,1,d1101,69.197189
q5908,2,d7209,59.340939
q5908,3,d2818,50.444099
q5908,4,d4331,47.971741
q5908,5,d1287,46.621571
q5908,6,d3316,42.517284
q5908,7,d7492,36.044357
q5908,8,d3104,35.213810
q5908,9,d6971,35.101795
q5908,10,d4346,33.518299
q5909,1,d6465,67.914314
q5909,2,d5675,61.920410
q5909,3,d5543,53.231522
q5909,4,d5965,49.575485
q5909,5,d2572,47.345634
q5909,6,d4120,46.827118
q5909,7,d6314,45.573597
q5909,8,d6443,44.744331
q5909,9,d6699,44.732162
q5909,10,d7259,43.873234
q5910,1,d1101,33.581207
q5910,2,d7471,25.492773
q5910,3,d132,24.153137
q5910,4,d293,21.507607
q5910,5,d7366,21.411093
q5910,6,d3621,20.080696
q5910,7,d5611,19.821735
q5910,8,d5181,19.363251
q5910,9,d3093,19.152725
q5910,10,d1118,18.911520
q5911,1,d358,49.604130
q5911,2,d1101,49.465076
q5911,3,d4331,46.026127
q5911,4,d3316,43.861668
q5911,5,d3121,41.291706
q5911,6,d3285,40.962917
q5911,7,d1858,39.340492
q5911,8,d2700,36.407272
q5911,9,d5061,36.352592
q5911,10,d2489,35.520836
q5912,1,d5912,190.258621
q5912,2,d2902,128.153885
q5912,3,d113,117.070724
q5912,4,d2695,116.783592
q5912,5,d2702,116.386055
q5912,6,d1892,113.462692
q5912,7,d1949,112.330437
q5912,8,d4144,107.778809
q5912,9,d686,107.531677
q5912,10,d3378,106.359901
q5913,1,d1101,105.437340
q5913,2,d865,63.985542
q5913,3,d1337,61.143433
q5913,4,d5053,60.095966
q5913,5,d6103,58.992447
q5913,6,d7325,58.021706
q5913,7,d5236,56.685272
q5913,8,d2937,54.913822
q5913,9,d5513,53.052063
q5913,10,d2038,52.374325
q5914,1,d4262,74.614914
q5914,2,d3234,56.435955
q5914,3,d1101,55.048416
q5914,4,d1748,54.792500
q5914,5,d242,47.110241
q5914,6,d6026,46.351128
q5914,7,d8383,45.840160
q5914,8,d1949,45.680210
q5914,9,d7608,44.848694
q5914,10,d686,44.266457
q5915,1,d1101,57.430733
q5915,2,d2588,41.818409
q5915,3,d2410,40.476486
q5915,4,d3420,38.597485
q5915,5,d5965,38.351768
q5915,6,d1671,36.114582
q5915,7,d6443,35.835197
q5915,8,d4165,35.640343
q5915,9,d5870,34.215546
q5915,10,d7270,33.188095
q5916,1,d5916,41.609219
q5916,2,d1101,37.230129
q5916,3,d5134,36.183319
q5916,4,d6244,35.935909
q5916,5,d6368,35.495220
q5916,6,d6003,35.009762
q5916,7,d6872,34.106339
q5916,8,d7414,33.934628
q5916,9,d7077,33.483585
q5916,10,d6004,32.965759
q5917,1,d1933,103.984276
q5917,2,d7702,87.926140
q5917,3,d6857,85.928215
q5917,4,d1909,85.063271
q5917,5,d7042,84.741508
q5917,6,d1952,84.371567
q5917,7,d1908,82.302155
q5917,8,d1847,81.556366
q5917,9,d1889,81.240356
q5917,10,d1821,81.232819
q5918,1,d4574,124.205276
q5918,2,d5837,85.031738
q5918,3,d1101,66.959908
q5918,4,d3963,64.121628
q5918,5,d4947,61.818043
q5918,6,d183,45.235703
q5918,7,d7209,43.857918
q5918,8,d1967,43.226833
q5918,9,d5995,42.988132
q5918,10,d804,42.312939
q5919,1,d4579,96.025475
q5919,2,d3844,95.340973
q5919,3,d5919,89.229195
q5919,4,d1664,85.212982
q5919,5,d4395,85.087746
q5919,6,d5257,80.900688
q5919,7,d388,78.820526
q5919,8,d3007,75.376991
q5919,9,d5833,74.228302
q5919,10,d6944,73.608498
q5920,1,d2237,68.844528
q5920,2,d3212,65.600792
q5920,3,d2790,65.543877
q5920,4,d3858,64.229469
q5920,5,d8289,62.255150
q5920,6,d2844,62.143234
q5920,7,d4982,54.124062
q5920,8,d4900,52.852707
q5920,9,d4306,52.583580
q5920,10,d217,51.918068
q5921,1,d1101,73.657921
q5921,2,d5599,61.822197
q5921,3,d7155,60.767231
q5921,4,d720,59.431114
q5921,5,d6415,56.170658
q5921,6,d5870,53.486393
q5921,7,d2503,52.619930
q5921,8,d5965,52.251678
q5921,9,d6497,51.357018
q5921,10,d4738,47.553108
q5922,1,d5922,60.884106
q5922,2,d4000,45.782990
q5922,3,d4226,45.420376
q5922,4,d1101,40.477669
q5922,5,d8529,36.025990
q5922,6,d2939,34.774021
q5922,7,d4469,34.491062
q5922,8,d5870,33.259830
q5922,9,d5965,32.930550
q5922,10,d1239,32.336445
q5923,1,d2917,147.164719
q5923,2,d3555,133.146011
q5923,3,d4144,116.040337
q5923,4,d3735,93.158249
q5923,5,d5563,81.453941
q5923,6,d1777,80.658264
q5923,7,d3402,56.447979
q5923,8,d1101,54.333511
q5923,9,d3554,49.739872
q5923,10,d2689,48.048290
q5924,1,d1929,70.642593
q5924,2,d1101,64.449348
q5924,3,d7637,60.654892
q5924,4,d8189,59.190941
q5924,5,d4082,44.527454
q5924,6,d5965,40.067402
q5924,7,d1942,38.435936
q5924,8,d5870,37.147076
q5924,9,d2937,36.368732
q5924,10,d8713,34.092983
q5925,1,d561,109.867363
q5925,2,d4378,109.086571
q5925,3,d8637,99.778549
q5925,4,d7246,99.444839
q5925,5,d8390,90.711830
q5925,6,d1527,90.331810
q5925,7,d5229,88.921646
q5925,8,d7192,82.120056
q5925,9,d2007,78.128571
q5925,10,d7669,77.633606
q5926,1,d3249,46.845798
q5926,2,d1101,46.641411
q5926,3,d5563,44.509972
q5926,4,d6815,44.067631
q5926,5,d1070,43.424953
q5926,6,d5184,41.147842
q5926,7,d3145,40.258312
q5926,8,d4331,39.964970
q5926,9,d3588,39.917835
q5926,10,d3316,38.740681
q5927,1,d2453,90.609917
q5927,2,d457,89.419632
q5927,3,d496,80.589073
q5927,4,d3415,79.408714
q5927,5,d210,68.097145
q5927,6,d4855,59.123695
q5927,7,d8317,51.814938
q5927,8,d8176,51.814938
q5927,9,d6998,49.173542
q5927,10,d8021,49.052200
q5928,1,d7209,47.859295
q5928,2,d2913,30.045708
q5928,3,d1929,28.511780
q5928,4,d419,26.950953
q5928,5,d5991,26.519287
q5928,6,d5765,26.054455
q5928,7,d3789,25.638908
q5928,8,d4689,25.190971
q5928,9,d165,24.097599
q5928,10,d4350,24.082420
q5929,1,d8529,44.851933
q5929,2,d7209,38.638325
q5929,3,d1029,29.601013
q5929,4,d4331,27.972303
q5929,5,d189,27.504383
q5929,6,d1657,26.440104
q5929,7,d1225,24.034771
q5929,8,d4952,21.402645
q5929,9,d6476,20.151766
q5929,10,d152,19.790411
q5930,1,d1881,98.371109
q5930,2,d1392,90.499344
q5930,3,d1559,79.987396
q5930,4,d1799,77.394997
q5930,5,d8352,77.240807
q5930,6,d463,67.034233
q5930,7,d4983,65.332069
q5930,8,d4039,63.394459
q5930,9,d1626,62.191345
q5930,10,d4593,62.130238
q5931,1,d2622,71.814529
q5931,2,d8145,56.535839
q5931,3,d4863,53.244221
q5931,4,d1318,52.834877
q5931,5,d2897,52.434937
q5931,6,d3121,35.957829
q5931,7,d7287,35.133495
q5931,8,d6316,33.666649
q5931,9,d4171,31.941813
q5931,10,d1955,29.007025
q5932,1,d3186,77.223381
q5932,2,d7636,65.343933
q5932,3,d4074,60.746342
q5932,4,d4932,60.565285
q5932,5,d4339,60.035595
q5932,6,d1860,59.347031
q5932,7,d799,59.151207
q5932,8,d2169,57.257549
q5932,9,d1936,57.237740
q5932,10,d1986,56.323318
q5933,1,d4932,72.269447
q5933,2,d1615,60.005547
q5933,3,d4074,58.635494
q5933,4,d357,58.017639
q5933,5,d1936,57.435303
q5933,6,d4339,54.208118
q5933,7,d658,53.806816
q5933,8,d1860,52.781418
q5933,9,d3186,51.079407
q5933,10,d1986,51.014736
q5934,1,d3954,58.759308
q5934,2,d3842,56.812759
q5934,3,d3301,53.552040
q5934,4,d1948,49.491383
q5934,5,d4309,48.141579
q5934,6,d2755,46.868782
q5934,7,d4922,46.753677
q5934,8,d3844,43.617329
q5934,9,d475,43.501793
q5934,10,d4240,39.630226
q5935,1,d4501,107.090744
q5935,2,d3799,92.429436
q5935,3,d1784,88.670532
q5935,4,d1220,87.832649
q5935,5,d4318,85.261131
q5935,6,d7496,83.655647
q5935,7,d6771,80.278137
q5935,8,d7435,78.140068
q5935,9,d8527,76.848984
q5935,10,d551,76.742355
q5936,1,d5936,75.224663
q5936,2,d2223,65.999168
q5936,3,d543,64.527084
q5936,4,d5652,64.513412
q5936,5,d1789,59.911621
q5936,6,d3100,58.513809
q5936,7,d4930,51.915405
q5936,8,d1749,49.993610
q5936,9,d443,48.740971
q5936,10,d4593,48.264980
q5937,1,d2776,72.597725
q5937,2,d7813,42.994213
q5937,3,d1101,41.158867
q5937,4,d5965,35.065308
q5937,5,d970,31.506573
q5937,6,d5870,31.432331
q5937,7,d1234,30.822369
q5937,8,d3639,30.558260
q5937,9,d4036,30.072451
q5937,10,d5660,28.685104
q5938,1,d5234,73.740105
q5938,2,d3378,57.394737
q5938,3,d3270,50.448753
q5938,4,d1101,49.252670
q5938,5,d1980,41.803955
q5938,6,d3500,41.270916
q5938,7,d5938,35.827316
q5938,8,d1929,35.277416
q5938,9,d3316,31.907728
q5938,10,d4994,31.789072
q5939,1,d3249,118.287231
q5939,2,d5543,113.594002
q5939,3,d5965,111.507408
q5939,4,d1101,107.588898
q5939,5,d3378,103.738319
q5939,6,d2051,98.463142
q5939,7,d4036,95.734108
q5939,8,d3896,94.343712
q5939,9,d4527,92.762154
q5939,10,d5870,90.784302
q5940,1,d2126,104.529083
q5940,2,d5940,95.239349
q5940,3,d1101,55.050514
q5940,4,d4132,45.534527
q5940,5,d7114,39.023449
q5940,6,d4493,38.554459
q5940,7,d5917,34.372078
q5940,8,d4329,31.542778
q5940,9,d5012,30.359728
q5940,10,d3499,28.887888
q5941,1,d7639,72.975861
q5941,2,d2983,50.370090
q5941,3,d1656,48.836895
q5941,4,d4155,42.074062
q5941,5,d2883,41.227016
q5941,6,d3794,40.413399
q5941,7,d3123,38.154465
q5941,8,d4221,37.456577
q5941,9,d3266,36.783768
q5941,10,d3378,36.301971
q5942,1,d6128,69.759407
q5942,2,d2882,57.788971
q5942,3,d7215,55.061356
q5942,4,d4331,54.621792
q5942,5,d8021,51.864296
q5942,6,d1175,51.368774
q5942,7,d8184,50.176956
q5942,8,d3316,50.055126
q5942,9,d3238,49.872700
q5942,10,d4230,49.840424
q5943,1,d363,70.123329
q5943,2,d1101,68.471146
q5943,3,d3766,64.625809
q5943,4,d4108,60.675354
q5943,5,d1287,42.106457
q5943,6,d3487,41.367287
q5943,7,d8060,40.908131
q5943,8,d5965,40.815914
q5943,9,d5870,40.810596
q5943,10,d3240,40.481594
q5944,1,d1101,64.647285
q5944,2,d4331,49.184944
q5944,3,d3316,40.443195
q5944,4,d4966,36.374100
q5944,5,d3104,35.213810
q5944,6,d2706,33.168415
q5944,7,d1070,31.879728
q5944,8,d5543,30.624220
q5944,9,d2051,29.406876
q5944,10,d4828,26.773579
q5945,1,d6734,77.282013
q5945,2,d3473,54.722424
q5945,3,d4963,53.784828
q5945,4,d1101,52.636940
q5945,5,d4665,50.969799
q5945,6,d5597,49.168991
q5945,7,d133,46.321583
q5945,8,d314,46.242188
q5945,9,d4574,43.434906
q5945,10,d8318,41.941078
q5946,1,d1101,54.619602
q5946,2,d7258,46.804482
q5946,3,d5965,45.093010
q5946,4,d543,42.101181
q5946,5,d4036,36.899597
q5946,6,d5660,35.578262
q5946,7,d5870,35.095856
q5946,8,d1724,34.648170
q5946,9,d2104,34.484520
q5946,10,d3896,33.511532
q5947,1,d5947,102.901115
q5947,2,d2937,80.349571
q5947,3,d8701,49.215549
q5947,4,d8227,47.004139
q5947,5,d1101,41.604408
q5947,6,d5134,40.883808
q5947,7,d6316,40.869610
q5947,8,d1955,40.097610
q5947,9,d6342,39.715370
q5947,10,d7287,39.289890
q5948,1,d1101,90.038048
q5948,2,d6718,68.463608
q5948,3,d1338,60.361607
q5948,4,d7499,59.879082
q5948,5,d8221,58.748386
q5948,6,d8214,57.899887
q5948,7,d1539,57.531101
q5948,8,d8275,57.253609
q5948,9,d1484,56.683266
q5948,10,d4124,56.056629
q5949,1,d6968,66.560738
q5949,2,d4785,63.997948
q5949,3,d1101,62.008926
q5949,4,d5965,37.770073
q5949,5,d5870,36.632759
q5949,6,d2406,33.684456
q5949,7,d1778,31.682541
q5949,8,d293,31.240692
q5949,9,d5543,30.514828
q5949,10,d47,29.113811
q5950,1,d4331,40.521893
q5950,2,d1101,35.646301
q5950,3,d3316,24.974129
q5950,4,d2963,24.764612
q5950,5,d1929,24.183582
q5950,6,d685,24.055485
q5950,7,d2913,22.932968
q5950,8,d5765,21.087599
q5950,9,d3593,20.700058
q5950,10,d4951,20.680592
q5951,1,d152,105.904747
q5951,2,d6465,91.199883
q5951,3,d2572,76.436150
q5951,4,d4918,70.700424
q5951,5,d3002,62.462925
q5951,6,d5386,60.939819
q5951,7,d4845,60.362278
q5951,8,d4627,57.732456
q5951,9,d2771,56.959488
q5951,10,d2758,56.812557
q5952,1,d2489,51.441673
q5952,2,d1101,43.924389
q5952,3,d4149,43.046642
q5952,4,d135,42.017513
q5952,5,d4308,40.081730
q5952,6,d4156,34.073921
q5952,7,d3590,33.196327
q5952,8,d3394,32.767860
q5952,9,d3316,31.574732
q5952,10,d192,31.048582
q5953,1,d4668,78.535248
q5953,2,d6734,77.282013
q5953,3,d4907,64.753487
q5953,4,d1101,56.732155
q5953,5,d7209,52.885735
q5953,6,d4574,45.058399
q5953,7,d3569,39.198872
q5953,8,d3932,36.401150
q5953,9,d3316,35.835793
q5953,10,d6642,35.833534
q5954,1,d1636,78.667610
q5954,2,d1101,74.807655
q5954,3,d3842,70.470947
q5954,4,d1974,63.402218
q5954,5,d4073,63.402218
q5954,6,d4525,62.339676
q5954,7,d1987,60.318005
q5954,8,d722,59.722599
q5954,9,d1630,57.362766
q5954,10,d387,55.794491
q5955,1,d4979,64.513992
q5955,2,d3213,57.799938
q5955,3,d7716,52.156960
q5955,4,d1942,44.626945
q5955,5,d3445,44.474140
q5955,6,d4537,43.679710
q5955,7,d3559,42.788265
q5955,8,d2555,39.323540
q5955,9,d4448,39.101227
q5955,10,d3954,38.931839
q5956,1,d720,86.208900
q5956,2,d1101,72.304268
q5956,3,d4824,43.277630
q5956,4,d6825,40.256123
q5956,5,d2895,39.124435
q5956,6,d5103,38.118328
q5956,7,d446,37.075912
q5956,8,d2763,36.654930
q5956,9,d4207,36.216290
q5956,10,d8083,35.734077
q5957,1,d1677,52.964073
q5957,2,d1947,46.988922
q5957,3,d7804,46.522247
q5957,4,d5184,45.494389
q5957,5,d7244,44.923923
q5957,6,d7192,42.374599
q5957,7,d799,42.331676
q5957,8,d2078,41.704517
q5957,9,d7123,41.440693
q5957,10,d2380,41.424793
q5958,1,d1101,30.179283
q5958,2,d1671,23.391335
q5958,3,d6128,21.118130
q5958,4,d8606,18.948587
q5958,5,d2410,17.376633
q5958,6,d8724,17.145218
q5958,7,d3316,16.521914
q5958,8,d2864,16.273203
q5958,9,d5870,16.263918
q5958,10,d4588,16.085318
q5959,1,d8727,49.957600
q5959,2,d5581,48.085331
q5959,3,d4359,43.273689
q5959,4,d5042,43.240101
q5959,5,d2091,42.747456
q5959,6,d6444,42.680332
q5959,7,d7964,42.287624
q5959,8,d1481,42.185051
q5959,9,d3306,42.045784
q5959,10,d1226,42.009594
q5960,1,d1101,62.476467
q5960,2,d3316,39.511833
q5960,3,d1227,32.761517
q5960,4,d4156,31.546818
q5960,5,d1615,30.333591
q5960,6,d1644,28.692394
q5960,7,d5429,28.391876
q5960,8,d1737,28.206711
q5960,9,d4932,27.818832
q5960,10,d4036,27.545317
q5961,1,d1929,61.662605
q5961,2,d1101,49.938931
q5961,3,d419,49.907757
q5961,4,d2913,48.624935
q5961,5,d4576,45.831421
q5961,6,d165,43.946835
q5961,7,d5765,43.424088
q5961,8,d3789,42.731514
q5961,9,d170,40.422657
q5961,10,d4350,40.137367
q5962,1,d1101,66.194023
q5962,2,d679,53.172863
q5962,3,d7287,48.666996
q5962,4,d6316,48.053204
q5962,5,d1955,43.032398
q5962,6,d6737,42.760963
q5962,7,d2322,42.630898
q5962,8,d142,40.094898
q5962,9,d1907,40.059055
q5962,10,d6965,39.692905
q5963,1,d6133,56.832794
q5963,2,d1287,50.313499
q5963,3,d7233,48.356632
q5963,4,d2154,46.742695
q5963,5,d930,46.329784
q5963,6,d1435,45.716427
q5963,7,d2215,44.501945
q5963,8,d6304,42.098400
q5963,9,d7492,41.873920
q5963,10,d8488,39.124645
q5964,1,d1881,59.705135
q5964,2,d1799,55.952492
q5964,3,d1559,55.224545
q5964,4,d7209,54.566475
q5964,5,d8352,45.550926
q5964,6,d1392,45.329807
q5964,7,d4983,39.849861
q5964,8,d4039,36.225407
q5964,9,d463,36.159679
q5964,10,d4868,33.265652
q5965,1,d3929,53.599697
q5965,2,d1101,50.581226
q5965,3,d1646,37.128944
q5965,4,d600,36.935963
q5965,5,d3490,36.823475
q5965,6,d4650,33.180672
q5965,7,d4730,32.846176
q5965,8,d336,29.108280
q5965,9,d217,29.108150
q5965,10,d1626,26.813129
q5966,1,d1782,55.010963
q5966,2,d1101,44.965408
q5966,3,d1615,38.444138
q5966,4,d4322,37.009388
q5966,5,d1118,36.187737
q5966,6,d4954,35.968098
q5966,7,d273,35.805477
q5966,8,d2051,35.071632
q5966,9,d1704,32.273815
q5966,10,d4620,31.739115
q5967,1,d2918,50.382408
q5967,2,d2795,39.791924
q5967,3,d4072,38.677998
q5967,4,d3465,38.200195
q5967,5,d3115,37.876137
q5967,6,d2586,36.603519
q5967,7,d2497,36.283657
q5967,8,d4888,35.994987
q5967,9,d4471,35.535580
q5967,10,d4292,34.770607
q5968,1,d1101,61.638023
q5968,2,d2321,58.853996
q5968,3,d8035,57.909065
q5968,4,d2236,57.698174
q5968,5,d8317,54.488132
q5968,6,d8176,54.488132
q5968,7,d8145,53.973412
q5968,8,d5945,50.927620
q5968,9,d7989,50.695198
q5968,10,d3150,50.582607
q5969,1,d1101,48.804970
q5969,2,d7410,44.008720
q5969,3,d47,42.927517
q5969,4,d2690,41.246803
q5969,5,d6316,38.104992
q5969,6,d6631,37.927483
q5969,7,d2939,36.389889
q5969,8,d4469,36.090023
q5969,9,d1239,35.334087
q5969,10,d3487,34.317585
q5970,1,d1101,39.005363
q5970,2,d436,35.399311
q5970,3,d4165,32.870670
q5970,4,d6654,32.237953
q5970,5,d5543,31.652628
q5970,6,d6971,31.212395
q5970,7,d8060,31.110199
q5970,8,d2410,30.197529
q5970,9,d5870,30.186024
q5970,10,d188,30.152283
q5971,1,d1626,67.584618
q5971,2,d6668,66.659767
q5971,3,d1615,66.354134
q5971,4,d1665,60.814114
q5971,5,d2469,60.675556
q5971,6,d6814,59.646317
q5971,7,d1799,51.834385
q5971,8,d1713,50.936893
q5971,9,d1559,47.009808
q5971,10,d3022,46.897984
q5972,1,d4650,41.547123
q5972,2,d1101,41.082504
q5972,3,d8529,34.648689
q5972,4,d2266,34.567947
q5972,5,d720,30.276520
q5972,6,d8021,29.924225
q5972,7,d7122,28.358171
q5972,8,d3064,28.051544
q5972,9,d6998,27.995232
q5972,10,d4115,27.329906
q5973,1,d4174,101.684845
q5973,2,d4593,68.517555
q5973,3,d463,68.270073
q5973,4,d7631,57.836166
q5973,5,d5652,57.555206
q5973,6,d1950,56.946335
q5973,7,d4930,56.499062
q5973,8,d1978,55.226913
q5973,9,d7633,54.796734
q5973,10,d300,54.769314
q5974,1,d3432,131.825073
q5974,2,d3106,83.415352
q5974,3,d3332,72.565918
q5974,4,d4373,68.552017
q5974,5,d3193,64.088768
q5974,6,d1101,48.985474
q5974,7,d1626,44.959717
q5974,8,d162,38.661510
q5974,9,d4593,36.051102
q5974,10,d3568,35.010967
q5975,1,d273,111.703148
q5975,2,d6619,105.593285
q5975,3,d2031,78.241158
q5975,4,d7442,77.670341
q5975,5,d1840,76.743324
q5975,6,d6982,74.267189
q5975,7,d7672,73.495224
q5975,8,d7244,72.206955
q5975,9,d4462,71.867851
q5975,10,d1075,70.063911
q5976,1,d1101,66.073334
q5976,2,d192,55.182785
q5976,3,d135,54.692642
q5976,4,d2489,54.542915
q5976,5,d4395,51.312611
q5976,6,d4149,49.440353
q5976,7,d4308,49.412041
q5976,8,d4156,49.096260
q5976,9,d3590,48.854473
q5976,10,d4318,48.477516
q5977,1,d837,96.283585
q5977,2,d2997,87.651527
q5977,3,d3378,80.004547
q5977,4,d3270,75.826805
q5977,5,d1101,66.168129
q5977,6,d3500,63.224457
q5977,7,d3217,61.018497
q5977,8,d3179,59.842159
q5977,9,d3297,59.460018
q5977,10,d1980,57.711246
q5978,1,d1101,91.559250
q5978,2,d4331,75.703110
q5978,3,d3316,69.909096
q5978,4,d5113,61.230766
q5978,5,d1070,58.826962
q5978,6,d6388,58.557819
q5978,7,d2937,58.398197
q5978,8,d1029,56.714996
q5978,9,d4896,54.188049
q5978,10,d4961,53.714378
q5979,1,d2701,96.630402
q5979,2,d3955,94.392197
q5979,3,d4536,41.411690
q5979,4,d2404,34.337330
q5979,5,d4112,34.232544
q5979,6,d3448,32.105431
q5979,7,d2727,31.823139
q5979,8,d3483,30.090008
q5979,9,d2034,29.496183
q5979,10,d8140,26.972294
q5980,1,d5053,81.577095
q5980,2,d6103,81.380142
q5980,3,d7325,81.230385
q5980,4,d5236,77.656082
q5980,5,d2061,73.071915
q5980,6,d6540,64.556877
q5980,7,d8529,63.819160
q5980,8,d6397,61.073704
q5980,9,d6935,60.616165
q5980,10,d6235,59.924786
q5981,1,d6465,62.272793
q5981,2,d5965,52.660954
q5981,3,d5675,51.371647
q5981,4,d5543,48.573895
q5981,5,d6314,44.039204
q5981,6,d2051,40.333160
q5981,7,d543,39.936165
q5981,8,d5870,37.513073
q5981,9,d3969,37.125744
q5981,10,d2572,35.955074
q5982,1,d2183,52.294491
q5982,2,d7043,39.140018
q5982,3,d1101,38.236740
q5982,4,d4331,30.469980
q5982,5,d1929,25.032875
q5982,6,d3409,23.715353
q5982,7,d4574,23.705803
q5982,8,d8713,23.329601
q5982,9,d47,23.155880
q5982,10,d8089,22.337513
q5983,1,d5487,87.594971
q5983,2,d6063,80.719284
q5983,3,d1101,69.764053
q5983,4,d2177,60.875916
q5983,5,d6443,54.623096
q5983,6,d2299,50.620777
q5983,7,d7841,49.846260
q5983,8,d188,48.515419
q5983,9,d4346,46.718296
q5983,10,d1337,42.967182
q5984,1,d1101,48.080132
q5984,2,d47,23.293200
q5984,3,d8529,23.099125
q5984,4,d2939,22.234612
q5984,5,d1225,22.199913
q5984,6,d1239,22.166323
q5984,7,d8089,22.052544
q5984,8,d4469,22.042412
q5984,9,d7410,21.748446
q5984,10,d5332,21.201357
q5985,1,d7743,132.685455
q5985,2,d1880,126.128731
q5985,3,d1847,119.981064
q5985,4,d1891,119.385460
q5985,5,d1952,117.836090
q5985,6,d1899,117.757210
q5985,7,d1821,116.920731
q5985,8,d1960,115.873528
q5985,9,d1908,112.709900
q5985,10,d2172,110.866966
q5986,1,d1101,39.531502
q5986,2,d3316,34.275593
q5986,3,d1615,32.924374
q5986,4,d2700,31.419674
q5986,5,d2489,27.872334
q5986,6,d3864,26.456497
q5986,7,d4331,26.382656
q5986,8,d3285,26.359806
q5986,9,d4643,25.986738
q5986,10,d189,25.413162
q5987,1,d817,172.020767
q5987,2,d7123,157.496704
q5987,3,d6409,75.010651
q5987,4,d5987,69.322487
q5987,5,d1814,63.182354
q5987,6,d1101,55.243008
q5987,7,d5965,47.956989
q5987,8,d3473,47.599491
q5987,9,d4963,46.642433
q5987,10,d6497,46.615433
q5988,1,d1101,37.878128
q5988,2,d4861,34.284954
q5988,3,d3581,32.504845
q5988,4,d2038,32.210495
q5988,5,d3316,32.169876
q5988,6,d2807,31.565872
q5988,7,d1615,30.038399
q5988,8,d3842,28.507086
q5988,9,d1551,27.353502
q5988,10,d4331,25.281487
q5989,1,d3111,43.389343
q5989,2,d3285,41.008427
q5989,3,d4409,40.785610
q5989,4,d1776,36.544994
q5989,5,d1778,36.386734
q5989,6,d3295,36.353779
q5989,7,d1858,35.400150
q5989,8,d7630,33.732044
q5989,9,d2653,32.279922
q5989,10,d2509,32.069035
q5990,1,d1101,49.218029
q5990,2,d2074,44.421288
q5990,3,d4331,43.351871
q5990,4,d1537,41.617783
q5990,5,d2705,41.291275
q5990,6,d5053,40.441456
q5990,7,d599,40.002506
q5990,8,d2641,39.221962
q5990,9,d6025,37.551270
q5990,10,d3350,37.289650
q5991,1,d7209,59.340939
q5991,2,d5656,45.078850
q5991,3,d7883,40.345436
q5991,4,d2701,38.171745
q5991,5,d5726,37.504936
q5991,6,d2992,37.504936
q5991,7,d5369,36.779099
q5991,8,d4823,36.592419
q5991,9,d4620,35.357609
q5991,10,d6133,34.837891
q5992,1,d4665,146.299713
q5992,2,d3211,144.298859
q5992,3,d3598,138.764145
q5992,4,d1925,136.112244
q5992,5,d8318,134.233337
q5992,6,d5992,120.324028
q5992,7,d3932,105.753479
q5992,8,d1915,99.982704
q5992,9,d4327,85.742302
q5992,10,d1854,80.646362
q5993,1,d7209,35.604565
q5993,2,d8529,28.608326
q5993,3,d4331,23.809793
q5993,4,d4413,23.272032
q5993,5,d840,19.226555
q5993,6,d1117,18.246233
q5993,7,d1029,18.191467
q5993,8,d5435,17.645639
q5993,9,d5798,17.399767
q5993,10,d1225,17.254110
q5994,1,d7209,54.953018
q5994,2,d4331,27.118689
q5994,3,d1225,26.978031
q5994,4,d4694,26.078018
q5994,5,d1101,25.820562
q5994,6,d1029,24.752644
q5994,7,d3145,24.585083
q5994,8,d7485,24.196758
q5994,9,d476,23.246334
q5994,10,d273,23.213530
q5995,1,d1101,61.025658
q5995,2,d5995,55.161961
q5995,3,d3249,48.454636
q5995,4,d183,45.922985
q5995,5,d4771,45.253059
q5995,6,d3561,43.791622
q5995,7,d2910,43.611725
q5995,8,d1967,43.334274
q5995,9,d484,42.855869
q5995,10,d1786,42.165859
q5996,1,d1101,79.541267
q5996,2,d2104,35.610714
q5996,3,d7989,35.421066
q5996,4,d895,35.274231
q5996,5,d4331,35.103546
q5996,6,d679,34.245117
q5996,7,d3316,32.780518
q5996,8,d2937,32.235889
q5996,9,d8606,30.476141
q5996,10,d1929,29.773455
q5997,1,d1702,129.618591
q5997,2,d6853,87.395729
q5997,3,d8037,78.016121
q5997,4,d7066,74.050682
q5997,5,d1101,66.225883
q5997,6,d8083,60.656567
q5997,7,d7637,56.392376
q5997,8,d1087,51.733711
q5997,9,d8347,50.107452
q5997,10,d7035,49.612011
q5998,1,d2474,72.417442
q5998,2,d4182,69.065826
q5998,3,d7067,68.740257
q5998,4,d3768,68.132645
q5998,5,d4645,67.812653
q5998,6,d8024,67.222107
q5998,7,d4403,66.930183
q5998,8,d8724,66.930183
q5998,9,d1671,62.319595
q5998,10,d4796,61.849880
q5999,1,d1101,36.686943
q5999,2,d4331,29.648085
q5999,3,d5053,29.134678
q5999,4,d7325,29.010857
q5999,5,d6103,27.984631
q5999,6,d2061,26.097115
q5999,7,d5236,26.097115
q5999,8,d2762,24.049538
q5999,9,d1630,23.490332
q5999,10,d6540,23.056028
q6000,1,d3852,78.754761
q6000,2,d1101,70.469666
q6000,3,d6578,60.260845
q6000,4,d3500,48.549988
q6000,5,d2781,48.462914
q6000,6,d3539,47.564926
q6000,7,d153,43.901005
q6000,8,d6206,43.407810
q6000,9,d4655,43.336971
q6000,10,d1392,42.960239
q6001,1,d4665,97.723694
q6001,2,d8318,81.756020
q6001,3,d1925,69.280334
q6001,4,d3598,65.703163
q6001,5,d3211,65.439308
q6001,6,d4738,61.653503
q6001,7,d3932,55.998230
q6001,8,d1915,50.479675
q6001,9,d5992,47.003502
q6001,10,d4327,43.427979
q6002,1,d4954,87.372200
q6002,2,d5611,80.404411
q6002,3,d8222,66.345322
q6002,4,d476,62.538685
q6002,5,d3035,61.048534
q6002,6,d1101,59.834892
q6002,7,d1522,59.105377
q6002,8,d6638,56.423649
q6002,9,d1789,54.904205
q6002,10,d5919,52.030605
q6003,1,d3378,84.506111
q6003,2,d3530,78.636841
q6003,3,d3889,72.981949
q6003,4,d3270,71.096207
q6003,5,d1101,67.057770
q6003,6,d4135,63.587563
q6003,7,d332,58.130173
q6003,8,d2681,53.163357
q6003,9,d2732,52.217499
q6003,10,d2884,51.266293
q6004,1,d4963,60.490433
q6004,2,d3473,56.531471
q6004,3,d314,51.486809
q6004,4,d5606,51.376732
q6004,5,d133,51.267059
q6004,6,d5597,50.707909
q6004,7,d5611,47.903679
q6004,8,d1101,40.018509
q6004,9,d7352,37.647007
q6004,10,d6757,35.253311
q6005,1,d1755,106.560738
q6005,2,d4963,94.904190
q6005,3,d3473,89.328621
q6005,4,d5597,87.580849
q6005,5,d133,83.708626
q6005,6,d314,82.927773
q6005,7,d1942,80.425415
q6005,8,d1603,75.635368
q6005,9,d1219,75.097725
q6005,10,d5865,73.999451
q6006,1,d5563,128.485931
q6006,2,d1101,102.544937
q6006,3,d5053,88.883553
q6006,4,d7325,81.230385
q6006,5,d6103,78.356972
q6006,6,d5236,75.363998
q6006,7,d2061,73.071915
q6006,8,d865,69.924477
q6006,9,d2302,66.260193
q6006,10,d6540,65.681908
q6007,1,d1615,62.651447
q6007,2,d4983,58.454102
q6007,3,d5703,54.487514
q6007,4,d1999,53.712070
q6007,5,d1774,52.652699
q6007,6,d4325,49.368412
q6007,7,d1761,48.216618
q6007,8,d1703,48.199078
q6007,9,d3744,47.209629
q6007,10,d2546,47.056652
q6008,1,d1101,43.916969
q6008,2,d5435,35.186073
q6008,3,d3316,35.045872
q6008,4,d4331,34.316017
q6008,5,d8713,32.691650
q6008,6,d8701,32.430599
q6008,7,d2937,31.678490
q6008,8,d1737,30.682585
q6008,9,d3285,30.638235
q6008,10,d2489,29.610088
q6009,1,d2970,37.084904
q6009,2,d1771,36.095615
q6009,3,d1455,34.685070
q6009,4,d3868,34.199448
q6009,5,d1769,32.125931
q6009,6,d6847,29.458706
q6009,7,d1101,26.311092
q6009,8,d1747,23.225105
q6009,9,d7194,23.198036
q6009,10,d1671,22.632799
q6010,1,d1101,61.938568
q6010,2,d273,43.100025
q6010,3,d7932,42.081932
q6010,4,d6619,39.651768
q6010,5,d1709,35.968475
q6010,6,d2594,34.397888
q6010,7,d6998,32.846573
q6010,8,d1959,32.496037
q6010,9,d4115,30.326435
q6010,10,d8021,29.925089
q6011,1,d1525,43.538036
q6011,2,d1101,41.530807
q6011,3,d7830,39.418316
q6011,4,d5679,36.152828
q6011,5,d6668,36.097450
q6011,6,d5581,34.664978
q6011,7,d5531,31.552002
q6011,8,d400,31.493757
q6011,9,d4510,30.744389
q6011,10,d6814,29.823160
q6012,1,d7258,51.096302
q6012,2,d1101,50.090763
q6012,3,d1748,44.766693
q6012,4,d1949,40.056370
q6012,5,d4579,36.839897
q6012,6,d5257,34.671726
q6012,7,d2937,33.849911
q6012,8,d3790,33.440365
q6012,9,d1929,32.989380
q6012,10,d6206,32.982655
q6013,1,d8724,52.014153
q6013,2,d4403,52.014153
q6013,3,d6465,50.401703
q6013,4,d6606,50.051540
q6013,5,d217,49.109409
q6013,6,d6281,43.371864
q6013,7,d4165,42.896008
q6013,8,d1478,42.707684
q6013,9,d4406,42.224117
q6013,10,d7067,42.054821
q6014,1,d1881,101.789070
q6014,2,d1799,100.668747
q6014,3,d1559,98.320236
q6014,4,d1392,92.893394
q6014,5,d405,73.229225
q6014,6,d8352,71.959160
q6014,7,d4868,68.650307
q6014,8,d463,66.735764
q6014,9,d4983,65.390045
q6014,10,d6717,60.722263
q6015,1,d1665,194.998734
q6015,2,d4620,163.391174
q6015,3,d5656,120.743179
q6015,4,d4823,111.509605
q6015,5,d1626,107.322342
q6015,6,d5726,104.320976
q6015,7,d1796,103.927055
q6015,8,d4174,103.404411
q6015,9,d2701,102.242599
q6015,10,d4493,101.595467
q6016,1,d5354,241.217651
q6016,2,d5757,228.046570
q6016,3,d4709,223.172531
q6016,4,d4722,213.721558
q6016,5,d3244,213.462433
q6016,6,d6518,213.134354
q6016,7,d4114,204.744781
q6016,8,d4824,201.822601
q6016,9,d3543,199.697083
q6016,10,d8743,198.236694
q6017,1,d1101,74.245445
q6017,2,d1215,34.277729
q6017,3,d4036,31.382853
q6017,4,d2104,31.206327
q6017,5,d5648,30.046898
q6017,6,d4327,28.591581
q6017,7,d1239,26.991518
q6017,8,d5870,26.522497
q6017,9,d8606,25.483913
q6017,10,d5965,24.780296
q6018,1,d2453,98.368050
q6018,2,d457,95.150810
q6018,3,d496,93.386940
q6018,4,d3415,76.326988
q6018,5,d210,62.422386
q6018,6,d4225,58.615711
q6018,7,d3568,52.800083
q6018,8,d3060,51.250942
q6018,9,d7077,36.176620
q6018,10,d320,35.823463
q6019,1,d8638,131.339554
q6019,2,d4496,102.229500
q6019,3,d4461,98.788010
q6019,4,d2497,92.343674
q6019,5,d1737,82.783142
q6019,6,d4171,80.210403
q6019,7,d1219,80.104240
q6019,8,d1392,79.947548
q6019,9,d5865,78.932747
q6019,10,d3990,78.879150
q6020,1,d4911,90.615555
q6020,2,d3218,89.703598
q6020,3,d3335,85.358368
q6020,4,d4902,78.928032
q6020,5,d1462,76.870453
q6020,6,d1659,76.278458
q6020,7,d6190,67.545197
q6020,8,d2561,67.343864
q6020,9,d469,64.623238
q6020,10,d6489,60.625252
q6021,1,d1101,39.917828
q6021,2,d1799,35.324318
q6021,3,d1559,33.742718
q6021,4,d7217,31.937872
q6021,5,d5635,31.255808
q6021,6,d3316,29.714848
q6021,7,d5263,29.468897
q6021,8,d5965,27.559338
q6021,9,d7161,27.453875
q6021,10,d5053,27.057987
q6022,1,d2453,86.960930
q6022,2,d457,86.331932
q6022,3,d496,85.961678
q6022,4,d3415,59.556534
q6022,5,d1101,51.339462
q6022,6,d210,51.072861
q6022,7,d5236,49.777676
q6022,8,d5053,46.615482
q6022,9,d7325,46.417366
q6022,10,d6103,44.775414
q6023,1,d7970,141.462234
q6023,2,d4870,137.886765
q6023,3,d6747,132.350647
q6023,4,d3625,120.662422
q6023,5,d645,100.410889
q6023,6,d1938,87.211723
q6023,7,d3941,86.938713
q6023,8,d3041,86.792923
q6023,9,d5449,86.121468
q6023,10,d2187,78.953369
q6024,1,d6576,75.479233
q6024,2,d5142,68.871117
q6024,3,d1925,64.662216
q6024,4,d5236,62.508602
q6024,5,d1980,62.127399
q6024,6,d643,61.851776
q6024,7,d2642,61.700695
q6024,8,d6965,60.136749
q6024,9,d5750,59.896717
q6024,10,d1392,59.652287
q6025,1,d1636,39.333805
q6025,2,d1101,38.065781
q6025,3,d3842,37.685429
q6025,4,d1630,35.781597
q6025,5,d1974,31.701107
q6025,6,d4073,31.701107
q6025,7,d4525,31.169844
q6025,8,d1987,30.159008
q6025,9,d722,29.861301
q6025,10,d1627,28.366333
q6026,1,d1101,48.103241
q6026,2,d1787,46.684464
q6026,3,d7258,34.328934
q6026,4,d3840,31.332491
q6026,5,d8196,30.713436
q6026,6,d1739,30.489363
q6026,7,d3522,30.363590
q6026,8,d1949,29.915541
q6026,9,d3316,29.694891
q6026,10,d1862,29.596800
q6027,1,d4665,102.337547
q6027,2,d4327,98.429184
q6027,3,d8318,84.512695
q6027,4,d7056,73.497894
q6027,5,d1261,57.766644
q6027,6,d6642,57.104385
q6027,7,d6521,48.533451
q6027,8,d1101,48.465492
q6027,9,d3598,40.432720
q6027,10,d3211,39.202175
q6028,1,d2453,77.508636
q6028,2,d457,76.544479
q6028,3,d496,69.843864
q6028,4,d3415,66.173927
q6028,5,d210,56.747623
q6028,6,d4954,49.612869
q6028,7,d2469,49.483574
q6028,8,d1626,45.492329
q6028,9,d4620,42.938583
q6028,10,d2051,41.518082
q6029,1,d1101,57.132721
q6029,2,d4579,51.487915
q6029,3,d7162,40.401649
q6029,4,d4288,40.245686
q6029,5,d6944,39.828751
q6029,6,d4395,38.328701
q6029,7,d4331,38.036530
q6029,8,d5957,38.004898
q6029,9,d190,37.880856
q6029,10,d388,35.993187
q6030,1,d7989,109.709259
q6030,2,d2540,95.021767
q6030,3,d2762,85.514839
q6030,4,d895,83.902000
q6030,5,d3584,82.896919
q6030,6,d5906,81.205757
q6030,7,d7971,80.881714
q6030,8,d3783,79.874443
q6030,9,d4244,79.640419
q6030,10,d3491,78.898949
q6031,1,d3542,50.855419
q6031,2,d4115,49.598663
q6031,3,d8031,44.449860
q6031,4,d6182,36.233913
q6031,5,d3984,34.409691
q6031,6,d1239,34.297211
q6031,7,d7410,34.045872
q6031,8,d47,33.638580
q6031,9,d1101,33.529163
q6031,10,d3213,33.503735
q6032,1,d1101,36.029446
q6032,2,d8529,29.561663
q6032,3,d4331,27.861135
q6032,4,d5473,24.492018
q6032,5,d47,21.959938
q6032,6,d7410,21.957777
q6032,7,d6726,21.082722
q6032,8,d6783,20.555811
q6032,9,d6687,20.517826
q6032,10,d189,20.481539
q6033,1,d1101,92.889809
q6033,2,d4331,75.703110
q6033,3,d3316,69.909096
q6033,4,d5113,64.532318
q6033,5,d1029,59.404270
q6033,6,d1070,58.826962
q6033,7,d6388,58.557819
q6033,8,d4896,57.383945
q6033,9,d2937,56.260120
q6033,10,d4961,53.714378
q6034,1,d3214,94.168991
q6034,2,d4261,59.231197
q6034,3,d7615,38.495110
q6034,4,d1101,37.155094
q6034,5,d1967,31.379093
q6034,6,d5995,29.473040
q6034,7,d183,27.858379
q6034,8,d484,25.939846
q6034,9,d4712,25.843674
q6034,10,d3316,24.387312
q6035,1,d7209,85.010040
q6035,2,d4637,73.980118
q6035,3,d8529,72.051979
q6035,4,d5394,65.195007
q6035,5,d2358,61.026043
q6035,6,d4360,45.913029
q6035,7,d5175,45.670612
q6035,8,d6965,45.597500
q6035,9,d4908,45.463398
q6035,10,d3983,43.670242
q6036,1,d3394,42.862755
q6036,2,d3951,42.709431
q6036,3,d4331,38.738541
q6036,4,d1929,33.174721
q6036,5,d6086,32.641258
q6036,6,d8280,31.497324
q6036,7,d2925,30.740088
q6036,8,d3316,30.613417
q6036,9,d4128,30.256727
q6036,10,d6834,29.643847
q6037,1,d3940,110.089516
q6037,2,d1615,85.439354
q6037,3,d4322,84.331215
q6037,4,d4954,70.026283
q6037,5,d1748,64.934326
q6037,6,d3762,60.914013
q6037,7,d4914,55.913677
q6037,8,d1118,55.821457
q6037,9,d2240,54.652527
q6037,10,d1782,53.442493
q6038,1,d7970,59.471039
q6038,2,d4870,57.852131
q6038,3,d6747,53.500710
q6038,4,d3297,49.808502
q6038,5,d470,45.796227
q6038,6,d1880,44.842506
q6038,7,d3612,41.639759
q6038,8,d1938,40.600609
q6038,9,d6524,36.679695
q6038,10,d285,35.589069
q6039,1,d4331,41.755650
q6039,2,d3463,33.239346
q6039,3,d2917,32.538189
q6039,4,d7675,30.156466
q6039,5,d3316,21.987307
q6039,6,d7209,19.152979
q6039,7,d1720,19.128824
q6039,8,d1767,18.973213
q6039,9,d3682,18.718866
q6039,10,d4357,18.310595
q6040,1,d6133,87.014404
q6040,2,d1435,82.712265
q6040,3,d930,80.706757
q6040,4,d5529,76.774162
q6040,5,d7108,76.089516
q6040,6,d1297,75.332520
q6040,7,d6188,68.998924
q6040,8,d8488,62.823849
q6040,9,d7233,62.411415
q6040,10,d6620,58.809795
q6041,1,d2413,24.974228
q6041,2,d243,23.698994
q6041,3,d152,21.983831
q6041,4,d2410,19.793024
q6041,5,d192,19.227251
q6041,6,d4171,19.033459
q6041,7,d4508,18.505037
q6041,8,d4896,17.459267
q6041,9,d7639,17.304947
q6041,10,d6929,16.891653
q6042,1,d3522,64.596100
q6042,2,d8196,59.339180
q6042,3,d6490,59.207249
q6042,4,d5514,57.755653
q6042,5,d1949,56.593311
q6042,6,d113,53.959270
q6042,7,d1862,53.283337
q6042,8,d686,51.006592
q6042,9,d1892,50.731140
q6042,10,d4303,50.421238
q6043,1,d1101,31.553875
q6043,2,d8529,24.476425
q6043,3,d236,23.842949
q6043,4,d2751,22.850719
q6043,5,d4331,21.190311
q6043,6,d1225,20.768408
q6043,7,d7989,20.378242
q6043,8,d1239,19.605705
q6043,9,d136,17.745895
q6043,10,d1070,17.719385
q6044,1,d7521,55.806198
q6044,2,d1101,54.434093
q6044,3,d3025,54.274288
q6044,4,d6574,51.928879
q6044,5,d3616,50.248047
q6044,6,d3154,47.765656
q6044,7,d4329,46.628872
q6044,8,d1337,43.300396
q6044,9,d3316,41.368660
q6044,10,d305,36.099926
q6045,1,d6972,210.542511
q6045,2,d2154,209.986298
q6045,3,d1801,181.187363
q6045,4,d4954,158.179977
q6045,5,d2051,152.189102
q6045,6,d2469,146.566788
q6045,7,d4036,142.081665
q6045,8,d1630,132.778366
q6045,9,d1101,121.243858
q6045,10,d5279,118.397636
q6046,1,d2827,33.319416
q6046,2,d4482,33.268150
q6046,3,d4208,33.268150
q6046,4,d1101,32.530312
q6046,5,d2722,30.740088
q6046,6,d3225,30.156466
q6046,7,d2972,29.499920
q6046,8,d3216,25.755594
q6046,9,d1513,25.394339
q6046,10,d2842,22.777805
q6047,1,d1101,60.614582
q6047,2,d1929,36.786690
q6047,3,d4331,35.062927
q6047,4,d3316,34.629143
q6047,5,d3285,33.975098
q6047,6,d116,32.065392
q6047,7,d5268,31.485352
q6047,8,d1737,31.109671
q6047,9,d7192,30.950710
q6047,10,d1677,29.909323
q6048,1,d1101,46.288010
q6048,2,d4861,46.066742
q6048,3,d135,42.240135
q6048,4,d2489,41.584782
q6048,5,d7989,41.468449
q6048,6,d2965,40.946976
q6048,7,d2937,40.530167
q6048,8,d4285,40.219032
q6048,9,d2704,39.746414
q6048,10,d3362,39.302681
q6049,1,d2406,53.363171
q6049,2,d4262,47.966732
q6049,3,d1704,46.464241
q6049,4,d242,44.166927
q6049,5,d3234,36.280258
q6049,6,d3350,34.597065
q6049,7,d1392,33.917213
q6049,8,d1101,32.853260
q6049,9,d1630,32.036713
q6049,10,d1626,31.705202
q6050,1,d3473,60.397221
q6050,2,d4963,60.146454
q6050,3,d314,56.731430
q6050,4,d133,56.212536
q6050,5,d5597,52.246826
q6050,6,d3115,43.316380
q6050,7,d610,41.335709
q6050,8,d6757,41.146877
q6050,9,d1131,40.331516
q6050,10,d1101,39.184719
q6051,1,d4675,41.153206
q6051,2,d4288,32.759014
q6051,3,d1101,32.416252
q6051,4,d5870,19.927443
q6051,5,d5965,19.236950
q6051,6,d2937,18.523468
q6051,7,d3781,18.474731
q6051,8,d3316,17.678675
q6051,9,d8701,17.417765
q6051,10,d7400,17.281260
q6052,1,d953,57.600956
q6052,2,d5460,55.819183
q6052,3,d7536,44.358967
q6052,4,d2809,44.142532
q6052,5,d1671,38.772598
q6052,6,d4546,36.687851
q6052,7,d1819,35.902294
q6052,8,d1673,35.072895
q6052,9,d4963,33.855358
q6052,10,d4824,32.780556
q6053,1,d1101,23.250072
q6053,2,d961,19.991865
q6053,3,d3842,19.937630
q6053,4,d4525,19.116600
q6053,5,d3984,19.116495
q6053,6,d1644,18.628769
q6053,7,d3213,18.613186
q6053,8,d7410,18.392698
q6053,9,d47,18.136892
q6053,10,d2939,17.694096
q6054,1,d7809,40.020329
q6054,2,d2154,36.038933
q6054,3,d7482,34.862171
q6054,4,d4811,34.381447
q6054,5,d1083,33.116627
q6054,6,d6252,29.570127
q6054,7,d7743,29.524666
q6054,8,d2215,29.194689
q6054,9,d2844,28.779585
q6054,10,d6133,28.543575
q6055,1,d4665,52.791950
q6055,2,d3598,45.486809
q6055,3,d1925,45.247044
q6055,4,d8318,44.664055
q6055,5,d3211,44.102448
q6055,6,d3932,42.980122
q6055,7,d5992,32.434101
q6055,8,d1915,31.652828
q6055,9,d1101,29.079206
q6055,10,d1854,26.761053
q6056,1,d6384,69.492096
q6056,2,d4224,54.455799
q6056,3,d3717,53.109684
q6056,4,d1101,52.242401
q6056,5,d2540,52.174267
q6056,6,d3258,50.921646
q6056,7,d2726,50.648392
q6056,8,d7989,50.344448
q6056,9,d2743,49.555038
q6056,10,d3920,49.374004
q6057,1,d5312,150.163773
q6057,2,d2469,111.923599
q6057,3,d4954,101.328506
q6057,4,d250,100.026939
q6057,5,d1615,97.811516
q6057,6,d2594,97.219574
q6057,7,d4759,94.013481
q6057,8,d1101,92.691757
q6057,9,d2051,90.816475
q6057,10,d1761,83.263199
q6058,1,d3420,48.347157
q6058,2,d4839,47.139202
q6058,3,d2413,46.896152
q6058,4,d7270,44.873428
q6058,5,d1639,43.840294
q6058,6,d2572,42.577980
q6058,7,d2410,41.615559
q6058,8,d712,41.420254
q6058,9,d447,40.739269
q6058,10,d6465,38.660183
q6059,1,d2733,79.440643
q6059,2,d3830,76.717247
q6059,3,d1677,76.561165
q6059,4,d6698,73.811707
q6059,5,d7743,73.806000
q6059,6,d2341,71.223579
q6059,7,d2261,70.540283
q6059,8,d3350,68.874748
q6059,9,d1227,68.295181
q6059,10,d8580,61.849583
q6060,1,d8707,53.873203
q6060,2,d4240,48.592846
q6060,3,d4999,46.885265
q6060,4,d4897,44.634041
q6060,5,d353,43.756992
q6060,6,d3169,39.799511
q6060,7,d3213,39.373306
q6060,8,d2555,38.967571
q6060,9,d4448,38.875618
q6060,10,d7716,38.834297
q6061,1,d2154,59.514591
q6061,2,d8379,56.112843
q6061,3,d1101,52.814980
q6061,4,d7848,49.567707
q6061,5,d1414,48.241817
q6061,6,d7534,43.723671
q6061,7,d7521,43.300884
q6061,8,d258,43.210472
q6061,9,d8072,42.846558
q6061,10,d7134,42.041412
q6062,1,d4932,71.396408
q6062,2,d7636,65.343933
q6062,3,d4074,64.141457
q6062,4,d1860,63.405872
q6062,5,d4576,62.046555
q6062,6,d1936,60.399490
q6062,7,d357,60.095024
q6062,8,d3186,60.075733
q6062,9,d4339,60.035595
q6062,10,d1986,59.819294
q6063,1,d1101,59.166843
q6063,2,d6465,45.433739
q6063,3,d3921,42.839367
q6063,4,d4497,42.839367
q6063,5,d153,41.449345
q6063,6,d2526,40.488628
q6063,7,d217,39.619846
q6063,8,d8652,37.125732
q6063,9,d5675,36.991299
q6063,10,d8724,36.644855
q6064,1,d2705,54.448536
q6064,2,d4479,48.082771
q6064,3,d4331,46.040100
q6064,4,d4419,43.538574
q6064,5,d1537,43.498817
q6064,6,d1627,43.224995
q6064,7,d3350,42.674824
q6064,8,d3848,41.685665
q6064,9,d4222,41.026466
q6064,10,d4202,39.054745
q6065,1,d2389,75.245087
q6065,2,d1328,65.928146
q6065,3,d4391,64.707726
q6065,4,d4472,57.830849
q6065,5,d1851,56.552502
q6065,6,d1920,55.939991
q6065,7,d6065,55.660477
q6065,8,d5236,50.653149
q6065,9,d1101,49.235218
q6065,10,d4574,49.187527
q6066,1,d3625,157.255554
q6066,2,d645,134.396133
q6066,3,d3041,122.531204
q6066,4,d3455,107.396286
q6066,5,d2370,92.026810
q6066,6,d273,86.751511
q6066,7,d6492,85.435616
q6066,8,d1955,67.217979
q6066,9,d7287,66.459595
q6066,10,d6316,63.487511
q6067,1,d4331,50.107563
q6067,2,d3316,40.484253
q6067,3,d2937,39.340279
q6067,4,d1101,38.407711
q6067,5,d4230,37.449165
q6067,6,d2489,36.067623
q6067,7,d3745,34.501801
q6067,8,d1029,31.166367
q6067,9,d7989,31.010744
q6067,10,d3350,30.437538
q6068,1,d458,50.678112
q6068,2,d1622,50.076874
q6068,3,d1101,48.636021
q6068,4,d2960,47.261593
q6068,5,d1640,45.883320
q6068,6,d1984,43.535248
q6068,7,d3613,43.416328
q6068,8,d6192,42.892300
q6068,9,d193,39.771202
q6068,10,d135,39.048466
q6069,1,d6465,44.462391
q6069,2,d132,36.219341
q6069,3,d1671,35.845539
q6069,4,d1746,34.439514
q6069,5,d2572,33.087292
q6069,6,d6188,32.268627
q6069,7,d8606,32.048939
q6069,8,d4918,31.680532
q6069,9,d6654,28.787392
q6069,10,d4613,28.631559
q6070,1,d1101,26.290237
q6070,2,d1929,22.857681
q6070,3,d5435,19.024149
q6070,4,d3316,18.758810
q6070,5,d2452,17.011993
q6070,6,d4171,16.330608
q6070,7,d3249,16.062199
q6070,8,d3472,15.112964
q6070,9,d469,14.166139
q6070,10,d1029,14.077484
q6071,1,d4574,98.988075
q6071,2,d3933,67.175262
q6071,3,d454,61.809803
q6071,4,d503,40.325191
q6071,5,d5053,38.614845
q6071,6,d4907,37.750851
q6071,7,d1101,36.904800
q6071,8,d821,35.504883
q6071,9,d7325,34.813026
q6071,10,d6293,34.240501
q6072,1,d1101,48.807560
q6072,2,d5965,41.732597
q6072,3,d8529,34.648689
q6072,4,d5870,30.552019
q6072,5,d3896,25.649557
q6072,6,d6631,25.308008
q6072,7,d5660,24.003244
q6072,8,d4036,23.933525
q6072,9,d6971,23.901909
q6072,10,d1814,23.515366
q6073,1,d618,57.231297
q6073,2,d6717,55.662075
q6073,3,d3689,53.272644
q6073,4,d6398,53.055878
q6073,5,d8627,53.040600
q6073,6,d6464,53.030407
q6073,7,d405,52.616661
q6073,8,d7989,51.052448
q6073,9,d3679,50.479691
q6073,10,d5978,50.438423
q6074,1,d1101,52.732430
q6074,2,d1704,51.289768
q6074,3,d5965,27.510712
q6074,4,d1929,25.812523
q6074,5,d1639,24.022516
q6074,6,d3316,22.498598
q6074,7,d1994,22.415745
q6074,8,d1646,21.894091
q6074,9,d712,21.890059
q6074,10,d47,20.917887
q6075,1,d5184,22.666603
q6075,2,d1673,20.671782
q6075,3,d7536,19.523413
q6075,4,d604,18.897690
q6075,5,d2809,18.606611
q6075,6,d1101,18.172628
q6075,7,d1671,15.088107
q6075,8,d1929,13.803203
q6075,9,d1239,13.422950
q6075,10,d3984,11.469896
q6076,1,d1851,45.984184
q6076,2,d1077,45.736862
q6076,3,d769,45.272049
q6076,4,d5909,45.065178
q6076,5,d6747,42.678616
q6076,6,d1941,42.648659
q6076,7,d8379,42.184608
q6076,8,d7190,41.180008
q6076,9,d7030,41.005859
q6076,10,d4672,40.139698
q6077,1,d3799,86.728722
q6077,2,d2500,81.412964
q6077,3,d1794,74.871948
q6077,4,d1782,70.254723
q6077,5,d8527,52.624931
q6077,6,d4528,45.328430
q6077,7,d6960,45.058792
q6077,8,d4318,44.753178
q6077,9,d4395,43.146481
q6077,10,d8549,40.361546
q6078,1,d1101,65.352158
q6078,2,d7133,51.056870
q6078,3,d5087,46.650887
q6078,4,d5965,45.750427
q6078,5,d599,45.186424
q6078,6,d5870,44.474125
q6078,7,d3787,41.690464
q6078,8,d3896,41.373505
q6078,9,d3737,40.830063
q6078,10,d4036,39.889210
q6079,1,d1287,122.652794
q6079,2,d7492,82.867645
q6079,3,d6304,80.227951
q6079,4,d5124,60.001747
q6079,5,d1101,55.553249
q6079,6,d6167,48.464912
q6079,7,d3950,47.224987
q6079,8,d3080,41.780258
q6079,9,d666,41.656570
q6079,10,d444,39.906902
q6080,1,d1101,37.623272
q6080,2,d2489,32.555660
q6080,3,d7608,32.055946
q6080,4,d2937,30.967146
q6080,5,d5571,30.725044
q6080,6,d1869,29.230156
q6080,7,d3745,27.732950
q6080,8,d7989,27.247017
q6080,9,d3316,26.971413
q6080,10,d6687,26.739363
q6081,1,d6384,36.595291
q6081,2,d1101,36.227524
q6081,3,d8529,34.648689
q6081,4,d312,29.276432
q6081,5,d3922,27.860350
q6081,6,d4931,27.760735
q6081,7,d1717,27.466328
q6081,8,d2949,26.775801
q6081,9,d6187,26.488926
q6081,10,d7400,24.883179
q6082,1,d3984,22.939795
q6082,2,d3213,22.335823
q6082,3,d1671,22.190752
q6082,4,d4150,22.018478
q6082,5,d961,21.563457
q6082,6,d2939,21.232914
q6082,7,d4469,21.071415
q6082,8,d7410,20.479387
q6082,9,d1239,20.143349
q6082,10,d1969,19.581995
q6083,1,d4659,46.168686
q6083,2,d1101,42.701042
q6083,3,d1525,33.787502
q6083,4,d135,33.312325
q6083,5,d6384,32.519451
q6083,6,d447,31.292309
q6083,7,d2949,31.238434
q6083,8,d4297,30.501852
q6083,9,d400,30.259111
q6083,10,d6465,29.321482
q6084,1,d1101,72.982048
q6084,2,d5543,54.307770
q6084,3,d4331,48.282055
q6084,4,d8021,46.759834
q6084,5,d2051,45.655685
q6084,6,d3179,45.652721
q6084,7,d3104,43.039104
q6084,8,d6314,41.959259
q6084,9,d5870,41.690914
q6084,10,d2706,40.539173
q6085,1,d4174,76.226173
q6085,2,d1615,58.743050
q6085,3,d7983,56.781570
q6085,4,d1101,54.823650
q6085,5,d3744,44.310097
q6085,6,d4981,43.997459
q6085,7,d463,38.618416
q6085,8,d1121,37.002544
q6085,9,d6690,36.264717
q6085,10,d1559,36.044140
q6086,1,d8158,26.618170
q6086,2,d4646,23.643919
q6086,3,d1232,23.449350
q6086,4,d1929,18.954456
q6086,5,d1101,17.082787
q6086,6,d152,16.036392
q6086,7,d2913,13.934421
q6086,8,d419,13.475477
q6086,9,d47,13.437899
q6086,10,d228,13.239228
q6087,1,d250,63.503082
q6087,2,d2704,58.664516
q6087,3,d1646,48.459991
q6087,4,d7209,47.472752
q6087,5,d4691,44.496552
q6087,6,d4767,38.373444
q6087,7,d2727,35.329197
q6087,8,d3426,34.259037
q6087,9,d3551,34.024265
q6087,10,d1910,33.304226
q6088,1,d1567,49.084736
q6088,2,d8172,47.996395
q6088,3,d2074,45.732414
q6088,4,d7500,45.063034
q6088,5,d1174,44.908253
q6088,6,d2090,44.907291
q6088,7,d3463,44.756313
q6088,8,d7417,44.500034
q6088,9,d7763,43.908264
q6088,10,d1231,43.499874
q6089,1,d7209,83.077324
q6089,2,d3186,41.096619
q6089,3,d4932,32.972881
q6089,4,d1835,31.983885
q6089,5,d703,30.522688
q6089,6,d1860,29.241186
q6089,7,d1986,29.003344
q6089,8,d1936,28.855150
q6089,9,d3297,28.287121
q6089,10,d4074,28.153732
q6090,1,d6429,41.434353
q6090,2,d1915,40.633167
q6090,3,d7906,38.386875
q6090,4,d6065,38.251358
q6090,5,d8185,37.239182
q6090,6,d6668,36.321426
q6090,7,d5391,35.547802
q6090,8,d7969,35.346272
q6090,9,d5956,33.380749
q6090,10,d5054,33.023769
q6091,1,d6316,48.911720
q6091,2,d3297,47.692215
q6091,3,d7287,47.156223
q6091,4,d242,45.287899
q6091,5,d1955,44.299141
q6091,6,d7209,43.026249
q6091,7,d703,40.696918
q6091,8,d4615,31.252028
q6091,9,d3487,30.116520
q6091,10,d3605,29.325214
q6092,1,d2503,59.876072
q6092,2,d7155,55.575401
q6092,3,d1402,53.022682
q6092,4,d6497,51.696945
q6092,5,d1964,50.335064
q6092,6,d4857,48.591770
q6092,7,d3929,48.443832
q6092,8,d2975,48.264835
q6092,9,d3217,48.163837
q6092,10,d1318,47.463776
q6093,1,d4060,62.067287
q6093,2,d4907,59.427414
q6093,3,d1101,43.189842
q6093,4,d1382,36.338661
q6093,5,d289,27.373825
q6093,6,d47,25.830637
q6093,7,d7410,25.795761
q6093,8,d135,21.581182
q6093,9,d1704,21.541983
q6093,10,d278,21.473656
q6094,1,d4268,10.550238
q6094,2,d2334,10.185177
q6094,3,d1409,8.920427
q6094,4,d4694,8.780641
q6094,5,d4058,8.754334
q6094,6,d5379,8.754334
q6094,7,d2984,8.665649
q6094,8,d6082,8.624502
q6094,9,d5781,8.451374
q6094,10,d5531,8.447436
q6095,1,d3616,53.819752
q6095,2,d6541,49.930386
q6095,3,d7521,44.644958
q6095,4,d3025,43.419430
q6095,5,d6945,42.925732
q6095,6,d6574,41.543106
q6095,7,d4085,40.752701
q6095,8,d1101,35.375870
q6095,9,d4329,35.133884
q6095,10,d3946,33.505512
q6096,1,d1101,92.553925
q6096,2,d5236,64.289902
q6096,3,d5053,64.096291
q6096,4,d7325,63.823875
q6096,5,d1748,63.169941
q6096,6,d6103,61.566196
q6096,7,d6540,58.349415
q6096,8,d2251,58.155441
q6096,9,d2061,57.413647
q6096,10,d6235,54.833340
q6097,1,d1665,62.279446
q6097,2,d3022,29.692352
q6097,3,d1938,29.099522
q6097,4,d3415,23.459520
q6097,5,d1615,23.050797
q6097,6,d3356,21.601768
q6097,7,d8508,20.361832
q6097,8,d4174,19.629581
q6097,9,d2480,19.540783
q6097,10,d6108,19.464729
q6098,1,d4665,94.079384
q6098,2,d7056,80.125267
q6098,3,d8318,76.310059
q6098,4,d1261,69.553299
q6098,5,d6734,61.626495
q6098,6,d5000,59.979713
q6098,7,d1101,57.230019
q6098,8,d4574,45.089966
q6098,9,d4051,43.752689
q6098,10,d4331,41.372379
q6099,1,d3378,86.619263
q6099,2,d3270,63.655956
q6099,3,d4676,59.696030
q6099,4,d3983,54.853569
q6099,5,d1980,53.293144
q6099,6,d2732,49.524727
q6099,7,d3889,47.888752
q6099,8,d1101,46.961903
q6099,9,d3500,46.766178
q6099,10,d2746,44.915958
q6100,1,d6985,62.597977
q6100,2,d1101,61.598167
q6100,3,d2215,61.212181
q6100,4,d7233,59.986176
q6100,5,d2805,58.243710
q6100,6,d7743,56.840721
q6100,7,d2172,52.440102
q6100,8,d3712,51.996181
q6100,9,d6195,50.588570
q6100,10,d1189,50.558796
q6101,1,d7108,33.449501
q6101,2,d1101,30.085451
q6101,3,d7233,27.066418
q6101,4,d3316,26.663816
q6101,5,d6620,25.201378
q6101,6,d3844,24.084383
q6101,7,d5648,23.751656
q6101,8,d1435,23.454187
q6101,9,d3999,22.992149
q6101,10,d6133,22.693043
q6102,1,d1318,75.110870
q6102,2,d2622,64.427185
q6102,3,d2666,54.459892
q6102,4,d4859,54.196857
q6102,5,d4612,53.958733
q6102,6,d2932,52.485317
q6102,7,d4091,52.447811
q6102,8,d153,52.051067
q6102,9,d491,51.695393
q6102,10,d3262,50.888496
q6103,1,d4665,132.265671
q6103,2,d8318,110.000214
q6103,3,d1047,107.838005
q6103,4,d5912,90.738640
q6103,5,d3598,75.811348
q6103,6,d3211,75.261253
q6103,7,d1925,68.742218
q6103,8,d1915,57.513638
q6103,9,d7056,54.917435
q6103,10,d3932,52.754704
q6104,1,d1101,63.280964
q6104,2,d4331,56.766617
q6104,3,d618,52.938171
q6104,4,d1929,49.549526
q6104,5,d2937,49.461716
q6104,6,d8527,47.780121
q6104,7,d2500,46.911327
q6104,8,d164,46.564487
q6104,9,d3316,46.138561
q6104,10,d163,45.973351
q6105,1,d5053,93.230965
q6105,2,d7325,92.834724
q6105,3,d5236,91.533051
q6105,4,d6103,89.550819
q6105,5,d2061,83.510757
q6105,6,d1537,79.342865
q6105,7,d2705,79.285027
q6105,8,d1627,75.010727
q6105,9,d6540,73.779289
q6105,10,d6935,72.497528
q6106,1,d1101,52.365070
q6106,2,d1029,35.647797
q6106,3,d1929,35.313141
q6106,4,d2489,34.856327
q6106,5,d2588,34.623428
q6106,6,d3745,33.784904
q6106,7,d8701,33.314003
q6106,8,d2937,33.211151
q6106,9,d467,32.518673
q6106,10,d3316,32.491066
q6107,1,d4907,97.094215
q6107,2,d4574,78.833382
q6107,3,d2048,69.816727
q6107,4,d6734,61.350887
q6107,5,d4060,55.280750
q6107,6,d6292,47.297199
q6107,7,d1101,41.775654
q6107,8,d3652,41.253960
q6107,9,d5837,39.424961
q6107,10,d2937,37.201206
q6108,1,d3487,66.437828
q6108,2,d720,60.726685
q6108,3,d5606,57.798824
q6108,4,d1101,52.983364
q6108,5,d5611,51.142128
q6108,6,d7352,49.275436
q6108,7,d1955,48.001015
q6108,8,d6316,47.456818
q6108,9,d4615,46.878040
q6108,10,d6108,46.748474
q6109,1,d2622,40.625412
q6109,2,d1318,39.010849
q6109,3,d1101,33.907631
q6109,4,d3121,31.869900
q6109,5,d8145,28.267921
q6109,6,d4863,28.147579
q6109,7,d2897,26.217470
q6109,8,d6945,24.528988
q6109,9,d3297,23.775848
q6109,10,d491,22.452820
q6110,1,d2762,83.401024
q6110,2,d5906,83.159531
q6110,3,d2540,77.011856
q6110,4,d7989,76.621071
q6110,5,d4463,74.383026
q6110,6,d6384,74.343307
q6110,7,d895,73.953934
q6110,8,d7971,73.848526
q6110,9,d3783,73.439301
q6110,10,d4244,72.904457
q6111,1,d3839,119.303947
q6111,2,d4455,104.551926
q6111,3,d3955,79.194489
q6111,4,d429,56.702999
q6111,5,d1101,50.915047
q6111,6,d3856,50.661407
q6111,7,d1729,48.797722
q6111,8,d5870,42.260162
q6111,9,d7155,39.499332
q6111,10,d7661,36.220577
q6112,1,d1613,48.689919
q6112,2,d4413,40.535084
q6112,3,d2683,40.394215
q6112,4,d3316,40.290508
q6112,5,d1101,37.371849
q6112,6,d3757,37.249798
q6112,7,d6384,36.483414
q6112,8,d7536,36.351101
q6112,9,d5184,34.830402
q6112,10,d6555,33.958008
q6113,1,d250,119.834656
q6113,2,d1646,67.655121
q6113,3,d7239,63.910725
q6113,4,d7213,62.816246
q6113,5,d1101,56.227539
q6113,6,d2826,52.098812
q6113,7,d1058,51.892456
q6113,8,d5234,51.070641
q6113,9,d4071,49.793209
q6113,10,d1977,49.656704
q6114,1,d5702,76.983513
q6114,2,d895,72.708588
q6114,3,d469,69.761986
q6114,4,d54,67.713432
q6114,5,d7971,65.829865
q6114,6,d593,64.808601
q6114,7,d1276,63.080643
q6114,8,d2762,63.056210
q6114,9,d5350,63.004303
q6114,10,d3491,61.747005
q6115,1,d4331,57.655270
q6115,2,d3350,51.514587
q6115,3,d2705,51.450329
q6115,4,d1101,49.555145
q6115,5,d4479,48.411869
q6115,6,d4419,48.376194
q6115,7,d1537,48.332020
q6115,8,d3848,46.317406
q6115,9,d4222,45.584961
q6115,10,d2074,43.622871
q6116,1,d3792,97.470795
q6116,2,d1071,67.534454
q6116,3,d481,61.602596
q6116,4,d1101,58.914597
q6116,5,d2642,58.330357
q6116,6,d2456,58.307793
q6116,7,d1392,56.313877
q6116,8,d498,55.153149
q6116,9,d8658,53.851326
q6116,10,d1980,53.219345
q6117,1,d1101,56.308163
q6117,2,d7271,46.849190
q6117,3,d4016,45.958771
q6117,4,d5053,38.012684
q6117,5,d5236,35.900707
q6117,6,d7325,34.813026
q6117,7,d1337,34.565914
q6117,8,d6103,33.581558
q6117,9,d1748,33.455776
q6117,10,d2061,31.316538
q6118,1,d1848,54.540245
q6118,2,d7628,52.991924
q6118,3,d7756,47.956409
q6118,4,d1786,47.629734
q6118,5,d1939,44.364426
q6118,6,d1101,43.066505
q6118,7,d4666,41.815269
q6118,8,d2837,41.161060
q6118,9,d1965,40.747459
q6118,10,d4314,40.607658
q6119,1,d1101,72.453590
q6119,2,d1646,55.642334
q6119,3,d7743,55.569012
q6119,4,d250,54.439716
q6119,5,d503,50.294411
q6119,6,d4767,48.129997
q6119,7,d2261,47.985352
q6119,8,d7943,47.014435
q6119,9,d417,37.582249
q6119,10,d3652,37.020554
q6120,1,d4331,43.517265
q6120,2,d2705,42.479275
q6120,3,d3350,42.174744
q6120,4,d4419,42.172501
q6120,5,d1537,42.060265
q6120,6,d4479,38.729496
q6120,7,d4242,37.187923
q6120,8,d3848,37.053925
q6120,9,d4222,36.467972
q6120,10,d1630,35.595051
q6121,1,d1101,56.538578
q6121,2,d3316,55.672070
q6121,3,d1929,53.837292
q6121,4,d2700,48.207283
q6121,5,d7989,44.748169
q6121,6,d1392,43.678471
q6121,7,d2937,43.504925
q6121,8,d4961,42.341293
q6121,9,d3378,41.754215
q6121,10,d3394,41.637196
q6122,1,d1559,57.337170
q6122,2,d1799,54.968220
q6122,3,d1881,50.035870
q6122,4,d6717,40.481510
q6122,5,d405,40.479847
q6122,6,d4868,39.542866
q6122,7,d6398,38.586094
q6122,8,d8627,38.574982
q6122,9,d6464,38.567570
q6122,10,d8352,38.285385
q6123,1,d4331,61.340557
q6123,2,d4954,52.418472
q6123,3,d3104,50.864399
q6123,4,d2706,47.909931
q6123,5,d1101,47.056435
q6123,6,d4322,46.906261
q6123,7,d6244,46.789051
q6123,8,d6368,46.194321
q6123,9,d6872,45.614494
q6123,10,d1615,45.055756
q6124,1,d7787,53.401459
q6124,2,d1432,42.415138
q6124,3,d3593,40.545200
q6124,4,d7447,38.217724
q6124,5,d5298,38.092766
q6124,6,d713,37.619534
q6124,7,d2007,37.593266
q6124,8,d7755,37.532318
q6124,9,d1199,37.344757
q6124,10,d4254,37.123695
q6125,1,d8527,77.545120
q6125,2,d2500,75.072487
q6125,3,d7557,70.653915
q6125,4,d4395,66.774300
q6125,5,d1784,66.678596
q6125,6,d3799,65.963966
q6125,7,d6960,65.379120
q6125,8,d6486,61.776596
q6125,9,d7969,57.811466
q6125,10,d1782,53.500885
q6126,1,d3415,83.024025
q6126,2,d2469,77.055420
q6126,3,d2453,76.057808
q6126,4,d457,74.869553
q6126,5,d496,64.471260
q6126,6,d210,62.422386
q6126,7,d257,51.420296
q6126,8,d4954,51.265808
q6126,9,d7811,50.337986
q6126,10,d4563,49.581409
q6127,1,d7209,24.896002
q6127,2,d4331,14.388885
q6127,3,d1225,14.371257
q6127,4,d4791,14.013727
q6127,5,d5372,13.914299
q6127,6,d4853,13.815616
q6127,7,d4202,13.620520
q6127,8,d1697,13.585175
q6127,9,d3350,13.544970
q6127,10,d7333,12.799641
q6128,1,d192,92.105072
q6128,2,d3658,89.376282
q6128,3,d1836,81.830177
q6128,4,d4250,81.276939
q6128,5,d469,79.581512
q6128,6,d6128,78.288063
q6128,7,d3157,78.085258
q6128,8,d1804,74.373634
q6128,9,d8067,72.739708
q6128,10,d2619,72.189934
q6129,1,d4207,29.096909
q6129,2,d47,22.426807
q6129,3,d7410,22.313150
q6129,4,d3158,21.701357
q6129,5,d1101,21.691540
q6129,6,d3316,19.277878
q6129,7,d3866,17.398251
q6129,8,d8701,16.380531
q6129,9,d8029,16.309574
q6129,10,d4838,16.267139
q6130,1,d1101,38.600647
q6130,2,d3522,33.481903
q6130,3,d7258,31.529211
q6130,4,d3612,28.678577
q6130,5,d1949,28.167198
q6130,6,d1724,27.711168
q6130,7,d6206,27.392309
q6130,8,d8196,26.581326
q6130,9,d5332,25.169268
q6130,10,d1664,24.988668
q6131,1,d3473,96.804375
q6131,2,d3378,79.168915
q6131,3,d4963,73.534843
q6131,4,d5597,69.140549
q6131,5,d4527,67.812447
q6131,6,d1219,65.084694
q6131,7,d5865,64.132858
q6131,8,d2497,62.690430
q6131,9,d6006,62.178215
q6131,10,d1831,61.876503
q6132,1,d1101,40.371960
q6132,2,d5603,27.173262
q6132,3,d4331,25.862028
q6132,4,d2864,23.254374
q6132,5,d5870,22.710655
q6132,6,d47,21.256153
q6132,7,d7410,21.213835
q6132,8,d8701,21.001551
q6132,9,d2939,20.925831
q6132,10,d4469,20.757435
q6133,1,d6133,169.867310
q6133,2,d8379,112.613716
q6133,3,d2154,89.636742
q6133,4,d236,75.058250
q6133,5,d769,74.724579
q6133,6,d7233,71.738419
q6133,7,d1997,70.860641
q6133,8,d4209,70.068672
q6133,9,d7943,65.900986
q6133,10,d1398,64.258759
q6134,1,d3842,53.042572
q6134,2,d475,47.716007
q6134,3,d4240,46.717846
q6134,4,d2700,45.923244
q6134,5,d1942,45.425041
q6134,6,d3954,43.786613
q6134,7,d3110,42.636314
q6134,8,d7951,42.588326
q6134,9,d2688,42.236008
q6134,10,d1101,42.058693
q6135,1,d1101,65.889275
q6135,2,d4963,58.527145
q6135,3,d3473,55.212097
q6135,4,d5597,53.778107
q6135,5,d3442,51.138779
q6135,6,d2579,50.497627
q6135,7,d8703,50.433369
q6135,8,d133,49.964645
q6135,9,d314,49.817482
q6135,10,d1487,48.270073
q6136,1,d2755,166.166885
q6136,2,d8510,164.281219
q6136,3,d8707,142.696411
q6136,4,d247,123.679482
q6136,5,d1930,119.379837
q6136,6,d4537,96.896118
q6136,7,d3559,96.081253
q6136,8,d8414,94.832443
q6136,9,d2559,92.436302
q6136,10,d6217,90.625916
q6137,1,d626,35.638077
q6137,2,d6112,33.283569
q6137,3,d5931,31.963577
q6137,4,d6850,28.787962
q6137,5,d264,27.076366
q6137,6,d5901,26.949087
q6137,7,d1296,26.700577
q6137,8,d385,26.140009
q6137,9,d8182,25.980017
q6137,10,d5391,25.449110
q6138,1,d6465,61.894966
q6138,2,d5675,60.125263
q6138,3,d5543,49.656151
q6138,4,d4331,47.925724
q6138,5,d8652,47.881832
q6138,6,d1101,47.225433
q6138,7,d6699,45.048119
q6138,8,d2086,44.358456
q6138,9,d6004,44.108181
q6138,10,d6354,44.108181
q6139,1,d3615,58.599949
q6139,2,d3034,56.843349
q6139,3,d3184,53.768055
q6139,4,d1101,45.849911
q6139,5,d1671,37.200966
q6139,6,d8606,36.106899
q6139,7,d6614,35.000782
q6139,8,d1732,34.228573
q6139,9,d3162,33.838039
q6139,10,d6575,33.212978
q6140,1,d7724,63.542892
q6140,2,d3316,62.517990
q6140,3,d5053,61.922585
q6140,4,d1835,60.257187
q6140,5,d7325,59.976040
q6140,6,d7722,58.497894
q6140,7,d1809,58.160770
q6140,8,d7983,57.511070
q6140,9,d251,55.977280
q6140,10,d6103,55.969269
q6141,1,d314,62.146484
q6141,2,d6734,57.687279
q6141,3,d1101,54.457886
q6141,4,d5870,36.266762
q6141,5,d2483,35.712776
q6141,6,d5965,35.607227
q6141,7,d5581,34.109146
q6141,8,d2148,30.449728
q6141,9,d6521,29.976309
q6141,10,d6971,28.891415
q6142,1,d1101,45.103806
q6142,2,d1671,36.492569
q6142,3,d2410,28.969391
q6142,4,d2763,28.803211
q6142,5,d5965,28.673178
q6142,6,d7067,28.628105
q6142,7,d4508,28.400684
q6142,8,d8024,28.168100
q6142,9,d650,27.700653
q6142,10,d8724,27.584251
q6143,1,d3792,104.013527
q6143,2,d4894,73.740105
q6143,3,d5236,69.749542
q6143,4,d12,67.114372
q6143,5,d5053,65.922905
q6143,6,d1697,64.720955
q6143,7,d7325,63.823875
q6143,8,d6103,61.566196
q6143,9,d1101,59.439232
q6143,10,d3643,59.437588
q6144,1,d4963,67.502823
q6144,2,d5597,64.168144
q6144,3,d2497,56.473324
q6144,4,d3297,54.107830
q6144,5,d4888,47.128151
q6144,6,d3115,46.305668
q6144,7,d4940,42.367481
q6144,8,d3473,41.888206
q6144,9,d133,40.785683
q6144,10,d314,40.621201
q6145,1,d1101,64.914085
q6145,2,d2410,62.033108
q6145,3,d217,61.705963
q6145,4,d4403,59.106007
q6145,5,d8724,59.106007
q6145,6,d4309,54.791759
q6145,7,d6606,53.056297
q6145,8,d4508,49.118088
q6145,9,d91,48.845425
q6145,10,d1717,48.742241
q6146,1,d3831,42.899502
q6146,2,d1101,37.135712
q6146,3,d280,33.798862
q6146,4,d5965,32.551655
q6146,5,d442,31.799238
q6146,6,d3979,30.955969
q6146,7,d5870,30.552017
q6146,8,d7832,30.347828
q6146,9,d4036,28.921755
q6146,10,d1927,25.928331
q6147,1,d3839,43.993690
q6147,2,d4455,43.065670
q6147,3,d3955,33.697727
q6147,4,d1101,26.701357
q6147,5,d5606,25.688364
q6147,6,d5611,22.729836
q6147,7,d4907,22.607981
q6147,8,d8717,22.378918
q6147,9,d6830,20.609686
q6147,10,d3316,20.388475
q6148,1,d1101,41.336815
q6148,2,d2104,28.266285
q6148,3,d135,27.377981
q6148,4,d2818,26.560673
q6148,5,d6971,26.371592
q6148,6,d5606,25.531013
q6148,7,d7969,24.819786
q6148,8,d5965,24.171465
q6148,9,d7994,24.062887
q6148,10,d5611,23.647415
q6149,1,d7743,84.367897
q6149,2,d503,75.470139
q6149,3,d1101,67.508102
q6149,4,d821,64.694672
q6149,5,d1737,63.738251
q6149,6,d2261,62.494015
q6149,7,d6429,59.740612
q6149,8,d7114,59.702278
q6149,9,d6383,58.197544
q6149,10,d6293,58.030800
q6150,1,d795,74.176582
q6150,2,d3488,71.627739
q6150,3,d3839,71.503319
q6150,4,d405,54.411526
q6150,5,d1101,45.331886
q6150,6,d6853,41.644638
q6150,7,d1663,40.071293
q6150,8,d6150,32.488712
q6150,9,d1789,28.202602
q6150,10,d2261,27.202274
q6151,1,d1101,44.389992
q6151,2,d5965,39.945351
q6151,3,d3370,33.551964
q6151,4,d2481,31.213169
q6151,5,d2469,29.948238
q6151,6,d1626,28.712286
q6151,7,d6151,28.400431
q6151,8,d1729,27.217318
q6151,9,d987,26.790133
q6151,10,d3022,24.973438
q6152,1,d1101,68.205772
q6152,2,d7736,52.651287
q6152,3,d2148,46.571724
q6152,4,d4060,44.944763
q6152,5,d5654,44.754757
q6152,6,d1789,43.651974
q6152,7,d5460,43.500904
q6152,8,d289,41.752277
q6152,9,d148,37.444672
q6152,10,d5103,35.944725
q6153,1,d4932,88.721764
q6153,2,d3186,80.459641
q6153,3,d4074,79.121407
q6153,4,d1936,75.598129
q6153,5,d1860,74.464088
q6153,6,d4339,72.130753
q6153,7,d1986,72.119820
q6153,8,d357,71.698547
q6153,9,d7628,70.415771
q6153,10,d6063,70.298492
q6154,1,d1101,77.124237
q6154,2,d1677,73.499680
q6154,3,d3830,57.537937
q6154,4,d4249,55.174599
q6154,5,d2341,53.417686
q6154,6,d8612,46.605793
q6154,7,d5965,46.585083
q6154,8,d6636,46.258255
q6154,9,d2700,46.059196
q6154,10,d3316,45.218090
q6155,1,d5997,102.749382
q6155,2,d6631,64.819572
q6155,3,d1101,62.870003
q6155,4,d5870,59.860218
q6155,5,d2642,59.558990
q6155,6,d5965,59.304043
q6155,7,d3896,58.879013
q6155,8,d4036,58.597771
q6155,9,d8060,57.790348
q6155,10,d1513,57.137257
q6156,1,d7702,61.478573
q6156,2,d3861,44.357536
q6156,3,d2676,43.124367
q6156,4,d7841,40.679443
q6156,5,d1101,37.494904
q6156,6,d7209,37.210205
q6156,7,d3344,37.110088
q6156,8,d5332,32.370430
q6156,9,d189,31.588808
q6156,10,d8236,29.830366
q6157,1,d1101,63.864395
q6157,2,d4331,35.202389
q6157,3,d2939,32.236900
q6157,4,d4469,31.950157
q6157,5,d1239,31.825603
q6157,6,d2104,31.533180
q6157,7,d5332,29.889952
q6157,8,d152,29.607359
q6157,9,d7482,29.413145
q6157,10,d2762,28.286339
q6158,1,d4331,40.648918
q6158,2,d1101,39.681931
q6158,3,d5236,35.900707
q6158,4,d5053,34.961613
q6158,5,d7325,34.813026
q6158,6,d6103,33.581558
q6158,7,d2061,31.316538
q6158,8,d1748,29.839394
q6158,9,d6935,29.010761
q6158,10,d3316,28.490528
q6159,1,d1101,53.078300
q6159,2,d5053,52.665886
q6159,3,d3316,45.961971
q6159,4,d1737,45.019711
q6159,5,d3285,43.990520
q6159,6,d447,40.229092
q6159,7,d135,38.784042
q6159,8,d2700,37.933632
q6159,9,d3487,37.375202
q6159,10,d1118,36.289795
q6160,1,d2154,75.773521
q6160,2,d1317,73.057121
q6160,3,d3345,68.917297
q6160,4,d3316,66.809586
q6160,5,d6133,65.283966
q6160,6,d258,64.033508
q6160,7,d1452,62.656193
q6160,8,d7233,62.423439
q6160,9,d1101,58.943825
q6160,10,d1791,57.856495
q6161,1,d600,86.183907
q6161,2,d3490,85.921440
q6161,3,d6161,85.118935
q6161,4,d1959,79.417091
q6161,5,d4650,79.307831
q6161,6,d1101,63.655048
q6161,7,d7081,56.271797
q6161,8,d4593,51.945522
q6161,9,d6998,42.837582
q6161,10,d3285,41.377079
q6162,1,d3956,48.092705
q6162,2,d1082,37.851181
q6162,3,d1145,31.041481
q6162,4,d545,27.126640
q6162,5,d3239,26.332102
q6162,6,d1671,25.935984
q6162,7,d6465,24.323624
q6162,8,d4566,23.508812
q6162,9,d2973,22.566938
q6162,10,d961,22.286057
q6163,1,d4954,103.664742
q6163,2,d1748,92.593269
q6163,3,d1165,81.445747
q6163,4,d5919,79.944611
q6163,5,d4675,75.721054
q6163,6,d7233,73.964798
q6163,7,d4773,68.601311
q6163,8,d4615,65.325500
q6163,9,d3867,64.150032
q6163,10,d2844,62.596710
q6164,1,d1101,51.624435
q6164,2,d1615,31.458826
q6164,3,d5332,28.607248
q6164,4,d6164,28.310802
q6164,5,d7743,27.037725
q6164,6,d6687,27.032511
q6164,7,d47,26.657385
q6164,8,d7410,26.532352
q6164,9,d1494,26.423195
q6164,10,d1704,25.843893
q6165,1,d7155,81.647186
q6165,2,d2503,80.689911
q6165,3,d1402,72.021713
q6165,4,d3929,71.685127
q6165,5,d4794,68.999519
q6165,6,d1318,61.125725
q6165,7,d3931,60.724937
q6165,8,d4857,58.310123
q6165,9,d6497,58.159203
q6165,10,d3217,57.796604
q6166,1,d1101,51.151283
q6166,2,d3316,32.400581
q6166,3,d4331,29.108276
q6166,4,d4718,24.286968
q6166,5,d3297,22.699535
q6166,6,d5551,22.671585
q6166,7,d7743,20.967464
q6166,8,d7024,20.924023
q6166,9,d4379,20.450253
q6166,10,d703,20.348459
q6167,1,d561,82.400513
q6167,2,d1626,79.364510
q6167,3,d8637,77.266319
q6167,4,d4378,76.707001
q6167,5,d7246,75.207230
q6167,6,d7192,72.994797
q6167,7,d2469,71.373253
q6167,8,d1527,69.707336
q6167,9,d4914,69.007538
q6167,10,d8390,68.033875
q6168,1,d1101,88.274185
q6168,2,d7133,84.766129
q6168,3,d5087,79.972954
q6168,4,d1070,63.067200
q6168,5,d7069,58.460312
q6168,6,d1737,55.565269
q6168,7,d865,49.669987
q6168,8,d7989,48.782837
q6168,9,d2104,45.152363
q6168,10,d846,45.048859
q6169,1,d1101,47.645863
q6169,2,d135,44.484360
q6169,3,d3316,43.967808
q6169,4,d2937,38.578732
q6169,5,d7989,35.252281
q6169,6,d2104,32.113750
q6169,7,d1967,31.548023
q6169,8,d1337,31.179844
q6169,9,d4771,30.454109
q6169,10,d2489,30.450504
q6170,1,d2154,94.408569
q6170,2,d7233,90.225319
q6170,3,d1317,81.554436
q6170,4,d1452,73.690498
q6170,5,d2215,71.464500
q6170,6,d930,70.938843
q6170,7,d6133,69.176315
q6170,8,d7809,69.036781
q6170,9,d258,67.729591
q6170,10,d1435,64.112907
q6171,1,d1101,59.026360
q6171,2,d4331,43.071495
q6171,3,d4576,41.779423
q6171,4,d4339,37.632298
q6171,5,d1936,37.592819
q6171,6,d4074,35.987724
q6171,7,d1972,35.683529
q6171,8,d6063,35.149254
q6171,9,d799,34.781082
q6171,10,d2169,33.773632
q6172,1,d4485,61.239105
q6172,2,d3916,60.454800
q6172,3,d1782,60.373867
q6172,4,d3489,57.850693
q6172,5,d4265,53.694111
q6172,6,d2491,50.948605
q6172,7,d650,46.036282
q6172,8,d7630,45.972301
q6172,9,d1960,39.952564
q6172,10,d3711,39.575550
q6173,1,d6465,40.580639
q6173,2,d2489,30.474865
q6173,3,d6003,29.780849
q6173,4,d1029,29.276176
q6173,5,d6244,27.673519
q6173,6,d6368,27.321756
q6173,7,d5675,26.825800
q6173,8,d4694,25.614920
q6173,9,d4331,24.880257
q6173,10,d3316,24.601601
q6174,1,d1755,75.339676
q6174,2,d4954,64.568779
q6174,3,d2469,62.214481
q6174,4,d2594,61.734089
q6174,5,d3479,57.904160
q6174,6,d4322,57.239880
q6174,7,d4759,55.059414
q6174,8,d4395,55.021824
q6174,9,d3061,55.017494
q6174,10,d1782,54.988995
q6175,1,d3932,55.981277
q6175,2,d4803,51.056282
q6175,3,d2177,48.405563
q6175,4,d6443,42.550400
q6175,5,d2081,38.355011
q6175,6,d7841,36.504654
q6175,7,d1769,36.465164
q6175,8,d4968,35.880783
q6175,9,d1838,35.443562
q6175,10,d4746,34.130543
q6176,1,d7209,54.566475
q6176,2,d1174,40.568184
q6176,3,d1567,35.570011
q6176,4,d8172,33.597473
q6176,5,d1231,33.121452
q6176,6,d2090,32.550171
q6176,7,d7763,31.644545
q6176,8,d7500,31.544127
q6176,9,d1789,31.268799
q6176,10,d7417,31.150021
q6177,1,d7209,38.696907
q6177,2,d1627,33.839478
q6177,3,d1101,31.112633
q6177,4,d4331,28.563175
q6177,5,d4171,27.618864
q6177,6,d3350,27.269833
q6177,7,d8529,24.476425
q6177,8,d2074,23.881687
q6177,9,d4689,23.806581
q6177,10,d2937,22.920469
q6178,1,d7209,83.077324
q6178,2,d4331,33.206879
q6178,3,d8529,27.231026
q6178,4,d1101,24.110390
q6178,5,d4966,21.420994
q6178,6,d3104,19.563229
q6178,7,d2706,18.426897
q6178,8,d3316,17.984882
q6178,9,d4828,17.466928
q6178,10,d5798,17.399767
q6179,1,d250,59.244629
q6179,2,d4174,56.230690
q6179,3,d1646,52.020046
q6179,4,d4932,48.141979
q6179,5,d4767,43.177750
q6179,6,d846,42.631363
q6179,7,d3514,41.625942
q6179,8,d7271,39.065762
q6179,9,d7983,39.029995
q6179,10,d4862,38.960186
q6180,1,d5660,45.797798
q6180,2,d1101,44.328411
q6180,3,d5870,42.793442
q6180,4,d4262,42.637096
q6180,5,d8060,41.859577
q6180,6,d4036,41.695103
q6180,7,d6631,41.169464
q6180,8,d5965,41.090080
q6180,9,d5531,40.867695
q6180,10,d3896,38.348579
q6181,1,d1101,39.476242
q6181,2,d4260,37.089954
q6181,3,d2802,36.873493
q6181,4,d3120,36.051674
q6181,5,d135,35.018600
q6181,6,d5611,34.904099
q6181,7,d400,34.357559
q6181,8,d5581,33.817814
q6181,9,d5332,33.816479
q6181,10,d2104,33.288479
q6182,1,d3542,100.546204
q6182,2,d6182,71.552773
q6182,3,d4115,67.939728
q6182,4,d8031,50.799839
q6182,5,d1101,49.342308
q6182,6,d3316,41.302044
q6182,7,d1964,40.503765
q6182,8,d4331,36.727962
q6182,9,d1070,34.623905
q6182,10,d2937,30.021889
q6183,1,d1101,55.456345
q6183,2,d2695,36.850391
q6183,3,d1227,29.704853
q6183,4,d6205,28.267996
q6183,5,d4289,26.419518
q6183,6,d6815,26.344826
q6183,7,d5965,26.245237
q6183,8,d4086,25.800867
q6183,9,d3316,25.524500
q6183,10,d447,24.757589
q6184,1,d1101,86.024429
q6184,2,d7209,60.114025
q6184,3,d3285,50.933254
q6184,4,d3111,46.766239
q6184,5,d3295,43.592525
q6184,6,d2104,42.708126
q6184,7,d1337,41.494450
q6184,8,d5660,40.083542
q6184,9,d4036,40.048912
q6184,10,d5543,38.789463
q6185,1,d1101,48.834194
q6185,2,d1948,37.054989
q6185,3,d217,35.861725
q6185,4,d7951,33.730511
q6185,5,d4257,31.058750
q6185,6,d47,30.811348
q6185,7,d7410,30.652523
q6185,8,d1913,30.188227
q6185,9,d3844,30.147217
q6185,10,d7162,29.297422
q6186,1,d1101,44.802578
q6186,2,d4331,23.181147
q6186,3,d5543,20.425203
q6186,4,d4966,19.632442
q6186,5,d6003,18.622549
q6186,6,d47,18.567535
q6186,7,d7410,18.523111
q6186,8,d4171,18.149141
q6186,9,d7872,17.808369
q6186,10,d2937,17.376379
q6187,1,d1101,45.143150
q6187,2,d7410,31.525845
q6187,3,d3842,30.475533
q6187,4,d47,30.281118
q6187,5,d3213,29.255863
q6187,6,d1704,27.080732
q6187,7,d4525,23.012831
q6187,8,d3984,22.939795
q6187,9,d2939,22.848782
q6187,10,d4469,22.670376
q6188,1,d6293,54.524666
q6188,2,d7114,51.184505
q6188,3,d5053,46.615482
q6188,4,d7325,46.417366
q6188,5,d6103,44.775414
q6188,6,d1101,43.919964
q6188,7,d2061,41.755383
q6188,8,d5236,41.755383
q6188,9,d2154,40.242382
q6188,10,d258,39.365166
q6189,1,d4331,59.279602
q6189,2,d1101,55.173439
q6189,3,d4419,48.421444
q6189,4,d1537,46.450985
q6189,5,d2705,46.221146
q6189,6,d2937,44.154549
q6189,7,d3350,41.851406
q6189,8,d4479,38.729496
q6189,9,d1630,38.464725
q6189,10,d1627,37.779743
q6190,1,d1318,71.802422
q6190,2,d480,70.776054
q6190,3,d4486,47.490841
q6190,4,d1101,46.636795
q6190,5,d6895,46.272713
q6190,6,d4575,45.158501
q6190,7,d3656,43.843216
q6190,8,d3572,42.015392
q6190,9,d3316,27.104794
q6190,10,d1239,26.636524
q6191,1,d1848,88.076469
q6191,2,d4770,80.240005
q6191,3,d1707,80.240005
q6191,4,d3896,72.821411
q6191,5,d7756,72.606468
q6191,6,d4036,71.800575
q6191,7,d5870,69.901123
q6191,8,d6971,69.556015
q6191,9,d7628,69.487114
q6191,10,d6631,69.185913
q6192,1,d6192,104.559807
q6192,2,d3809,92.489288
q6192,3,d4326,85.255005
q6192,4,d4039,67.570496
q6192,5,d264,65.901001
q6192,6,d1101,63.528198
q6192,7,d1734,58.123013
q6192,8,d4055,57.984756
q6192,9,d5965,56.837452
q6192,10,d3316,51.984188
q6193,1,d3316,58.516754
q6193,2,d3080,53.054256
q6193,3,d1101,46.777119
q6193,4,d1630,44.915333
q6193,5,d1624,42.444942
q6193,6,d7550,39.680771
q6193,7,d1636,39.333805
q6193,8,d3842,36.796852
q6193,9,d1974,33.623955
q6193,10,d722,32.290756
q6194,1,d1101,72.058777
q6194,2,d539,66.913803
q6194,3,d148,66.116890
q6194,4,d1578,65.189888
q6194,5,d4341,63.132156
q6194,6,d7133,62.619637
q6194,7,d2781,61.701744
q6194,8,d3518,59.794411
q6194,9,d3918,57.367989
q6194,10,d477,57.172062
q6195,1,d4073,83.889709
q6195,2,d7269,65.692856
q6195,3,d5840,60.826286
q6195,4,d1101,53.638535
q6195,5,d7171,51.730881
q6195,6,d3670,50.990700
q6195,7,d4525,49.394661
q6195,8,d7621,47.679436
q6195,9,d3842,47.641857
q6195,10,d1489,47.397846
q6196,1,d1101,40.031834
q6196,2,d5053,25.231373
q6196,3,d7325,23.208685
q6196,4,d6103,22.387705
q6196,5,d5236,22.023735
q6196,6,d2061,20.877691
q6196,7,d6540,19.620098
q6196,8,d6397,17.449627
q6196,9,d6935,17.129375
q6196,10,d6235,17.121367
q6197,1,d1101,50.253311
q6197,2,d6465,49.892815
q6197,3,d2728,48.863369
q6197,4,d4165,48.352985
q6197,5,d2572,45.445759
q6197,6,d2410,45.357758
q6197,7,d3373,45.030518
q6197,8,d1671,43.317841
q6197,9,d5675,42.883793
q6197,10,d4508,42.505093
q6198,1,d1799,62.884136
q6198,2,d4838,60.096500
q6198,3,d5949,57.454449
q6198,4,d6538,54.188248
q6198,5,d6293,53.722488
q6198,6,d1747,52.224739
q6198,7,d1559,51.218349
q6198,8,d1101,49.045570
q6198,9,d1881,44.883945
q6198,10,d5635,42.720016
q6199,1,d2939,57.089085
q6199,2,d4469,56.562531
q6199,3,d1239,50.893818
q6199,4,d1101,46.130714
q6199,5,d7482,45.700775
q6199,6,d8397,45.101746
q6199,7,d5401,44.878876
q6199,8,d6476,44.413162
q6199,9,d5617,43.529980
q6199,10,d1477,43.477894
q6200,1,d7970,94.508026
q6200,2,d4870,93.282867
q6200,3,d6747,89.431793
q6200,4,d5449,69.973694
q6200,5,d3941,67.341446
q6200,6,d2187,64.149612
q6200,7,d2215,64.019325
q6200,8,d6794,59.460991
q6200,9,d7743,58.980442
q6200,10,d417,58.023472
q6201,1,d7258,60.592621
q6201,2,d1101,52.917137
q6201,3,d6206,51.631344
q6201,4,d3522,50.452728
q6201,5,d1724,45.609249
q6201,6,d8196,43.109768
q6201,7,d1949,41.606174
q6201,8,d2702,41.367737
q6201,9,d6490,40.848843
q6201,10,d1892,39.643562
q6202,1,d1838,103.025574
q6202,2,d1769,100.676704
q6202,3,d4968,97.417183
q6202,4,d4746,92.583641
q6202,5,d615,89.630753
q6202,6,d1823,88.816055
q6202,7,d2081,85.301308
q6202,8,d1097,84.824989
q6202,9,d3932,84.608589
q6202,10,d3626,80.550392
q6203,1,d1101,57.171700
q6203,2,d4288,51.165356
q6203,3,d8060,48.947414
q6203,4,d5870,48.651966
q6203,5,d4036,47.178829
q6203,6,d5965,46.515198
q6203,7,d3896,46.210556
q6203,8,d4675,46.037827
q6203,9,d6631,44.907536
q6203,10,d6555,42.885681
q6204,1,d1831,30.463045
q6204,2,d3604,28.698408
q6204,3,d6808,26.467846
q6204,4,d6734,25.833965
q6204,5,d8537,25.330393
q6204,6,d6540,25.228352
q6204,7,d6235,24.420181
q6204,8,d8737,23.890394
q6204,9,d1671,22.398285
q6204,10,d8183,20.549950
q6205,1,d1101,81.285576
q6205,2,d7258,64.379646
q6205,3,d4303,62.894531
q6205,4,d8196,61.426868
q6205,5,d1724,55.983128
q6205,6,d3522,55.819828
q6205,7,d1862,55.187195
q6205,8,d2702,53.360252
q6205,9,d3978,53.242886
q6205,10,d1892,52.121315
q6206,1,d1101,52.761848
q6206,2,d6206,44.702942
q6206,3,d2077,42.536476
q6206,4,d3522,36.879074
q6206,5,d6848,36.272503
q6206,6,d4718,36.128712
q6206,7,d2702,35.468712
q6206,8,d1664,33.977669
q6206,9,d4593,33.150021
q6206,10,d4379,32.345272
q6207,1,d7169,58.684353
q6207,2,d1101,52.850212
q6207,3,d4115,51.389927
q6207,4,d5870,48.137650
q6207,5,d7155,45.876362
q6207,6,d5965,45.633339
q6207,7,d4036,44.222240
q6207,8,d3896,43.721512
q6207,9,d6971,43.318039
q6207,10,d8060,43.045555
q6208,1,d6208,89.213593
q6208,2,d4262,69.285278
q6208,3,d3234,55.864639
q6208,4,d4827,54.136345
q6208,5,d242,43.745224
q6208,6,d3316,36.991974
q6208,7,d2406,35.599968
q6208,8,d2112,35.452316
q6208,9,d1101,32.487289
q6208,10,d5870,30.922556
q6209,1,d2622,96.818863
q6209,2,d8145,73.496597
q6209,3,d4863,70.742958
q6209,4,d2897,68.165413
q6209,5,d4099,63.858765
q6209,6,d1101,53.070580
q6209,7,d3316,42.511627
q6209,8,d1318,42.238167
q6209,9,d243,40.955666
q6209,10,d1709,40.729317
q6210,1,d1287,104.426506
q6210,2,d7492,73.173401
q6210,3,d6304,70.842514
q6210,4,d5124,65.456451
q6210,5,d6167,56.842430
q6210,6,d2937,43.217232
q6210,7,d135,42.198177
q6210,8,d1101,38.210155
q6210,9,d3758,37.971859
q6210,10,d2489,34.692268
q6211,1,d1101,70.012085
q6211,2,d1145,59.235497
q6211,3,d7155,55.730156
q6211,4,d6734,55.461033
q6211,5,d4115,53.336433
q6211,6,d3316,52.658237
q6211,7,d1620,45.908627
q6211,8,d2505,45.499481
q6211,9,d2700,45.045246
q6211,10,d189,45.044563
q6212,1,d6619,88.394226
q6212,2,d273,85.466858
q6212,3,d4462,77.856842
q6212,4,d4475,77.492882
q6212,5,d1774,62.551506
q6212,6,d3107,55.249756
q6212,7,d6415,54.004860
q6212,8,d2177,49.229820
q6212,9,d6443,43.302563
q6212,10,d2908,42.998363
q6213,1,d7271,78.081978
q6213,2,d1967,41.290722
q6213,3,d6619,40.687885
q6213,4,d4331,39.948578
q6213,5,d1101,39.727058
q6213,6,d2509,35.531631
q6213,7,d1965,28.958738
q6213,8,d1786,28.629757
q6213,9,d2837,27.957489
q6213,10,d1988,26.382877
q6214,1,d5312,96.104820
q6214,2,d250,58.867565
q6214,3,d7004,56.406830
q6214,4,d3599,51.273075
q6214,5,d5238,48.519394
q6214,6,d178,48.422657
q6214,7,d7485,46.724010
q6214,8,d2572,46.629330
q6214,9,d6465,46.456203
q6214,10,d5037,45.773567
q6215,1,d4331,61.112900
q6215,2,d1101,53.300720
q6215,3,d5053,52.095325
q6215,4,d2937,49.603481
q6215,5,d7325,46.417366
q6215,6,d5236,46.339550
q6215,7,d6103,44.775414
q6215,8,d2061,41.755383
q6215,9,d3350,40.794785
q6215,10,d6178,40.778965
q6216,1,d1101,26.486773
q6216,2,d3983,18.587475
q6216,3,d1640,18.421978
q6216,4,d3506,17.344555
q6216,5,d1768,16.823771
q6216,6,d4331,16.513348
q6216,7,d8064,16.223217
q6216,8,d1653,15.898694
q6216,9,d4360,15.778679
q6216,10,d6524,15.182135
q6217,1,d8707,48.774433
q6217,2,d3954,48.701324
q6217,3,d3842,47.056652
q6217,4,d1948,41.254887
q6217,5,d2755,40.598461
q6217,6,d475,39.836864
q6217,7,d3213,39.373302
q6217,8,d3301,39.261627
q6217,9,d4309,38.827705
q6217,10,d1101,37.860558
q6218,1,d1101,47.309570
q6218,2,d3316,29.462202
q6218,3,d135,28.126961
q6218,4,d6384,28.082523
q6218,5,d2104,25.685236
q6218,6,d6025,25.144138
q6218,7,d4331,24.627728
q6218,8,d7989,23.809677
q6218,9,d54,23.533245
q6218,10,d2762,23.063671
q6219,1,d5922,62.261467
q6219,2,d6444,59.837387
q6219,3,d4132,58.017803
q6219,4,d2715,56.586739
q6219,5,d4643,54.210705
q6219,6,d3934,51.842651
q6219,7,d3060,50.801357
q6219,8,d365,44.629356
q6219,9,d2302,43.240856
q6219,10,d1101,42.723480
q6220,1,d1101,41.608185
q6220,2,d8196,32.204483
q6220,3,d6869,27.957960
q6220,4,d3316,25.794188
q6220,5,d5053,23.307743
q6220,6,d7325,23.208685
q6220,7,d5236,23.169779
q6220,8,d6103,22.387705
q6220,9,d1287,22.312262
q6220,10,d5307,21.881004
q6221,1,d2154,77.097412
q6221,2,d7534,58.624119
q6221,3,d7233,53.082703
q6221,4,d8379,49.620529
q6221,5,d7134,49.443069
q6221,6,d1791,47.091381
q6221,7,d2215,44.775028
q6221,8,d258,39.142433
q6221,9,d6356,37.350967
q6221,10,d2001,33.246193
q6222,1,d1101,68.722885
q6222,2,d6971,30.379883
q6222,3,d5965,24.753162
q6222,4,d3316,24.379112
q6222,5,d8529,23.099125
q6222,6,d2818,22.733341
q6222,7,d4331,22.610996
q6222,8,d2051,22.411123
q6222,9,d5870,21.173752
q6222,10,d5543,21.065983
q6223,1,d5460,28.198906
q6223,2,d189,23.353743
q6223,3,d3621,22.960943
q6223,4,d135,22.915062
q6223,5,d4331,22.050413
q6223,6,d4824,21.009680
q6223,7,d953,20.940710
q6223,8,d5435,20.899553
q6223,9,d2489,20.830809
q6223,10,d2809,19.865139
q6224,1,d5053,34.961613
q6224,2,d7325,34.813026
q6224,3,d6103,33.581558
q6224,4,d6540,33.292393
q6224,5,d5236,32.462582
q6224,6,d1748,31.611584
q6224,7,d2061,31.316538
q6224,8,d4881,27.231258
q6224,9,d6397,26.174442
q6224,10,d6235,25.682051
q6225,1,d2818,27.432880
q6225,2,d4346,24.653376
q6225,3,d5386,23.186707
q6225,4,d316,23.144203
q6225,5,d6276,22.802826
q6225,6,d7994,20.913431
q6225,7,d152,20.633421
q6225,8,d6971,20.041456
q6225,9,d1029,19.991812
q6225,10,d775,19.037922
q6226,1,d3864,62.877785
q6226,2,d3856,50.661407
q6226,3,d4967,37.400253
q6226,4,d3796,36.842346
q6226,5,d3182,36.028801
q6226,6,d805,29.180290
q6226,7,d4766,26.892561
q6226,8,d1551,18.228233
q6226,9,d189,16.116533
q6226,10,d1640,14.713079
q6227,1,d6734,35.662479
q6227,2,d314,33.304600
q6227,3,d1640,28.463423
q6227,4,d7209,26.246700
q6227,5,d1551,23.576620
q6227,6,d3694,23.269325
q6227,7,d135,23.160017
q6227,8,d2099,23.140429
q6227,9,d4681,21.543901
q6227,10,d4256,20.868505
q6228,1,d3639,29.962015
q6228,2,d3144,28.262774
q6228,3,d2784,22.298582
q6228,4,d2823,21.794409
q6228,5,d189,21.049778
q6228,6,d7209,19.539522
q6228,7,d2700,17.582155
q6228,8,d5095,17.135897
q6228,9,d2841,16.921154
q6228,10,d2489,15.511501
q6229,1,d4458,102.605194
q6229,2,d13,102.371841
q6229,3,d4746,100.921799
q6229,4,d1854,98.767166
q6229,5,d152,71.147285
q6229,6,d7634,52.841747
q6229,7,d4613,35.521736
q6229,8,d6587,33.801048
q6229,9,d1101,29.252279
q6229,10,d7129,29.137388
q6230,1,d2572,77.933243
q6230,2,d6465,76.295219
q6230,3,d6003,56.082756
q6230,4,d5675,54.722748
q6230,5,d6244,53.743752
q6230,6,d6368,53.060608
q6230,7,d2410,53.022030
q6230,8,d4165,48.352985
q6230,9,d2086,46.927063
q6230,10,d152,46.781197
q6231,1,d7162,63.021278
q6231,2,d1101,61.299438
q6231,3,d5460,55.802029
q6231,4,d4378,54.422565
q6231,5,d3616,52.803497
q6231,6,d7536,52.526463
q6231,7,d5957,51.913464
q6231,8,d561,49.440304
q6231,9,d7521,48.695393
q6231,10,d4348,48.471596
q6232,1,d3316,50.121025
q6232,2,d557,43.650631
q6232,3,d4522,37.280956
q6232,4,d4331,35.392540
q6232,5,d2487,34.436283
q6232,6,d7986,32.373619
q6232,7,d7648,32.212643
q6232,8,d4230,30.814734
q6232,9,d1744,30.640856
q6232,10,d7845,30.398884
q6233,1,d7989,91.970154
q6233,2,d1101,91.689392
q6233,3,d4285,67.560486
q6233,4,d3760,62.758007
q6233,5,d4410,60.687355
q6233,6,d6384,56.880177
q6233,7,d135,55.580261
q6233,8,d2540,53.795189
q6233,9,d3783,53.089603
q6233,10,d2762,51.340839
q6234,1,d1101,52.008469
q6234,2,d1630,44.851334
q6234,3,d4861,44.223858
q6234,4,d2392,44.135941
q6234,5,d1551,42.647938
q6234,6,d3308,40.044834
q6234,7,d2771,39.447521
q6234,8,d3316,36.834972
q6234,9,d1386,36.114048
q6234,10,d987,35.611053
q6235,1,d1117,72.776993
q6235,2,d962,67.927986
q6235,3,d1101,59.421860
q6235,4,d6384,57.864803
q6235,5,d5236,53.215805
q6235,6,d436,47.632610
q6235,7,d5053,46.615482
q6235,8,d7325,46.417366
q6235,9,d1748,46.364464
q6235,10,d432,45.744370
q6236,1,d1101,66.761452
q6236,2,d7989,55.221485
q6236,3,d5053,50.268711
q6236,4,d7325,46.417366
q6236,5,d6187,45.842545
q6236,6,d5236,45.193508
q6236,7,d2841,45.038338
q6236,8,d6103,44.775414
q6236,9,d3316,44.682835
q6236,10,d6384,43.388897
q6237,1,d6237,145.875671
q6237,2,d4665,65.711250
q6237,3,d1101,55.424675
q6237,4,d8318,54.787498
q6237,5,d2469,43.656769
q6237,6,d4331,43.033298
q6237,7,d3598,40.432720
q6237,8,d1915,40.355625
q6237,9,d1925,39.755150
q6237,10,d4219,39.494293
q6238,1,d2681,93.182396
q6238,2,d2038,73.290993
q6238,3,d3899,65.909843
q6238,4,d5513,61.052933
q6238,5,d4277,56.534721
q6238,6,d1395,56.200954
q6238,7,d4135,56.048260
q6238,8,d4411,54.720276
q6238,9,d6844,54.349339
q6238,10,d2794,53.735733
q6239,1,d1101,51.329643
q6239,2,d1029,47.193085
q6239,3,d760,39.468002
q6239,4,d3316,33.436920
q6239,5,d1929,30.416876
q6239,6,d583,30.234543
q6239,7,d3016,29.376673
q6239,8,d1921,28.838640
q6239,9,d4268,28.445049
q6239,10,d5460,28.160582
q6240,1,d153,56.044891
q6240,2,d4665,51.812984
q6240,3,d2538,44.938442
q6240,4,d1481,44.712784
q6240,5,d1676,44.225773
q6240,6,d1101,43.546974
q6240,7,d8318,42.366302
q6240,8,d2943,41.359676
q6240,9,d2781,39.253685
q6240,10,d7056,37.822289
q6241,1,d4584,101.128914
q6241,2,d3117,92.886375
q6241,3,d805,73.914497
q6241,4,d6521,68.512581
q6241,5,d1615,58.667831
q6241,6,d1853,53.698036
q6241,7,d4602,52.345589
q6241,8,d5386,52.186375
q6241,9,d2266,50.026260
q6241,10,d7630,49.328545
q6242,1,d1101,40.426491
q6242,2,d4331,25.299810
q6242,3,d2949,24.914179
q6242,4,d7024,23.743797
q6242,5,d6384,22.815136
q6242,6,d7601,22.427193
q6242,7,d47,21.488880
q6242,8,d4659,21.403107
q6242,9,d7410,21.392878
q6242,10,d5965,21.365288
q6243,1,d4165,44.788509
q6243,2,d4537,43.309620
q6243,3,d3559,41.762211
q6243,4,d3318,40.717152
q6243,5,d6654,40.146103
q6243,6,d3373,39.145966
q6243,7,d4979,37.950294
q6243,8,d5965,37.104603
q6243,9,d1671,36.114578
q6243,10,d436,35.509499
q6244,1,d1101,32.484192
q6244,2,d1626,27.724749
q6244,3,d7743,24.044622
q6244,4,d2887,22.043909
q6244,5,d3316,20.514839
q6244,6,d3372,20.294580
q6244,7,d1737,20.268019
q6244,8,d7765,19.776001
q6244,9,d4115,19.480818
q6244,10,d6915,19.080130
q6245,1,d6384,43.054230
q6245,2,d1101,42.551987
q6245,3,d2762,36.067425
q6245,4,d3783,34.828392
q6245,5,d5965,34.714493
q6245,6,d7989,33.447983
q6245,7,d5906,32.909607
q6245,8,d54,32.050800
q6245,9,d6187,31.997372
q6245,10,d7971,31.649366
q6246,1,d6991,66.533600
q6246,2,d3956,60.865513
q6246,3,d3338,51.338757
q6246,4,d1627,42.677200
q6246,5,d3327,39.899132
q6246,6,d236,37.450127
q6246,7,d4419,36.987808
q6246,8,d3350,35.240593
q6246,9,d1943,34.926456
q6246,10,d2705,34.696220
q6247,1,d6247,122.775620
q6247,2,d181,118.424232
q6247,3,d194,109.179749
q6247,4,d7033,103.359299
q6247,5,d7471,101.947861
q6247,6,d1101,100.859283
q6247,7,d243,94.863914
q6247,8,d465,91.213593
q6247,9,d2104,91.012337
q6247,10,d5611,90.818268
q6248,1,d2469,51.214256
q6248,2,d2051,47.474766
q6248,3,d2594,47.394386
q6248,4,d4954,44.674320
q6248,5,d4537,39.031998
q6248,6,d4322,38.298443
q6248,7,d3559,37.794731
q6248,8,d1118,37.008766
q6248,9,d1615,36.564178
q6248,10,d4165,35.767067
q6249,1,d4574,111.260468
q6249,2,d5837,79.441879
q6249,3,d3963,69.054062
q6249,4,d4947,66.573280
q6249,5,d8545,56.245129
q6249,6,d8060,47.933933
q6249,7,d804,47.321968
q6249,8,d5870,45.354439
q6249,9,d4036,43.534019
q6249,10,d3896,42.760216
q6250,1,d6734,151.454285
q6250,2,d314,136.722229
q6250,3,d2483,89.368103
q6250,4,d1101,72.420181
q6250,5,d5053,52.442417
q6250,6,d7325,52.219536
q6250,7,d5236,50.412930
q6250,8,d6103,50.372341
q6250,9,d5965,48.701210
q6250,10,d1704,48.286098
q6251,1,d2937,41.659737
q6251,2,d3781,33.789272
q6251,3,d5571,30.725044
q6251,4,d7431,30.181929
q6251,5,d1101,29.317312
q6251,6,d1630,28.781849
q6251,7,d7989,28.039249
q6251,8,d469,27.562513
q6251,9,d6340,27.426222
q6251,10,d659,24.529793
q6252,1,d1101,59.567410
q6252,2,d7271,46.849190
q6252,3,d5965,43.997677
q6252,4,d5870,37.513069
q6252,5,d4016,33.719761
q6252,6,d4036,31.911367
q6252,7,d155,31.642546
q6252,8,d3896,31.447899
q6252,9,d1706,30.525009
q6252,10,d6631,30.078110
q6253,1,d1101,47.788296
q6253,2,d6642,37.529545
q6253,3,d6734,35.128185
q6253,4,d5992,30.469061
q6253,5,d1392,29.606600
q6253,6,d1925,29.040134
q6253,7,d4327,25.853498
q6253,8,d1071,25.356615
q6253,9,d6815,24.588190
q6253,10,d5142,24.160183
q6254,1,d1101,56.728458
q6254,2,d4419,53.259064
q6254,3,d4331,52.871078
q6254,4,d2937,51.284256
q6254,5,d3350,48.822002
q6254,6,d2705,46.964802
q6254,7,d4479,45.978550
q6254,8,d1537,45.764576
q6254,9,d2074,43.979511
q6254,10,d4222,43.610504
q6255,1,d5236,58.404873
q6255,2,d5053,46.615482
q6255,3,d1955,46.465275
q6255,4,d7325,46.417366
q6255,5,d6103,44.775414
q6255,6,d6540,44.764862
q6255,7,d1748,44.521679
q6255,8,d6935,42.670170
q6255,9,d2061,41.755383
q6255,10,d1101,40.247658
q6256,1,d6576,64.442009
q6256,2,d3378,46.252655
q6256,3,d5061,45.383774
q6256,4,d1101,44.414070
q6256,5,d6815,35.306416
q6256,6,d1980,35.241074
q6256,7,d1392,34.541420
q6256,8,d3889,32.814358
q6256,9,d3621,31.395405
q6256,10,d3316,30.656883
q6257,1,d476,40.393719
q6257,2,d2967,34.049881
q6257,3,d3007,32.152878
q6257,4,d4156,31.240650
q6257,5,d4139,31.122044
q6257,6,d1516,30.389347
q6257,7,d436,29.367460
q6257,8,d4169,29.336016
q6257,9,d1640,28.852318
q6257,10,d3984,28.766109
q6258,1,d5460,57.505135
q6258,2,d1101,53.020874
q6258,3,d4824,46.103222
q6258,4,d953,44.751411
q6258,5,d1615,43.166573
q6258,6,d618,42.655060
q6258,7,d4546,42.455906
q6258,8,d3464,40.569897
q6258,9,d7983,36.424820
q6258,10,d5978,36.350498
q6259,1,d4378,90.296852
q6259,2,d561,82.400513
q6259,3,d8637,74.833900
q6259,4,d7246,73.544266
q6259,5,d8390,68.033875
q6259,6,d5229,66.691231
q6259,7,d1527,65.449768
q6259,8,d7192,61.590042
q6259,9,d7325,59.976040
q6259,10,d6103,58.992447
q6260,1,d2154,88.771500
q6260,2,d1101,71.614563
q6260,3,d7233,53.899132
q6260,4,d4107,52.029572
q6260,5,d7134,47.016026
q6260,6,d1801,44.397846
q6260,7,d7534,43.944958
q6260,8,d2215,42.807129
q6260,9,d3607,41.704258
q6260,10,d4331,41.695774
q6261,1,d1101,83.749344
q6261,2,d7989,70.250793
q6261,3,d189,64.644547
q6261,4,d2540,63.334404
q6261,5,d6384,59.545147
q6261,6,d3350,53.825581
q6261,7,d4542,53.750378
q6261,8,d3916,52.450031
q6261,9,d3584,52.445492
q6261,10,d4331,52.125977
q6262,1,d1537,56.117386
q6262,2,d2705,51.450329
q6262,3,d4419,50.111965
q6262,4,d3350,49.285637
q6262,5,d3848,48.519505
q6262,6,d4479,48.411869
q6262,7,d2804,47.750195
q6262,8,d2074,46.738476
q6262,9,d3711,46.127007
q6262,10,d3290,46.019482
q6263,1,d4665,203.171722
q6263,2,d8318,169.211609
q6263,3,d3598,121.298180
q6263,4,d3211,117.606491
q6263,5,d1101,117.406235
q6263,6,d1915,115.608322
q6263,7,d7056,115.372368
q6263,8,d1925,115.252838
q6263,9,d5992,114.736725
q6263,10,d4327,101.158981
q6264,1,d144,115.207970
q6264,2,d4484,88.535484
q6264,3,d4803,83.706192
q6264,4,d3142,73.389328
q6264,5,d1101,72.717621
q6264,6,d3868,71.402161
q6264,7,d6415,66.586052
q6264,8,d3064,44.280563
q6264,9,d4346,42.941898
q6264,10,d3316,37.003162
q6265,1,d1101,46.883965
q6265,2,d4331,33.458366
q6265,3,d1789,27.602859
q6265,4,d5965,26.608477
q6265,5,d5870,24.837276
q6265,6,d2051,24.569445
q6265,7,d8529,23.099125
q6265,8,d5543,22.583878
q6265,9,d3316,21.936556
q6265,10,d486,20.755398
q6266,1,d6465,53.941170
q6266,2,d3420,51.725269
q6266,3,d5675,51.469936
q6266,4,d2086,49.292004
q6266,5,d1671,48.837822
q6266,6,d650,45.834175
q6266,7,d7270,45.180054
q6266,8,d3484,44.992336
q6266,9,d2763,44.622185
q6266,10,d5958,44.042053
q6267,1,d1665,139.386932
q6267,2,d4823,70.271057
q6267,3,d5656,65.611298
q6267,4,d4620,62.727833
q6267,5,d1101,58.690529
q6267,6,d4174,56.666031
q6267,7,d2701,55.558159
q6267,8,d2992,54.587631
q6267,9,d5726,54.587631
q6267,10,d7883,54.423191
q6268,1,d4675,67.923744
q6268,2,d4288,61.299541
q6268,3,d1101,49.231785
q6268,4,d2702,36.727680
q6268,5,d4773,30.738874
q6268,6,d4615,30.063374
q6268,7,d1929,28.742373
q6268,8,d3555,27.857193
q6268,9,d4055,27.481441
q6268,10,d3316,27.250628
q6269,1,d1101,59.966202
q6269,2,d5487,49.899746
q6269,3,d6063,43.773739
q6269,4,d2104,27.339830
q6269,5,d7410,27.197729
q6269,6,d47,26.017803
q6269,7,d1794,25.567303
q6269,8,d2939,24.157562
q6269,9,d4469,23.955353
q6269,10,d5965,23.274054
q6270,1,d7997,75.224709
q6270,2,d1101,64.091400
q6270,3,d2933,54.373852
q6270,4,d1287,43.370342
q6270,5,d7492,40.248112
q6270,6,d3316,39.393387
q6270,7,d6304,38.966045
q6270,8,d7209,37.283222
q6270,9,d6631,33.902950
q6270,10,d5870,32.969234
q6271,1,d1101,54.877140
q6271,2,d1929,42.596325
q6271,3,d419,28.198328
q6271,4,d2913,27.868839
q6271,5,d3394,27.241646
q6271,6,d4331,26.442442
q6271,7,d5765,26.054455
q6271,8,d4171,25.741486
q6271,9,d3789,25.638908
q6271,10,d2937,24.596828
q6272,1,d273,252.353943
q6272,2,d3625,171.732132
q6272,3,d645,139.995972
q6272,4,d6619,136.200653
q6272,5,d2370,133.544678
q6272,6,d3041,127.636673
q6272,7,d7672,126.115295
q6272,8,d1866,118.718849
q6272,9,d3455,111.871132
q6272,10,d4026,103.440933
q6273,1,d1287,58.548195
q6273,2,d7209,48.245838
q6273,3,d703,40.696918
q6273,4,d3297,40.277126
q6273,5,d2104,33.132076
q6273,6,d2677,31.125046
q6273,7,d7155,31.076197
q6273,8,d7249,26.525970
q6273,9,d7492,26.381945
q6273,10,d902,26.245481
q6274,1,d5053,46.615482
q6274,2,d7325,46.417366
q6274,3,d6103,44.775414
q6274,4,d5236,42.901424
q6274,5,d6188,42.757263
q6274,6,d2061,41.755383
q6274,7,d6293,39.977966
q6274,8,d6235,37.418907
q6274,9,d7114,37.381424
q6274,10,d6540,36.889645
q6275,1,d7209,49.018925
q6275,2,d6524,40.888447
q6275,3,d6757,38.172398
q6275,4,d3473,37.404018
q6275,5,d8063,35.933926
q6275,6,d6361,35.723011
q6275,7,d314,33.610336
q6275,8,d4963,33.254047
q6275,9,d133,33.051743
q6275,10,d610,31.001781
q6276,1,d7209,35.991108
q6276,2,d189,15.688745
q6276,3,d3316,12.691425
q6276,4,d5991,12.319989
q6276,5,d3104,11.737937
q6276,6,d4791,11.589946
q6276,7,d1697,11.497541
q6276,8,d2706,11.056139
q6276,9,d4331,10.140247
q6276,10,d4966,10.044995
q6277,1,d7209,26.129541
q6277,2,d2410,16.857601
q6277,3,d1029,16.195267
q6277,4,d1697,14.795490
q6277,5,d4896,14.789586
q6277,6,d4086,14.045183
q6277,7,d6929,13.053321
q6277,8,d152,12.581038
q6277,9,d2957,12.531354
q6277,10,d5991,12.319989
q6278,1,d7811,111.862190
q6278,2,d6133,81.250092
q6278,3,d7108,80.566368
q6278,4,d930,77.547668
q6278,5,d5529,76.774162
q6278,6,d1435,73.585503
q6278,7,d1297,72.644157
q6278,8,d6188,68.998924
q6278,9,d8488,62.823849
q6278,10,d8508,61.085495
q6279,1,d4963,102.046570
q6279,2,d3473,97.100319
q6279,3,d5597,92.193771
q6279,4,d314,89.743744
q6279,5,d133,89.651321
q6279,6,d2710,75.176498
q6279,7,d1219,70.091209
q6279,8,d5865,69.066154
q6279,9,d6006,66.961151
q6279,10,d1831,66.636230
q6280,1,d1101,72.691444
q6280,2,d5300,61.450085
q6280,3,d5965,50.376678
q6280,4,d5870,45.442631
q6280,5,d3316,42.774456
q6280,6,d1287,42.259186
q6280,7,d593,39.940662
q6280,8,d3231,39.268940
q6280,9,d4305,39.151768
q6280,10,d6971,38.663635
q6281,1,d6606,72.424271
q6281,2,d8307,53.886372
q6281,3,d4165,53.372898
q6281,4,d6465,52.532360
q6281,5,d2410,49.694050
q6281,6,d6281,49.254559
q6281,7,d6551,47.279591
q6281,8,d5370,46.154381
q6281,9,d4896,46.104660
q6281,10,d3373,45.030525
q6282,1,d7209,77.143227
q6282,2,d1101,71.828865
q6282,3,d1513,57.137257
q6282,4,d2776,54.755455
q6282,5,d7989,50.489635
q6282,6,d6713,50.071442
q6282,7,d2322,48.617367
q6282,8,d6737,45.870510
q6282,9,d1551,44.412300
q6282,10,d4542,42.336166
q6283,1,d6164,80.547676
q6283,2,d1494,79.473671
q6283,3,d1101,77.305183
q6283,4,d47,61.157841
q6283,5,d7410,60.181976
q6283,6,d1337,59.090282
q6283,7,d8140,56.962170
q6283,8,d6641,55.451187
q6283,9,d5551,55.288734
q6283,10,d1716,54.029659
q6284,1,d521,51.946583
q6284,2,d1881,47.779980
q6284,3,d1101,45.816589
q6284,4,d1799,45.508312
q6284,5,d1559,45.502758
q6284,6,d1392,40.461594
q6284,7,d4593,40.303734
q6284,8,d8352,40.269279
q6284,9,d4983,40.071938
q6284,10,d361,34.795208
q6285,1,d1101,53.572639
q6285,2,d3207,45.880726
q6285,3,d3487,45.653248
q6285,4,d3167,42.896843
q6285,5,d3430,40.709637
q6285,6,d3999,39.297852
q6285,7,d6042,37.260742
q6285,8,d4331,36.045155
q6285,9,d2480,33.610592
q6285,10,d7209,31.216639
q6286,1,d3186,65.036743
q6286,2,d1936,61.804131
q6286,3,d4932,56.117157
q6286,4,d1860,54.638988
q6286,5,d4074,53.434216
q6286,6,d6063,53.283627
q6286,7,d4339,52.421093
q6286,8,d799,52.288471
q6286,9,d1986,51.921040
q6286,10,d3043,51.592754
q6287,1,d5922,46.608566
q6287,2,d1101,46.534809
q6287,3,d3888,41.424328
q6287,4,d2950,40.573193
q6287,5,d3599,39.947113
q6287,6,d7064,38.421516
q6287,7,d5180,36.603218
q6287,8,d7989,36.043278
q6287,9,d4226,35.326962
q6287,10,d6795,34.626556
q6288,1,d7720,30.933605
q6288,2,d1101,28.106779
q6288,3,d8713,27.340599
q6288,4,d3316,24.199390
q6288,5,d2848,22.219572
q6288,6,d4288,21.839342
q6288,7,d1227,21.051714
q6288,8,d4675,20.461254
q6288,9,d1929,20.393938
q6288,10,d3285,20.169962
q6289,1,d618,58.511986
q6289,2,d7560,56.537235
q6289,3,d5391,53.880627
q6289,4,d199,53.488312
q6289,5,d1101,47.566315
q6289,6,d164,47.222897
q6289,7,d8185,46.851410
q6289,8,d2655,45.695587
q6289,9,d5992,45.371109
q6289,10,d6025,44.290474
q6290,1,d3158,235.513947
q6290,2,d1293,117.670906
q6290,3,d181,115.676437
q6290,4,d2538,103.773087
q6290,5,d1357,101.125031
q6290,6,d3866,96.905678
q6290,7,d2227,95.519753
q6290,8,d1101,90.317215
q6290,9,d5752,89.297455
q6290,10,d6500,84.263069
q6291,1,d250,65.615669
q6291,2,d1646,52.456272
q6291,3,d4767,48.129997
q6291,4,d7983,46.026215
q6291,5,d1664,42.889259
q6291,6,d4981,40.668320
q6291,7,d3973,36.484970
q6291,8,d4932,36.001240
q6291,9,d1761,35.288174
q6291,10,d3744,35.004387
q6292,1,d1101,69.222725
q6292,2,d3522,62.987957
q6292,3,d8196,61.902699
q6292,4,d1949,61.202724
q6292,5,d6490,58.629524
q6292,6,d1892,57.258560
q6292,7,d8527,56.953583
q6292,8,d113,55.725464
q6292,9,d2702,55.672539
q6292,10,d7258,54.856110
q6293,1,d4954,139.942871
q6293,2,d2594,127.823578
q6293,3,d2469,106.337631
q6293,4,d2051,101.270752
q6293,5,d1755,97.100426
q6293,6,d4322,92.960213
q6293,7,d4620,92.778725
q6293,8,d1782,92.468491
q6293,9,d3479,91.681595
q6293,10,d1615,90.829880
q6294,1,d1101,36.628960
q6294,2,d5870,24.471279
q6294,3,d7642,22.654263
q6294,4,d6631,21.714329
q6294,5,d6555,21.472822
q6294,6,d5965,21.057760
q6294,7,d8060,20.982714
q6294,8,d1118,20.695902
q6294,9,d2410,20.567991
q6294,10,d6971,20.419460
q6295,1,d3839,112.965385
q6295,2,d4455,107.225845
q6295,3,d5087,59.979713
q6295,4,d7133,54.215870
q6295,5,d1101,51.415768
q6295,6,d7069,43.845234
q6295,7,d2572,38.051991
q6295,8,d7270,37.735123
q6295,9,d3420,37.481171
q6295,10,d1630,36.163116
q6296,1,d4665,57.851040
q6296,2,d1749,49.289509
q6296,3,d1101,47.377228
q6296,4,d8318,47.215416
q6296,5,d7056,46.765343
q6296,6,d1261,36.421131
q6296,7,d1585,36.301823
q6296,8,d1029,33.611782
q6296,9,d7182,32.990482
q6296,10,d6754,32.647087
q6297,1,d7841,70.709412
q6297,2,d1101,62.334999
q6297,3,d5391,53.093365
q6297,4,d6429,52.912460
q6297,5,d7906,51.723022
q6297,6,d7969,48.863411
q6297,7,d5956,47.183113
q6297,8,d6443,46.832611
q6297,9,d3932,46.686367
q6297,10,d2655,45.330425
q6298,1,d4957,61.682800
q6298,2,d4331,44.480412
q6298,3,d3236,41.821529
q6298,4,d1101,39.103760
q6298,5,d3642,39.018719
q6298,6,d152,37.081615
q6298,7,d823,36.314808
q6298,8,d3525,35.444977
q6298,9,d3773,33.602558
q6298,10,d2818,31.397530
q6299,1,d1101,57.050949
q6299,2,d4508,49.641167
q6299,3,d152,49.378242
q6299,4,d2410,48.833000
q6299,5,d6929,46.638344
q6299,6,d1671,44.507057
q6299,7,d6606,42.643311
q6299,8,d8606,42.394783
q6299,9,d2619,40.566826
q6299,10,d4086,39.383759
q6300,1,d6737,45.224274
q6300,2,d2322,45.119598
q6300,3,d1101,44.293625
q6300,4,d7939,43.506805
q6300,5,d6544,37.810074
q6300,6,d3316,36.538403
q6300,7,d2987,36.462265
q6300,8,d1268,34.860596
q6300,9,d4331,34.756939
q6300,10,d5536,34.437019
q6301,1,d5053,64.096291
q6301,2,d7325,63.823875
q6301,3,d6103,61.566196
q6301,4,d5236,60.851772
q6301,5,d2061,57.413647
q6301,6,d6540,50.723263
q6301,7,d6397,47.986481
q6301,8,d6935,47.437462
q6301,9,d6235,47.083759
q6301,10,d1748,46.801289
q6302,1,d6302,141.093552
q6302,2,d4896,36.771858
q6302,3,d4165,29.228851
q6302,4,d1101,28.518044
q6302,5,d217,25.852686
q6302,6,d8414,25.273975
q6302,7,d1913,23.200068
q6302,8,d3318,23.000381
q6302,9,d47,22.715166
q6302,10,d7410,22.515438
q6303,1,d3842,40.917530
q6303,2,d4525,38.415478
q6303,3,d1630,37.031914
q6303,4,d1636,34.417080
q6303,5,d4896,33.272396
q6303,6,d5113,33.006599
q6303,7,d216,30.897951
q6303,8,d4153,30.897951
q6303,9,d8539,27.912416
q6303,10,d1974,27.738468
q6304,1,d3792,81.477020
q6304,2,d405,64.260490
q6304,3,d1101,60.930332
q6304,4,d6737,47.952431
q6304,5,d2205,45.349739
q6304,6,d5142,44.814053
q6304,7,d3815,43.780941
q6304,8,d2916,43.710796
q6304,9,d6206,43.689789
q6304,10,d6965,42.864712
q6305,1,d1747,159.780151
q6305,2,d2469,127.222237
q6305,3,d4620,122.921837
q6305,4,d1881,122.839371
q6305,5,d4983,118.200203
q6305,6,d5949,114.908897
q6305,7,d1626,114.333931
q6305,8,d1559,112.423073
q6305,9,d1799,111.537231
q6305,10,d1789,109.807838
q6306,1,d2731,91.244278
q6306,2,d2311,61.974834
q6306,3,d5461,52.747707
q6306,4,d4681,51.643654
q6306,5,d308,50.735989
q6306,6,d6306,44.378479
q6306,7,d1692,42.912209
q6306,8,d1101,42.703323
q6306,9,d1185,40.148621
q6306,10,d7410,36.658901
q6307,1,d1627,36.938995
q6307,2,d1101,33.985554
q6307,3,d4331,31.914265
q6307,4,d2937,28.080460
q6307,5,d5581,25.539511
q6307,6,d1537,24.357040
q6307,7,d536,23.501980
q6307,8,d8529,23.099125
q6307,9,d1724,23.097153
q6307,10,d6379,23.042839
q6308,1,d6308,100.299553
q6308,2,d4331,42.296436
q6308,3,d1929,41.806805
q6308,4,d1789,35.804596
q6308,5,d1101,33.999798
q6308,6,d685,32.928017
q6308,7,d2240,31.644197
q6308,8,d2051,29.420694
q6308,9,d6237,28.323574
q6308,10,d4230,28.045357
q6309,1,d2507,55.407436
q6309,2,d306,51.125328
q6309,3,d1101,47.982212
q6309,4,d6465,41.828621
q6309,5,d152,36.297291
q6309,6,d1639,35.006268
q6309,7,d5675,33.293282
q6309,8,d5551,29.034222
q6309,9,d2639,28.693977
q6309,10,d2104,28.630421
q6310,1,d7287,33.422550
q6310,2,d1101,32.810703
q6310,3,d6316,30.899216
q6310,4,d1955,30.790464
q6310,5,d2099,28.772709
q6310,6,d142,25.059311
q6310,7,d1907,25.036911
q6310,8,d2731,24.897734
q6310,9,d6965,24.808065
q6310,10,d2844,24.195509
q6311,1,d1101,65.104469
q6311,2,d6384,41.528019
q6311,3,d4434,32.297550
q6311,4,d5870,30.552017
q6311,5,d7989,29.141621
q6311,6,d4331,27.843294
q6311,7,d1724,27.665283
q6311,8,d6379,27.077398
q6311,9,d5543,27.025547
q6311,10,d2949,26.775801
q6312,1,d2154,50.902081
q6312,2,d1791,40.662617
q6312,3,d7134,39.954681
q6312,4,d1101,39.809834
q6312,5,d7521,38.941917
q6312,6,d1919,38.749123
q6312,7,d7534,37.928173
q6312,8,d1317,36.718872
q6312,9,d6274,36.197536
q6312,10,d8379,35.994122
q6313,1,d645,55.198166
q6313,2,d1101,44.823906
q6313,3,d3625,44.685993
q6313,4,d3041,35.738258
q6313,5,d3455,31.323908
q6313,6,d6492,28.070515
q6313,7,d4331,25.431726
q6313,8,d273,25.302517
q6313,9,d3316,24.899994
q6313,10,d1929,23.367521
q6314,1,d2051,93.754944
q6314,2,d2469,88.372025
q6314,3,d4954,83.079742
q6314,4,d1866,81.928711
q6314,5,d4620,74.258316
q6314,6,d1118,71.629379
q6314,7,d4322,68.425812
q6314,8,d2594,66.747078
q6314,9,d4036,64.940399
q6314,10,d5870,64.625290
q6315,1,d1698,77.405312
q6315,2,d6600,71.746017
q6315,3,d1287,63.444557
q6315,4,d1101,56.660530
q6315,5,d4027,43.527027
q6315,6,d1585,42.352127
q6315,7,d4331,41.353580
q6315,8,d2104,39.532997
q6315,9,d7182,38.488895
q6315,10,d7209,37.150734
q6316,1,d6316,102.345039
q6316,2,d1101,98.999306
q6316,3,d4861,72.803238
q6316,4,d5965,68.287506
q6316,5,d1955,68.184547
q6316,6,d7287,66.336845
q6316,7,d3487,64.442863
q6316,8,d4260,64.284264
q6316,9,d2802,63.215202
q6316,10,d4615,61.316559
q6317,1,d1639,52.219585
q6317,2,d1101,49.965057
q6317,3,d4839,49.572105
q6317,4,d5053,46.615482
q6317,5,d7325,46.417366
q6317,6,d4165,45.687599
q6317,7,d6465,45.449238
q6317,8,d152,45.171959
q6317,9,d6103,44.775414
q6317,10,d4331,44.136478
q6318,1,d645,54.931419
q6318,2,d3625,48.106201
q6318,3,d4348,41.143318
q6318,4,d6490,36.312397
q6318,5,d7051,34.957653
q6318,6,d5613,33.349850
q6318,7,d5949,32.782894
q6318,8,d6343,32.610348
q6318,9,d7162,31.685053
q6318,10,d3041,30.632793
q6319,1,d1101,82.733803
q6319,2,d3464,52.106323
q6319,3,d4331,48.813801
q6319,4,d7989,44.407059
q6319,5,d3316,44.252903
q6319,6,d7024,44.073360
q6319,7,d3109,42.753712
q6319,8,d2700,41.809788
q6319,9,d1982,41.628330
q6319,10,d2489,39.670113
q6320,1,d1101,34.832436
q6320,2,d3394,29.203537
q6320,3,d3316,23.598721
q6320,4,d2104,23.412178
q6320,5,d6086,21.760839
q6320,6,d5870,21.173752
q6320,7,d468,21.152576
q6320,8,d8280,20.998217
q6320,9,d8104,20.236647
q6320,10,d4128,20.171152
q6321,1,d1615,43.828384
q6321,2,d5561,41.527267
q6321,3,d1799,37.244076
q6321,4,d1559,35.333431
q6321,5,d4137,33.937916
q6321,6,d7983,33.141464
q6321,7,d4177,30.834110
q6321,8,d6668,29.768696
q6321,9,d1121,29.602036
q6321,10,d7979,29.066446
q6322,1,d1101,51.295193
q6322,2,d7162,47.223648
q6322,3,d112,35.481014
q6322,4,d645,33.290604
q6322,5,d4348,32.314396
q6322,6,d3297,32.128578
q6322,7,d703,30.522688
q6322,8,d7155,29.990236
q6322,9,d4163,29.773039
q6322,10,d5957,29.642227
q6323,1,d7736,88.865311
q6323,2,d2469,86.241379
q6323,3,d1789,84.339241
q6323,4,d4060,83.468834
q6323,5,d4907,70.845001
q6323,6,d289,63.855621
q6323,7,d417,61.121605
q6323,8,d3653,58.526455
q6323,9,d1729,55.769291
q6323,10,d6066,54.848434
q6324,1,d1101,81.816635
q6324,2,d3757,55.195469
q6324,3,d5965,46.647839
q6324,4,d5531,46.275803
q6324,5,d5870,45.720432
q6324,6,d1613,45.572399
q6324,7,d5660,45.348537
q6324,8,d4036,44.222240
q6324,9,d3896,43.721512
q6324,10,d6631,41.462215
q6325,1,d1101,44.675228
q6325,2,d5965,35.204987
q6325,3,d8529,34.648689
q6325,4,d5870,32.164326
q6325,5,d6631,30.414246
q6325,6,d3896,28.958853
q6325,7,d4036,28.954775
q6325,8,d4318,27.320749
q6325,9,d391,27.091011
q6325,10,d6555,26.906116
q6326,1,d2572,70.655952
q6326,2,d7366,63.382915
q6326,3,d4406,62.349396
q6326,4,d7721,58.378922
q6326,5,d3192,58.233459
q6326,6,d4013,53.767971
q6326,7,d4165,53.488647
q6326,8,d5958,52.936535
q6326,9,d3373,52.577805
q6326,10,d3445,50.609032
q6327,1,d3983,35.312508
q6327,2,d4360,33.924873
q6327,3,d7716,29.514820
q6327,4,d6965,28.924589
q6327,5,d3464,26.592653
q6327,6,d6524,26.374569
q6327,7,d3457,25.999495
q6327,8,d3186,25.016085
q6327,9,d1982,24.501524
q6327,10,d1921,24.161077
q6328,1,d6172,77.814232
q6328,2,d7255,66.671165
q6328,3,d293,65.688644
q6328,4,d3421,61.224190
q6328,5,d8089,60.132660
q6328,6,d4007,56.151474
q6328,7,d4481,56.032169
q6328,8,d3575,55.843643
q6328,9,d3391,55.709530
q6328,10,d1477,55.494419
q6329,1,d7492,40.248112
q6329,2,d6304,38.966045
q6329,3,d1287,35.914089
q6329,4,d1421,35.747250
q6329,5,d2706,34.095329
q6329,6,d7721,34.067307
q6329,7,d3213,33.636852
q6329,8,d2907,32.231853
q6329,9,d4386,30.409950
q6329,10,d2436,29.149967
q6330,1,d3394,40.500172
q6330,2,d3983,34.416508
q6330,3,d1929,34.278179
q6330,4,d1640,31.949009
q6330,5,d4360,31.557358
q6330,6,d6965,28.924589
q6330,7,d1664,28.491724
q6330,8,d6587,27.542301
q6330,9,d6086,27.201050
q6330,10,d6524,26.374569
q6331,1,d4779,156.302673
q6331,2,d1888,141.266830
q6331,3,d5648,124.295135
q6331,4,d1101,90.702728
q6331,5,d1603,85.300476
q6331,6,d2937,81.947548
q6331,7,d4963,72.754097
q6331,8,d3473,72.083656
q6331,9,d4027,68.316429
q6331,10,d5597,67.605453
q6332,1,d4676,87.022942
q6332,2,d8221,60.846748
q6332,3,d3378,58.961639
q6332,4,d3889,53.021423
q6332,5,d3500,52.397907
q6332,6,d1101,46.128082
q6332,7,d1980,44.120804
q6332,8,d5382,34.988365
q6332,9,d3270,33.530060
q6332,10,d3316,33.507034
q6333,1,d4954,77.856903
q6333,2,d2594,71.760071
q6333,3,d1118,62.950890
q6333,4,d4322,62.832844
q6333,5,d2051,61.797276
q6333,6,d1615,59.723152
q6333,7,d1755,59.672813
q6333,8,d1782,59.431767
q6333,9,d2469,58.531200
q6333,10,d3479,57.904160
q6334,1,d2939,31.082466
q6334,2,d2893,29.424126
q6334,3,d7410,27.471640
q6334,4,d47,27.144455
q6334,5,d3984,26.763094
q6334,6,d3213,26.058460
q6334,7,d1101,26.037142
q6334,8,d1671,25.666941
q6334,9,d961,25.157368
q6334,10,d4469,24.583317
q6335,1,d1948,49.783012
q6335,2,d217,46.161583
q6335,3,d4413,43.792721
q6335,4,d8724,43.736706
q6335,5,d4403,43.736706
q6335,6,d1101,42.372066
q6335,7,d7951,41.796925
q6335,8,d3844,40.196289
q6335,9,d91,40.135075
q6335,10,d4896,38.354366
q6336,1,d3792,172.148727
q6336,2,d1945,106.043518
q6336,3,d1101,103.047775
q6336,4,d7713,96.167793
q6336,5,d2937,92.773827
q6336,6,d4036,91.258003
q6336,7,d12,91.083794
q6336,8,d1737,87.125694
q6336,9,d2642,87.017410
q6336,10,d7043,85.372108
q6337,1,d1929,100.584450
q6337,2,d7635,86.042580
q6337,3,d3188,80.071907
q6337,4,d1101,77.945358
q6337,5,d4028,77.558479
q6337,6,d4413,76.009491
q6337,7,d273,62.668987
q6337,8,d4846,58.449226
q6337,9,d4343,57.393032
q6337,10,d2570,56.691319
q6338,1,d1101,90.742378
q6338,2,d837,78.229568
q6338,3,d4331,73.180489
q6338,4,d4878,73.106812
q6338,5,d2997,68.752731
q6338,6,d5435,46.560936
q6338,7,d2410,46.328579
q6338,8,d3217,45.763874
q6338,9,d1929,45.396881
q6338,10,d3316,44.606911
q6339,1,d1101,40.379547
q6339,2,d4525,26.381832
q6339,3,d3842,24.861168
q6339,4,d4171,24.667009
q6339,5,d3316,23.898220
q6339,6,d1949,20.817423
q6339,7,d1717,20.542730
q6339,8,d1117,20.454203
q6339,9,d1630,20.379807
q6339,10,d4896,19.890465
q6340,1,d2322,66.681412
q6340,2,d6737,62.796165
q6340,3,d1627,52.931496
q6340,4,d1101,49.752956
q6340,5,d1724,45.622570
q6340,6,d6379,43.453220
q6340,7,d2987,41.671162
q6340,8,d7003,41.231239
q6340,9,d2426,40.115025
q6340,10,d3777,38.872387
q6341,1,d2673,124.909889
q6341,2,d7743,59.324104
q6341,3,d2261,57.669544
q6341,4,d6548,56.223896
q6341,5,d503,55.779613
q6341,6,d5259,55.105278
q6341,7,d8580,52.334263
q6341,8,d6383,52.006836
q6341,9,d6429,51.676670
q6341,10,d7109,51.426121
q6342,1,d496,42.980843
q6342,2,d7114,42.826336
q6342,3,d4493,42.601269
q6342,4,d2572,42.219830
q6342,5,d3310,40.114449
q6342,6,d320,38.679142
q6342,7,d5917,38.430649
q6342,8,d2673,38.265381
q6342,9,d1101,38.024223
q6342,10,d4329,35.158138
q6343,1,d3898,72.193443
q6343,2,d287,54.934727
q6343,3,d1101,52.314041
q6343,4,d5613,50.024773
q6343,5,d6343,48.915524
q6343,6,d6490,48.591248
q6343,7,d7051,45.881618
q6343,8,d4226,45.420376
q6343,9,d1737,40.077484
q6343,10,d5212,37.847385
q6344,1,d4665,86.354965
q6344,2,d8318,70.610504
q6344,3,d7056,62.708984
q6344,4,d1101,56.084419
q6344,5,d1261,52.030186
q6344,6,d1709,36.462643
q6344,7,d1925,33.892075
q6344,8,d3263,31.265657
q6344,9,d8158,30.271034
q6344,10,d3316,27.447840
q6345,1,d1101,38.948090
q6345,2,d5906,32.567696
q6345,3,d4331,31.390034
q6345,4,d1117,30.650789
q6345,5,d7482,29.227901
q6345,6,d962,27.387304
q6345,7,d171,26.595263
q6345,8,d436,22.332394
q6345,9,d2762,21.779873
q6345,10,d8073,21.397413
q6346,1,d1101,50.138851
q6346,2,d1929,40.805588
q6346,3,d8529,35.432869
q6346,4,d4331,34.643543
q6346,5,d7352,33.019135
q6346,6,d469,32.217155
q6346,7,d7989,31.899137
q6346,8,d1225,31.013599
q6346,9,d5611,29.206106
q6346,10,d3621,29.200905
q6347,1,d1101,60.874134
q6347,2,d7209,49.018925
q6347,3,d3316,45.660408
q6347,4,d4566,36.139988
q6347,5,d3345,33.585030
q6347,6,d1029,32.732376
q6347,7,d3757,31.859701
q6347,8,d2104,30.489012
q6347,9,d7471,29.904789
q6347,10,d1661,29.267477
q6348,1,d6348,113.668976
q6348,2,d1101,79.357475
q6348,3,d4240,70.808525
q6348,4,d1942,64.415619
q6348,5,d4897,63.397030
q6348,6,d3842,62.796013
q6348,7,d2840,61.684647
q6348,8,d2688,61.432423
q6348,9,d3954,60.957481
q6348,10,d2555,60.874905
q6349,1,d1101,83.805962
q6349,2,d2154,77.021416
q6349,3,d7233,70.941589
q6349,4,d1317,65.032707
q6349,5,d7534,63.098522
q6349,6,d6133,62.612267
q6349,7,d1791,62.559841
q6349,8,d7134,60.464718
q6349,9,d258,58.787434
q6349,10,d2215,54.803642
q6350,1,d4384,103.358986
q6350,2,d4916,91.139915
q6350,3,d1101,84.186417
q6350,4,d2923,79.807320
q6350,5,d6350,63.203999
q6350,6,d1653,58.841072
q6350,7,d4837,57.346893
q6350,8,d5922,54.488266
q6350,9,d2681,54.104065
q6350,10,d6444,52.459297
q6351,1,d2410,45.908062
q6351,2,d1101,40.808510
q6351,3,d6606,39.409393
q6351,4,d6465,37.179596
q6351,5,d618,37.122993
q6351,6,d217,35.784187
q6351,7,d4403,35.660477
q6351,8,d8724,35.660477
q6351,9,d8060,35.472950
q6351,10,d4508,35.440830
q6352,1,d5053,29.134678
q6352,2,d7325,29.010857
q6352,3,d6103,27.984631
q6352,4,d5236,27.243158
q6352,5,d2061,26.097115
q6352,6,d1101,24.632458
q6352,7,d6540,23.056028
q6352,8,d135,22.660059
q6352,9,d6397,21.812035
q6352,10,d6235,21.401709
q6353,1,d5053,85.285873
q6353,2,d7325,81.230385
q6353,3,d6103,78.356972
q6353,4,d5236,74.217957
q6353,5,d2061,73.071915
q6353,6,d6540,67.603897
q6353,7,d1748,62.245686
q6353,8,d6397,61.073704
q6353,9,d6235,59.924786
q6353,10,d6935,56.636127
q6354,1,d3217,46.089066
q6354,2,d3570,44.358574
q6354,3,d4859,40.627438
q6354,4,d3632,39.355316
q6354,5,d1101,35.539532
q6354,6,d5358,29.230156
q6354,7,d8022,28.731953
q6354,8,d4956,27.607792
q6354,9,d7841,22.122353
q6354,10,d2177,21.643671
q6355,1,d4378,102.573387
q6355,2,d561,93.387253
q6355,3,d8637,84.811760
q6355,4,d7246,83.904503
q6355,5,d8390,77.105057
q6355,6,d5229,75.583397
q6355,7,d1527,74.660133
q6355,8,d7192,69.802048
q6355,9,d2007,66.409294
q6355,10,d4914,65.008202
q6356,1,d4718,47.240273
q6356,2,d4379,41.556046
q6356,3,d5564,39.741497
q6356,4,d1994,38.693024
q6356,5,d1101,37.980255
q6356,6,d2631,37.323372
q6356,7,d2600,37.323372
q6356,8,d4593,36.513050
q6356,9,d5332,30.825678
q6356,10,d1716,30.808353
q6357,1,d3420,48.706776
q6357,2,d7270,39.311565
q6357,3,d6606,39.108200
q6357,4,d4165,37.163105
q6357,5,d1478,36.901913
q6357,6,d2972,36.356728
q6357,7,d1671,35.356045
q6357,8,d2410,35.139072
q6357,9,d6465,34.593185
q6357,10,d4896,34.573662
q6358,1,d4574,49.778164
q6358,2,d1101,44.882786
q6358,3,d6593,41.940052
q6358,4,d5837,41.220940
q6358,5,d97,33.830177
q6358,6,d4331,32.155056
q6358,7,d3316,26.859404
q6358,8,d4947,26.725368
q6358,9,d2944,26.622301
q6358,10,d1964,25.297813
q6359,1,d6465,45.386959
q6359,2,d2410,43.257683
q6359,3,d1101,42.350048
q6359,4,d5675,41.873695
q6359,5,d6521,37.759422
q6359,6,d4406,37.409641
q6359,7,d1671,36.114582
q6359,8,d2086,36.054726
q6359,9,d7685,35.525612
q6359,10,d152,34.839191
q6360,1,d6734,49.179462
q6360,2,d5258,49.069977
q6360,3,d1101,32.885235
q6360,4,d3316,32.582684
q6360,5,d6971,30.672852
q6360,6,d2818,26.942068
q6360,7,d4331,23.998875
q6360,8,d7743,21.624620
q6360,9,d3710,20.990086
q6360,10,d3285,20.382233
q6361,1,d6361,150.417282
q6361,2,d3458,115.158775
q6361,3,d4963,108.308365
q6361,4,d5597,102.599503
q6361,5,d2787,101.198456
q6361,6,d2567,91.976219
q6361,7,d5571,79.885117
q6361,8,d3199,78.723663
q6361,9,d1219,70.091209
q6361,10,d1603,69.758064
q6362,1,d1101,69.314629
q6362,2,d243,62.252914
q6362,3,d1929,60.714046
q6362,4,d2705,48.330669
q6362,5,d2937,47.167248
q6362,6,d453,42.823338
q6362,7,d3350,42.429031
q6362,8,d1537,42.256615
q6362,9,d4017,38.794495
q6362,10,d2074,38.321983
q6363,1,d4769,111.750946
q6363,2,d4963,95.496529
q6363,3,d3473,88.419701
q6363,4,d314,84.735260
q6363,5,d133,84.660172
q6363,6,d5597,82.975540
q6363,7,d3412,77.480316
q6363,8,d8567,76.133598
q6363,9,d6778,69.501274
q6363,10,d1501,66.810318
q6364,1,d5460,142.614182
q6364,2,d4546,110.419456
q6364,3,d953,105.906349
q6364,4,d4824,99.543915
q6364,5,d3144,81.540169
q6364,6,d1677,76.719742
q6364,7,d4268,76.681297
q6364,8,d7536,76.446999
q6364,9,d2823,71.752571
q6364,10,d5184,69.037994
q6365,1,d1101,48.421585
q6365,2,d6668,36.226154
q6365,3,d243,33.264683
q6365,4,d1640,29.304453
q6365,5,d1118,27.615398
q6365,6,d8060,26.772612
q6365,7,d303,25.417984
q6365,8,d4331,25.254625
q6365,9,d152,25.238565
q6365,10,d3781,24.632977
q6366,1,d7233,74.039833
q6366,2,d2215,66.541893
q6366,3,d2154,61.525787
q6366,4,d7743,49.848564
q6366,5,d2172,49.071701
q6366,6,d6133,45.934341
q6366,7,d4016,45.842941
q6366,8,d7534,45.023060
q6366,9,d6356,42.019836
q6366,10,d6188,41.044987
q6367,1,d4486,85.297722
q6367,2,d1101,44.393818
q6367,3,d7738,34.565781
q6367,4,d6865,26.502638
q6367,5,d5870,25.040529
q6367,6,d5854,25.021919
q6367,7,d47,23.813629
q6367,8,d7410,23.402908
q6367,9,d6144,22.226402
q6367,10,d2937,22.192989
q6368,1,d1101,32.024620
q6368,2,d2937,15.944370
q6368,3,d3316,15.366933
q6368,4,d1806,15.357769
q6368,5,d4331,15.202456
q6368,6,d7743,14.854556
q6368,7,d5657,14.791292
q6368,8,d3195,14.747124
q6368,9,d135,14.698376
q6368,10,d1929,13.781591
q6369,1,d7209,48.245838
q6369,2,d552,44.164551
q6369,3,d2081,43.851147
q6369,4,d4489,43.338268
q6369,5,d4791,41.932793
q6369,6,d7950,41.729534
q6369,7,d3992,41.159416
q6369,8,d4753,39.824623
q6369,9,d1337,39.497116
q6369,10,d2788,38.194481
q6370,1,d7209,35.991108
q6370,2,d1949,30.713949
q6370,3,d4855,29.464745
q6370,4,d6026,21.746490
q6370,5,d1892,21.424297
q6370,6,d3522,21.213535
q6370,7,d4303,21.008846
q6370,8,d113,20.966137
q6370,9,d3999,20.825708
q6370,10,d5653,20.690165
q6371,1,d155,44.551750
q6371,2,d4510,43.042141
q6371,3,d5679,40.404938
q6371,4,d434,37.608238
q6371,5,d7209,35.991108
q6371,6,d680,34.970165
q6371,7,d4704,34.385490
q6371,8,d7053,32.960205
q6371,9,d466,31.821924
q6371,10,d250,31.154654
q6372,1,d2104,13.339574
q6372,2,d189,12.952435
q6372,3,d8526,12.825921
q6372,4,d4791,12.801836
q6372,5,d3984,12.694708
q6372,6,d7410,12.548584
q6372,7,d8606,12.544716
q6372,8,d1697,12.541358
q6372,9,d47,12.458579
q6372,10,d3316,12.267542
q6373,1,d3864,54.058952
q6373,2,d3796,49.123131
q6373,3,d7209,49.018925
q6373,4,d4967,48.803062
q6373,5,d3182,48.038399
q6373,6,d3856,47.373219
q6373,7,d4766,35.856747
q6373,8,d2842,35.359055
q6373,9,d7239,34.860394
q6373,10,d7213,32.960995
q6374,1,d8073,194.027954
q6374,2,d8369,192.175110
q6374,3,d8405,190.083359
q6374,4,d5450,189.010941
q6374,5,d1594,183.258392
q6374,6,d2012,178.530838
q6374,7,d5851,177.458817
q6374,8,d5213,175.870544
q6374,9,d6586,174.799225
q6374,10,d5401,170.226410
q6375,1,d3427,104.299049
q6375,2,d3639,87.141968
q6375,3,d3917,86.534996
q6375,4,d4369,81.650345
q6375,5,d1871,81.600571
q6375,6,d1842,78.661537
q6375,7,d5295,74.809357
q6375,8,d3693,74.060471
q6375,9,d6082,74.055649
q6375,10,d1627,71.235992
q6376,1,d1101,44.004623
q6376,2,d7989,27.214214
q6376,3,d4244,25.476866
q6376,4,d8329,25.214796
q6376,5,d6384,24.676016
q6376,6,d3783,24.219898
q6376,7,d4558,24.013979
q6376,8,d3910,23.296698
q6376,9,d3723,23.181017
q6376,10,d4285,22.858320
q6377,1,d4574,134.131775
q6377,2,d5837,110.983932
q6377,3,d3963,88.783798
q6377,4,d4947,85.594215
q6377,5,d4115,60.263096
q6377,6,d804,55.715805
q6377,7,d6443,55.255760
q6377,8,d2738,54.629967
q6377,9,d6998,52.569008
q6377,10,d8317,51.226223
q6378,1,d1101,55.548111
q6378,2,d4759,54.249790
q6378,3,d4130,52.379490
q6378,4,d1227,46.912041
q6378,5,d2151,46.622383
q6378,6,d4855,42.999050
q6378,7,d1287,36.462318
q6378,8,d481,36.444981
q6378,9,d6986,36.034245
q6378,10,d2566,34.534073
q6379,1,d1101,56.490814
q6379,2,d3970,50.737686
q6379,3,d2731,47.852463
q6379,4,d6876,45.174793
q6379,5,d1787,40.208065
q6379,6,d3185,40.058231
q6379,7,d3345,37.959038
q6379,8,d2684,37.860107
q6379,9,d4331,37.818584
q6379,10,d1862,37.552078
q6380,1,d4940,124.475899
q6380,2,d4963,90.161873
q6380,3,d3473,87.045013
q6380,4,d3270,83.510536
q6380,5,d2732,83.164940
q6380,6,d5597,82.971718
q6380,7,d3378,82.669693
q6380,8,d314,82.540855
q6380,9,d1603,80.551758
q6380,10,d133,76.768509
q6381,1,d1101,68.780212
q6381,2,d1965,47.152370
q6381,3,d7743,46.961891
q6381,4,d1967,45.116993
q6381,5,d183,42.045525
q6381,6,d7628,39.538532
q6381,7,d484,39.214275
q6381,8,d7042,39.118114
q6381,9,d4679,36.447029
q6381,10,d1802,34.645092
q6382,1,d1101,32.333572
q6382,2,d3694,32.107277
q6382,3,d7287,27.267164
q6382,4,d2177,27.054588
q6382,5,d7841,25.755808
q6382,6,d1955,25.732883
q6382,7,d6316,25.624546
q6382,8,d4885,24.381430
q6382,9,d6443,24.275702
q6382,10,d2299,22.496983
q6383,1,d2154,111.899101
q6383,2,d1317,85.017616
q6383,3,d1452,79.215889
q6383,4,d258,77.703278
q6383,5,d7809,77.530251
q6383,6,d7233,76.161392
q6383,7,d6133,75.343376
q6383,8,d7534,69.822647
q6383,9,d930,65.768990
q6383,10,d7114,65.181587
q6384,1,d1101,64.551140
q6384,2,d7209,60.828529
q6384,3,d4331,53.675541
q6384,4,d7492,50.680321
q6384,5,d1287,50.293674
q6384,6,d2913,45.574871
q6384,7,d1929,42.883228
q6384,8,d5124,38.182930
q6384,9,d1630,37.458366
q6384,10,d4171,37.438728
q6385,1,d2261,51.459908
q6385,2,d1101,46.077393
q6385,3,d7303,36.132008
q6385,4,d8318,33.147957
q6385,5,d6794,32.052231
q6385,6,d4495,29.092899
q6385,7,d3154,28.608772
q6385,8,d2937,22.947001
q6385,9,d1789,22.685352
q6385,10,d3316,21.243404
q6386,1,d3615,120.645874
q6386,2,d3034,118.259697
q6386,3,d4853,116.115265
q6386,4,d4032,99.647026
q6386,5,d1802,96.073486
q6386,6,d2406,94.986397
q6386,7,d1101,93.701660
q6386,8,d2588,82.865623
q6386,9,d4768,80.758972
q6386,10,d8652,79.198654
q6387,1,d8064,74.618538
q6387,2,d1768,67.687592
q6387,3,d298,53.756454
q6387,4,d4666,49.989937
q6387,5,d1101,40.369560
q6387,6,d3807,27.495228
q6387,7,d3316,25.897408
q6387,8,d5656,25.185921
q6387,9,d4331,24.598734
q6387,10,d4823,23.757235
q6388,1,d1881,113.982224
q6388,2,d1799,107.867783
q6388,3,d1559,103.025558
q6388,4,d8352,73.943054
q6388,5,d463,71.951210
q6388,6,d1392,71.347046
q6388,7,d4983,69.606644
q6388,8,d1101,66.995102
q6388,9,d4039,63.394459
q6388,10,d4593,63.221661
q6389,1,d6902,90.389427
q6389,2,d1077,86.711700
q6389,3,d8379,84.485580
q6389,4,d5909,83.830299
q6389,5,d4672,82.994766
q6389,6,d769,80.176727
q6389,7,d5832,79.141891
q6389,8,d6747,78.803658
q6389,9,d1909,78.221268
q6389,10,d1933,77.982300
q6390,1,d6968,108.318802
q6390,2,d4785,102.396721
q6390,3,d1101,76.655251
q6390,4,d3499,71.121040
q6390,5,d1778,70.231354
q6390,6,d293,68.633507
q6390,7,d1848,66.833626
q6390,8,d201,65.059006
q6390,9,d7471,63.915108
q6390,10,d8089,63.820625
q6391,1,d1713,65.696098
q6391,2,d1942,63.980049
q6391,3,d1101,57.835739
q6391,4,d6668,53.282234
q6391,5,d6814,47.717056
q6391,6,d1615,33.648945
q6391,7,d7294,27.889393
q6391,8,d3316,26.678349
q6391,9,d2067,26.595085
q6391,10,d2937,26.419804
q6392,1,d1269,58.351437
q6392,2,d996,58.286991
q6392,3,d1622,56.665005
q6392,4,d2739,53.029446
q6392,5,d1101,50.655079
q6392,6,d4779,50.015499
q6392,7,d7547,49.408733
q6392,8,d5987,48.955082
q6392,9,d3494,47.168991
q6392,10,d5836,43.836639
q6393,1,d1101,38.579891
q6393,2,d2489,29.894169
q6393,3,d7989,29.868814
q6393,4,d3316,24.239208
q6393,5,d135,24.160826
q6393,6,d2937,22.703905
q6393,7,d4230,22.628380
q6393,8,d1929,21.890284
q6393,9,d1029,21.212233
q6393,10,d1737,20.664179
q6394,1,d4772,64.590263
q6394,2,d4432,64.345276
q6394,3,d217,64.021721
q6394,4,d1101,60.648567
q6394,5,d3844,52.864647
q6394,6,d4309,50.551281
q6394,7,d3746,49.676540
q6394,8,d4403,48.859802
q6394,9,d8724,48.859802
q6394,10,d4543,48.654182
q6395,1,d1671,34.328468
q6395,2,d3420,29.604504
q6395,3,d7067,29.562550
q6395,4,d1478,28.193256
q6395,5,d8606,27.481401
q6395,6,d7721,26.709873
q6395,7,d3213,26.096493
q6395,8,d7270,25.773222
q6395,9,d8024,25.606550
q6395,10,d4403,25.022701
q6396,1,d1816,80.048904
q6396,2,d1101,72.483711
q6396,3,d1929,71.211151
q6396,4,d4331,68.799721
q6396,5,d2913,65.027290
q6396,6,d419,62.885555
q6396,7,d5765,60.793716
q6396,8,d3789,59.824120
q6396,9,d4171,58.598553
q6396,10,d4350,56.192314
q6397,1,d3898,161.359329
q6397,2,d287,103.765594
q6397,3,d4226,85.794037
q6397,4,d4174,74.825150
q6397,5,d5726,68.870819
q6397,6,d6548,64.594818
q6397,7,d1101,62.976925
q6397,8,d1559,60.468025
q6397,9,d3155,56.805458
q6397,10,d4493,55.086929
q6398,1,d4665,90.706665
q6398,2,d8318,74.609161
q6398,3,d6734,63.230740
q6398,4,d4331,57.805267
q6398,5,d7056,54.917435
q6398,6,d1261,46.827168
q6398,7,d3932,43.083294
q6398,8,d4907,40.420197
q6398,9,d4171,39.761692
q6398,10,d1915,38.980919
q6399,1,d6525,59.649757
q6399,2,d4774,57.625317
q6399,3,d1098,55.081200
q6399,4,d4529,54.999283
q6399,5,d3805,54.875580
q6399,6,d5611,54.671829
q6399,7,d4548,53.228447
q6399,8,d3418,52.178249
q6399,9,d1101,51.776455
q6399,10,d1940,51.013935
q6400,1,d1101,54.100563
q6400,2,d2322,39.496319
q6400,3,d1724,37.043243
q6400,4,d6737,36.609383
q6400,5,d1748,36.341885
q6400,6,d1929,35.903252
q6400,7,d3316,34.566490
q6400,8,d5681,32.248135
q6400,9,d5576,30.912148
q6400,10,d2062,30.200800
q6401,1,d1101,54.193443
q6401,2,d4135,49.090164
q6401,3,d4422,48.831787
q6401,4,d2642,48.741600
q6401,5,d2104,48.039162
q6401,6,d6593,45.368973
q6401,7,d1653,45.292442
q6401,8,d2681,43.283249
q6401,9,d5660,43.191315
q6401,10,d4837,42.636341
q6402,1,d7233,85.994110
q6402,2,d2172,78.180916
q6402,3,d7743,72.668770
q6402,4,d1435,68.257484
q6402,5,d2215,67.962486
q6402,6,d6133,64.323662
q6402,7,d930,63.887314
q6402,8,d6188,60.483727
q6402,9,d7108,60.275829
q6402,10,d1880,60.247292
q6403,1,d1101,61.473110
q6403,2,d6465,53.394314
q6403,3,d5543,42.287994
q6403,4,d2410,41.830410
q6403,5,d8060,40.848228
q6403,6,d192,38.524117
q6403,7,d4250,37.788399
q6403,8,d6314,37.438694
q6403,9,d5675,36.422039
q6403,10,d8652,35.946598
q6404,1,d3924,144.533340
q6404,2,d2809,99.978058
q6404,3,d8268,70.113571
q6404,4,d1101,65.987144
q6404,5,d5184,64.596451
q6404,6,d3244,62.032261
q6404,7,d1673,57.015518
q6404,8,d1389,56.299904
q6404,9,d7536,55.967846
q6404,10,d953,55.834671
q6405,1,d7989,44.018387
q6405,2,d5053,40.788548
q6405,3,d7325,40.615196
q6405,4,d1101,39.979424
q6405,5,d6103,39.178486
q6405,6,d5236,37.682003
q6405,7,d2061,36.535961
q6405,8,d6384,34.714996
q6405,9,d6540,32.278439
q6405,10,d6397,31.287521
q6406,1,d1537,63.902756
q6406,2,d3734,52.664005
q6406,3,d4507,52.664005
q6406,4,d1630,52.406967
q6406,5,d2705,51.450329
q6406,6,d4479,48.411869
q6406,7,d4419,48.376194
q6406,8,d3350,47.416470
q6406,9,d3848,46.317406
q6406,10,d4222,45.584961
q6407,1,d1888,45.767567
q6407,2,d4779,45.331009
q6407,3,d5648,40.611401
q6407,4,d7875,37.511326
q6407,5,d4963,36.377052
q6407,6,d668,34.482094
q6407,7,d3473,34.116512
q6407,8,d5597,33.802727
q6407,9,d4027,33.671402
q6407,10,d4942,31.894468
q6408,1,d3186,77.410767
q6408,2,d3316,77.169510
q6408,3,d4932,73.005997
q6408,4,d1860,72.821960
q6408,5,d1101,71.626579
q6408,6,d4074,69.647430
q6408,7,d1936,69.412140
q6408,8,d1986,68.623848
q6408,9,d1313,67.143097
q6408,10,d4576,66.525421
q6409,1,d817,86.491302
q6409,2,d6409,84.105743
q6409,3,d1814,75.923340
q6409,4,d7123,52.656940
q6409,5,d2566,45.668354
q6409,6,d2943,40.427086
q6409,7,d1101,30.852816
q6409,8,d47,21.254974
q6409,9,d7410,20.548338
q6409,10,d4115,20.067177
q6410,1,d4579,50.929321
q6410,2,d1101,43.765694
q6410,3,d6944,43.017643
q6410,4,d4078,35.090034
q6410,5,d4395,34.113529
q6410,6,d6676,33.772640
q6410,7,d1955,32.807247
q6410,8,d388,32.576107
q6410,9,d7287,28.243601
q6410,10,d3316,28.236748
q6411,1,d1435,90.844749
q6411,2,d1101,77.667999
q6411,3,d8488,74.988426
q6411,4,d5053,71.749840
q6411,5,d7325,69.626045
q6411,6,d821,69.206055
q6411,7,d6188,67.544296
q6411,8,d6103,67.163124
q6411,9,d5236,66.071198
q6411,10,d7743,63.910419
q6412,1,d5266,66.266243
q6412,2,d1047,50.131748
q6412,3,d4112,50.034111
q6412,4,d3536,44.792091
q6412,5,d3690,44.153191
q6412,6,d4694,41.899559
q6412,7,d1101,40.392803
q6412,8,d2299,37.113079
q6412,9,d3316,34.544254
q6412,10,d7468,34.485744
q6413,1,d1101,64.414986
q6413,2,d4115,55.396072
q6413,3,d1931,52.176910
q6413,4,d3402,40.487930
q6413,5,d4331,38.955124
q6413,6,d3144,35.668312
q6413,7,d6971,35.636520
q6413,8,d4712,35.530209
q6413,9,d3316,34.617676
q6413,10,d2823,34.185890
q6414,1,d4566,70.177574
q6414,2,d6128,48.339973
q6414,3,d3316,46.613823
q6414,4,d712,44.163067
q6414,5,d5541,42.944202
q6414,6,d4885,40.566582
q6414,7,d2489,40.545898
q6414,8,d6606,38.800091
q6414,9,d1639,38.450428
q6414,10,d4331,38.326958
q6415,1,d6415,188.018173
q6415,2,d1626,96.700706
q6415,3,d2559,95.556770
q6415,4,d3929,92.694794
q6415,5,d4111,89.719719
q6415,6,d1101,88.773285
q6415,7,d3596,79.493996
q6415,8,d6217,76.316566
q6415,9,d4165,74.261253
q6415,10,d5478,73.629303
q6416,1,d4262,63.955639
q6416,2,d2406,57.476124
q6416,3,d242,49.559193
q6416,4,d3234,48.373676
q6416,5,d1704,43.680485
q6416,6,d7148,42.164169
q6416,7,d4589,33.563057
q6416,8,d2937,32.692379
q6416,9,d3840,32.303997
q6416,10,d1101,30.254631
q6417,1,d5922,69.918068
q6417,2,d3060,64.117645
q6417,3,d7162,55.947540
q6417,4,d6444,54.397625
q6417,5,d4132,52.743458
q6417,6,d2715,51.442490
q6417,7,d4643,49.282459
q6417,8,d645,48.264618
q6417,9,d3934,47.129684
q6417,10,d4348,43.085861
q6418,1,d1101,34.627129
q6418,2,d4331,32.483257
q6418,3,d7209,31.158058
q6418,4,d2937,29.886013
q6418,5,d3350,29.032001
q6418,6,d1929,25.544966
q6418,7,d1117,23.823963
q6418,8,d8701,22.686987
q6418,9,d447,22.446011
q6418,10,d2705,21.239639
q6419,1,d1101,33.222435
q6419,2,d1287,25.926922
q6419,3,d1929,25.056259
q6419,4,d5124,21.818817
q6419,5,d4331,21.442343
q6419,6,d4171,19.562101
q6419,7,d2913,18.579227
q6419,8,d3476,18.251682
q6419,9,d419,17.967302
q6419,10,d5765,17.369637
q6420,1,d1716,70.412086
q6420,2,d2840,62.865276
q6420,3,d1101,62.783066
q6420,4,d1867,61.523479
q6420,5,d1942,52.517399
q6420,6,d4240,51.168652
q6420,7,d3954,50.842930
q6420,8,d2555,48.856365
q6420,9,d2688,48.535446
q6420,10,d3169,47.131451
q6421,1,d5837,50.689236
q6421,2,d4574,38.627872
q6421,3,d278,37.073940
q6421,4,d1101,31.729296
q6421,5,d3317,29.053278
q6421,6,d8060,23.505835
q6421,7,d7258,22.973328
q6421,8,d543,22.257353
q6421,9,d5870,21.173752
q6421,10,d6248,20.798864
q6422,1,d1101,66.032906
q6422,2,d3418,40.670410
q6422,3,d2937,40.522411
q6422,4,d4331,39.222969
q6422,5,d2099,37.547653
q6422,6,d3316,35.116993
q6422,7,d3800,33.986683
q6422,8,d4844,32.287148
q6422,9,d5634,32.271683
q6422,10,d1929,31.824806
q6423,1,d2844,112.355904
q6423,2,d361,97.412987
q6423,3,d3172,85.942917
q6423,4,d4960,78.543449
q6423,5,d4558,74.107254
q6423,6,d6922,58.289310
q6423,7,d1101,51.070240
q6423,8,d3212,43.733860
q6423,9,d5965,42.888584
q6423,10,d930,42.825680
q6424,1,d1537,150.983398
q6424,2,d3350,124.840363
q6424,3,d4479,121.029671
q6424,4,d4419,120.940445
q6424,5,d1630,118.356316
q6424,6,d4331,116.192276
q6424,7,d3734,116.187996
q6424,8,d4507,116.187996
q6424,9,d3848,115.793549
q6424,10,d1627,115.786545
q6425,1,d4954,57.891205
q6425,2,d1118,56.625904
q6425,3,d4322,48.195316
q6425,4,d1615,45.359798
q6425,5,d703,40.696918
q6425,6,d3297,40.300423
q6425,7,d2594,38.386528
q6425,8,d1101,37.185360
q6425,9,d2469,35.230343
q6425,10,d6163,33.175049
q6426,1,d1101,64.166779
q6426,2,d5870,51.650360
q6426,3,d7410,49.131268
q6426,4,d47,47.949455
q6426,5,d5965,46.247612
q6426,6,d3487,42.451454
q6426,7,d4150,42.382599
q6426,8,d2939,40.235790
q6426,9,d1704,40.008083
q6426,10,d4469,39.915905
q6427,1,d6133,83.256721
q6427,2,d1435,78.107224
q6427,3,d825,76.405754
q6427,4,d930,75.536911
q6427,5,d7108,75.493729
q6427,6,d7209,72.946373
q6427,7,d5529,72.863594
q6427,8,d6120,70.845779
q6427,9,d5728,70.830658
q6427,10,d1297,69.235008
q6428,1,d7209,37.150738
q6428,2,d1029,21.644823
q6428,3,d4331,19.682308
q6428,4,d7702,19.573668
q6428,5,d1287,17.650661
q6428,6,d1225,17.572599
q6428,7,d189,16.818224
q6428,8,d152,16.114189
q6428,9,d1173,15.317708
q6428,10,d3910,14.568406
q6429,1,d7209,59.340939
q6429,2,d250,58.678566
q6429,3,d2261,57.669544
q6429,4,d503,53.973808
q6429,5,d6429,52.358467
q6429,6,d8580,52.334263
q6429,7,d6383,52.006836
q6429,8,d7109,51.426121
q6429,9,d821,51.171791
q6429,10,d6548,49.628387
q6430,1,d7209,25.165382
q6430,2,d3297,24.037006
q6430,3,d1639,23.978390
q6430,4,d6465,23.404488
q6430,5,d152,22.146839
q6430,6,d1029,21.439611
q6430,7,d1636,19.764935
q6430,8,d306,18.227667
q6430,9,d189,17.629370
q6430,10,d4952,17.007742
q6431,1,d7209,43.740753
q6431,2,d1782,43.170345
q6431,3,d2708,33.809334
q6431,4,d4331,33.712975
q6431,5,d6316,33.167240
q6431,6,d300,32.579712
q6431,7,d7287,31.125919
q6431,8,d3297,30.848091
q6431,9,d703,30.522688
q6431,10,d6465,29.209152
q6432,1,d273,108.792114
q6432,2,d6619,86.772339
q6432,3,d4462,65.878860
q6432,4,d4475,62.298050
q6432,5,d3898,60.580242
q6432,6,d2908,55.604645
q6432,7,d1774,54.093906
q6432,8,d8158,50.777500
q6432,9,d4896,44.494648
q6432,10,d2676,41.391502
q6433,1,d2302,110.536331
q6433,2,d203,71.429001
q6433,3,d4771,65.754868
q6433,4,d7209,60.114025
q6433,5,d3060,52.983135
q6433,6,d2407,48.567097
q6433,7,d3561,47.675117
q6433,8,d2464,47.041553
q6433,9,d3080,45.825115
q6433,10,d1624,37.868126
q6434,1,d4174,87.306297
q6434,2,d1881,83.640358
q6434,3,d1392,82.812332
q6434,4,d8352,73.943054
q6434,5,d300,72.119530
q6434,6,d4983,70.056625
q6434,7,d1227,68.997429
q6434,8,d242,68.502510
q6434,9,d3378,64.548508
q6434,10,d1559,64.432846
q6435,1,d2154,62.177921
q6435,2,d7233,54.082142
q6435,3,d1101,51.856720
q6435,4,d2215,51.475479
q6435,5,d7900,49.100773
q6435,6,d7534,43.889637
q6435,7,d7211,42.465137
q6435,8,d7134,42.016075
q6435,9,d1317,40.502708
q6435,10,d258,40.169724
q6436,1,d6415,65.628616
q6436,2,d2489,60.086788
q6436,3,d1101,58.121765
q6436,4,d135,48.508900
q6436,5,d4149,47.295639
q6436,6,d4308,46.174809
q6436,7,d1929,45.164005
q6436,8,d6687,41.952984
q6436,9,d4156,41.825710
q6436,10,d7989,41.755138
q6437,1,d1101,43.688652
q6437,2,d3487,43.520565
q6437,3,d4615,36.460697
q6437,4,d1929,33.417126
q6437,5,d4409,33.349411
q6437,6,d1955,32.712936
q6437,7,d6316,30.989548
q6437,8,d445,30.768875
q6437,9,d2739,30.436932
q6437,10,d3616,29.411808
q6438,1,d1101,47.698730
q6438,2,d4331,34.510853
q6438,3,d217,32.690350
q6438,4,d4250,31.678900
q6438,5,d1929,30.991348
q6438,6,d3532,30.002110
q6438,7,d2700,29.964678
q6438,8,d2755,29.834377
q6438,9,d3316,29.796297
q6438,10,d4171,29.544651
q6439,1,d7239,52.290592
q6439,2,d1101,51.985252
q6439,3,d7213,49.441494
q6439,4,d3316,49.323322
q6439,5,d250,44.963326
q6439,6,d2826,42.626301
q6439,7,d5234,41.785072
q6439,8,d4071,39.449471
q6439,9,d1977,39.398956
q6439,10,d1058,39.002670
q6440,1,d1101,58.795467
q6440,2,d7989,47.064201
q6440,3,d2104,43.666386
q6440,4,d4669,42.956104
q6440,5,d2963,39.900429
q6440,6,d618,39.154533
q6440,7,d2937,38.529282
q6440,8,d3316,37.172138
q6440,9,d3107,35.907913
q6440,10,d4861,33.812889
q6441,1,d1101,61.358097
q6441,2,d26,50.116566
q6441,3,d1739,48.490768
q6441,4,d4011,39.791897
q6441,5,d1929,36.062855
q6441,6,d243,34.962734
q6441,7,d4331,34.319260
q6441,8,d2129,33.380962
q6441,9,d4171,33.052197
q6441,10,d2410,32.673309
q6442,1,d3898,150.117935
q6442,2,d1101,121.928886
q6442,3,d2937,87.932487
q6442,4,d4779,86.891701
q6442,5,d5648,86.440338
q6442,6,d1888,78.908379
q6442,7,d4027,69.328697
q6442,8,d7743,68.363632
q6442,9,d3316,58.598019
q6442,10,d2588,58.509285
q6443,1,d6443,270.021149
q6443,2,d7117,176.778381
q6443,3,d1838,128.731506
q6443,4,d2177,97.408859
q6443,5,d428,88.634674
q6443,6,d2685,83.309807
q6443,7,d2299,80.999390
q6443,8,d3536,80.758270
q6443,9,d7259,79.258957
q6443,10,d1029,79.119637
q6444,1,d1653,71.695602
q6444,2,d561,71.413773
q6444,3,d4135,71.225952
q6444,4,d2681,70.335289
q6444,5,d1101,69.114174
q6444,6,d8637,67.251053
q6444,7,d4837,67.048248
q6444,8,d4378,66.479401
q6444,9,d4551,66.003815
q6444,10,d4422,64.496796
q6445,1,d6642,114.092484
q6445,2,d4029,108.577805
q6445,3,d7056,101.222878
q6445,4,d2955,94.429779
q6445,5,d181,64.299660
q6445,6,d1101,49.126698
q6445,7,d3983,38.845592
q6445,8,d4171,35.736794
q6445,9,d3316,30.578217
q6445,10,d1392,29.460239
q6446,1,d4482,49.902229
q6446,2,d4208,49.902229
q6446,3,d1101,48.973183
q6446,4,d1835,32.964233
q6446,5,d1357,31.830643
q6446,6,d4074,29.844706
q6446,7,d1858,29.530897
q6446,8,d1848,28.999516
q6446,9,d7115,28.321941
q6446,10,d5965,28.080402
q6447,1,d3924,137.955124
q6447,2,d1101,52.511738
q6447,3,d4694,43.477814
q6447,4,d3316,42.992062
q6447,5,d6390,41.772369
q6447,6,d338,39.562332
q6447,7,d1934,38.456970
q6447,8,d1994,38.310108
q6447,9,d4291,37.465954
q6447,10,d2421,36.990154
q6448,1,d3799,98.767456
q6448,2,d2500,92.334366
q6448,3,d1794,85.371101
q6448,4,d1782,68.751244
q6448,5,d8527,64.840691
q6448,6,d4395,51.981236
q6448,7,d4528,51.803921
q6448,8,d6960,51.428883
q6448,9,d3080,48.577625
q6448,10,d1784,46.893471
q6449,1,d4648,53.961800
q6449,2,d1101,48.824387
q6449,3,d703,43.395161
q6449,4,d5053,38.614845
q6449,5,d1585,36.301823
q6449,6,d7325,34.813026
q6449,7,d6103,33.581558
q6449,8,d7182,32.990482
q6449,9,d3297,32.797466
q6449,10,d4502,32.618721
q6450,1,d7209,101.266159
q6450,2,d1101,96.587921
q6450,3,d2104,48.825317
q6450,4,d1337,46.519855
q6450,5,d1225,46.241852
q6450,6,d669,45.404285
q6450,7,d4171,44.713715
q6450,8,d679,44.593571
q6450,9,d6575,44.169670
q6450,10,d865,41.720459
q6451,1,d1671,49.598320
q6451,2,d3420,43.848598
q6451,3,d2410,40.372341
q6451,4,d4508,39.865570
q6451,5,d7270,39.061424
q6451,6,d3457,38.995651
q6451,7,d2964,38.298203
q6451,8,d6465,38.167439
q6451,9,d2086,38.157112
q6451,10,d6929,37.963516
q6452,1,d1101,61.916573
q6452,2,d135,50.931038
q6452,3,d940,40.907310
q6452,4,d4730,38.136536
q6452,5,d4861,37.897507
q6452,6,d3316,37.680653
q6452,7,d3119,37.211414
q6452,8,d6128,36.437592
q6452,9,d7669,35.742683
q6452,10,d6687,35.123802
q6453,1,d1799,73.496017
q6453,2,d1559,73.085701
q6453,3,d5460,59.551640
q6453,4,d5236,59.070477
q6453,5,d7217,58.609558
q6453,6,d5053,58.269352
q6453,7,d7325,58.021706
q6453,8,d463,57.422779
q6453,9,d6103,55.969269
q6453,10,d1677,55.653610
q6454,1,d7144,72.192429
q6454,2,d5236,42.476040
q6454,3,d1101,40.044849
q6454,4,d7007,35.308506
q6454,5,d4559,33.589149
q6454,6,d7155,30.634930
q6454,7,d5965,30.442394
q6454,8,d4630,30.373409
q6454,9,d3427,30.079298
q6454,10,d133,29.394539
q6455,1,d4074,59.080189
q6455,2,d4932,58.757969
q6455,3,d3186,58.297626
q6455,4,d7630,57.617062
q6455,5,d1860,57.603016
q6455,6,d7636,56.920746
q6455,7,d1936,54.548553
q6455,8,d1986,54.510712
q6455,9,d799,50.949932
q6455,10,d1313,50.360138
q6456,1,d6668,71.973038
q6456,2,d1761,68.338631
q6456,3,d6814,65.610947
q6456,4,d1615,62.177975
q6456,5,d2845,58.098938
q6456,6,d1713,56.030582
q6456,7,d1101,40.196465
q6456,8,d4759,37.258976
q6456,9,d3744,34.657837
q6456,10,d4130,33.332401
q6457,1,d1665,78.387871
q6457,2,d1719,73.275101
q6457,3,d1747,71.510452
q6457,4,d1615,69.448776
q6457,5,d1626,69.361725
q6457,6,d4845,68.917114
q6457,7,d1761,67.167664
q6457,8,d1101,66.996834
q6457,9,d5652,66.862129
q6457,10,d4039,66.791283
q6458,1,d6631,73.964417
q6458,2,d4690,68.795456
q6458,3,d2690,68.581619
q6458,4,d8711,68.558212
q6458,5,d7125,67.801483
q6458,6,d2411,67.667953
q6458,7,d2199,67.331429
q6458,8,d175,66.830360
q6458,9,d2749,64.983131
q6458,10,d1817,63.362724
q6459,1,d4839,70.806152
q6459,2,d2572,64.310646
q6459,3,d4508,53.542828
q6459,4,d4566,53.161407
q6459,5,d8724,53.106289
q6459,6,d7270,52.886002
q6459,7,d5958,51.351685
q6459,8,d6929,51.276558
q6459,9,d4101,51.210445
q6459,10,d2410,50.696854
q6460,1,d6460,73.375435
q6460,2,d6642,64.042229
q6460,3,d1101,62.656639
q6460,4,d4029,60.179096
q6460,5,d2955,52.138851
q6460,6,d7056,49.972397
q6460,7,d1716,48.272175
q6460,8,d7482,45.516953
q6460,9,d181,45.410690
q6460,10,d175,43.974491
q6461,1,d1799,78.639732
q6461,2,d1559,70.661926
q6461,3,d1881,64.211372
q6461,4,d4538,60.538609
q6461,5,d5635,54.925735
q6461,6,d7629,53.836014
q6461,7,d5263,53.044014
q6461,8,d7217,52.854309
q6461,9,d1751,51.173996
q6461,10,d463,50.093414
q6462,1,d7482,47.374035
q6462,2,d6133,45.080128
q6462,3,d1101,39.486286
q6462,4,d930,36.854218
q6462,5,d1297,36.585094
q6462,6,d1435,36.045033
q6462,7,d1791,35.540409
q6462,8,d7534,33.593502
q6462,9,d7505,33.140717
q6462,10,d4331,32.763340
q6463,1,d8527,67.855499
q6463,2,d2500,60.752056
q6463,3,d4395,56.912254
q6463,4,d3799,55.445309
q6463,5,d6960,53.554276
q6463,6,d1784,53.356945
q6463,7,d7969,50.205208
q6463,8,d8549,49.709938
q6463,9,d1782,46.953423
q6463,10,d1794,42.961655
q6464,1,d1101,58.919331
q6464,2,d7964,45.625061
q6464,3,d1929,38.084854
q6464,4,d4174,37.405674
q6464,5,d4331,36.469196
q6464,6,d2104,32.609646
q6464,7,d1835,30.805176
q6464,8,d7983,30.111624
q6464,9,d6690,29.311049
q6464,10,d1029,28.377052
q6465,1,d4977,86.830513
q6465,2,d3559,60.656998
q6465,3,d3754,55.450706
q6465,4,d3360,49.423336
q6465,5,d3387,48.570156
q6465,6,d2410,41.731407
q6465,7,d4403,41.677299
q6465,8,d8724,41.677299
q6465,9,d8024,41.529976
q6465,10,d2463,39.782433
q6466,1,d4870,97.061264
q6466,2,d7970,95.697487
q6466,3,d6747,92.218719
q6466,4,d5449,86.121468
q6466,5,d3941,84.910255
q6466,6,d2187,78.953369
q6466,7,d2215,73.554626
q6466,8,d6794,73.182755
q6466,9,d7541,67.814827
q6466,10,d1101,62.692429
q6467,1,d2154,90.247597
q6467,2,d7233,79.114822
q6467,3,d5053,75.750160
q6467,4,d7325,75.428215
q6467,5,d6103,72.760048
q6467,6,d5236,71.290619
q6467,7,d2215,70.773888
q6467,8,d1317,68.740417
q6467,9,d2061,67.852493
q6467,10,d258,64.708038
q6468,1,d4434,78.974281
q6468,2,d8172,71.994591
q6468,3,d2074,70.650627
q6468,4,d1231,70.592896
q6468,5,d1567,69.894814
q6468,6,d7500,67.594543
q6468,7,d1174,67.362381
q6468,8,d7417,66.750053
q6468,9,d2090,66.741455
q6468,10,d7763,65.357529
q6469,1,d152,68.161118
q6469,2,d3213,64.779045
q6469,3,d6469,52.741913
q6469,4,d4240,52.502724
q6469,5,d4537,49.561008
q6469,6,d353,48.905849
q6469,7,d3559,48.774055
q6469,8,d4897,47.742077
q6469,9,d2572,46.906929
q6469,10,d4331,46.827499
q6470,1,d2154,81.562897
q6470,2,d7233,62.683491
q6470,3,d1791,59.459038
q6470,4,d6133,58.821953
q6470,5,d1317,56.878746
q6470,6,d2215,53.962719
q6470,7,d1435,53.811348
q6470,8,d930,52.685188
q6470,9,d7534,48.733162
q6470,10,d7505,47.994507
q6471,1,d2929,53.762566
q6471,2,d4574,52.410416
q6471,3,d4232,48.869251
q6471,4,d3436,47.555744
q6471,5,d1861,46.301910
q6471,6,d8227,45.858032
q6471,7,d4782,44.161896
q6471,8,d4540,42.368401
q6471,9,d7493,41.933617
q6471,10,d5486,41.489246
q6472,1,d7233,37.888897
q6472,2,d7209,37.092152
q6472,3,d2215,30.619339
q6472,4,d2154,27.844242
q6472,5,d7743,26.920547
q6472,6,d5726,24.456800
q6472,7,d1029,24.222321
q6472,8,d6133,24.015125
q6472,9,d6188,23.664347
q6472,10,d6356,23.344355
q6473,1,d6133,85.997147
q6473,2,d7209,83.463867
q6473,3,d7108,83.445152
q6473,4,d930,75.536911
q6473,5,d1435,74.274307
q6473,6,d5529,71.655884
q6473,7,d7233,68.943214
q6473,8,d6188,68.177132
q6473,9,d1297,67.890816
q6473,10,d8488,62.722591
q6474,1,d4779,98.568344
q6474,2,d1888,87.992203
q6474,3,d5648,86.812119
q6474,4,d2937,80.074409
q6474,5,d4027,68.848679
q6474,6,d7875,50.544449
q6474,7,d1101,49.928207
q6474,8,d3432,44.399815
q6474,9,d6593,43.210892
q6474,10,d1902,42.894970
q6475,1,d1101,50.070339
q6475,2,d381,46.630760
q6475,3,d3296,44.755978
q6475,4,d1999,40.468925
q6475,5,d4689,39.776299
q6475,6,d2358,35.733929
q6475,7,d3138,34.349216
q6475,8,d3884,33.529976
q6475,9,d466,33.436794
q6475,10,d7053,32.960205
q6476,1,d1101,72.198830
q6476,2,d192,60.960529
q6476,3,d400,55.319073
q6476,4,d135,55.048264
q6476,5,d1836,54.518475
q6476,6,d2733,54.174778
q6476,7,d3658,48.943390
q6476,8,d1227,47.221004
q6476,9,d4250,47.053173
q6476,10,d3409,46.714714
q6477,1,d5648,65.138611
q6477,2,d1888,63.435711
q6477,3,d4779,60.774803
q6477,4,d4027,55.813774
q6477,5,d7875,50.942772
q6477,6,d2937,47.328976
q6477,7,d4942,45.563522
q6477,8,d1101,45.333912
q6477,9,d4574,34.148315
q6477,10,d6687,29.657858
q6478,1,d6593,155.442169
q6478,2,d4527,108.386055
q6478,3,d294,103.275146
q6478,4,d97,93.754959
q6478,5,d1101,81.868263
q6478,6,d8749,80.747528
q6478,7,d8731,78.074844
q6478,8,d6687,67.869263
q6478,9,d6133,65.545967
q6478,10,d8221,64.635193
q6479,1,d1994,101.317657
q6479,2,d6670,90.688789
q6479,3,d2588,87.962868
q6479,4,d1704,66.363770
q6479,5,d1101,65.728142
q6479,6,d4996,54.828415
q6479,7,d2321,38.477867
q6479,8,d47,36.375992
q6479,9,d4036,36.178360
q6479,10,d4273,36.138142
q6480,1,d1392,155.500702
q6480,2,d8352,140.594360
q6480,3,d1559,129.286896
q6480,4,d1881,127.447159
q6480,5,d1799,125.366234
q6480,6,d463,109.286728
q6480,7,d4983,102.722672
q6480,8,d4593,96.127052
q6480,9,d4039,95.091690
q6480,10,d1227,92.799751
q6481,1,d334,103.784805
q6481,2,d7970,93.828270
q6481,3,d4870,85.486816
q6481,4,d6747,80.141975
q6481,5,d7118,75.104897
q6481,6,d2301,74.086929
q6481,7,d470,71.365173
q6481,8,d6729,69.737175
q6481,9,d7512,68.909187
q6481,10,d2298,68.797775
q6482,1,d4983,26.881432
q6482,2,d1101,24.702581
q6482,3,d1626,21.078991
q6482,4,d1559,20.651533
q6482,5,d1799,20.477287
q6482,6,d4868,19.743145
q6482,7,d1881,19.327427
q6482,8,d5703,19.206514
q6482,9,d1227,17.974611
q6482,10,d6634,17.063749
q6483,1,d7970,64.398636
q6483,2,d4870,60.788754
q6483,3,d6747,57.572029
q6483,4,d1101,55.377968
q6483,5,d1938,49.233616
q6483,6,d334,38.369915
q6483,7,d4331,37.320084
q6483,8,d8413,36.681255
q6483,9,d7118,36.176708
q6483,10,d2301,36.145748
q6484,1,d4779,166.898514
q6484,2,d1888,142.622879
q6484,3,d5648,138.017990
q6484,4,d2937,99.917419
q6484,5,d2456,72.195045
q6484,6,d1101,55.397758
q6484,7,d4036,53.543499
q6484,8,d6631,52.889706
q6484,9,d3896,50.196785
q6484,10,d5870,49.383961
q6485,1,d1101,39.496731
q6485,2,d4896,32.239532
q6485,3,d4331,28.073345
q6485,4,d6606,26.447374
q6485,5,d7989,25.607546
q6485,6,d2762,25.030811
q6485,7,d4566,24.025640
q6485,8,d5053,23.307743
q6485,9,d7410,23.257202
q6485,10,d47,23.249014
q6486,1,d8527,93.471825
q6486,2,d2500,83.843910
q6486,3,d3799,80.594940
q6486,4,d4395,79.512787
q6486,5,d8549,74.676651
q6486,6,d1782,73.500137
q6486,7,d6960,73.444351
q6486,8,d1784,73.314987
q6486,9,d7969,69.439293
q6486,10,d4318,62.857449
q6487,1,d4665,85.647575
q6487,2,d8318,72.057808
q6487,3,d5992,69.557922
q6487,4,d3598,65.703163
q6487,5,d1915,64.592178
q6487,6,d3211,63.703537
q6487,7,d1925,58.284924
q6487,8,d4327,55.461815
q6487,9,d3932,45.720745
q6487,10,d1101,44.913982
q6488,1,d6465,45.493385
q6488,2,d2410,43.959743
q6488,3,d4508,41.957897
q6488,4,d192,40.273800
q6488,5,d6929,38.879520
q6488,6,d5675,38.726559
q6488,7,d6606,35.590523
q6488,8,d152,35.440964
q6488,9,d3805,33.293381
q6488,10,d8652,32.848522
q6489,1,d2538,71.174736
q6489,2,d372,40.632935
q6489,3,d7202,39.580318
q6489,4,d1101,36.390305
q6489,5,d3417,34.246803
q6489,6,d2126,34.065155
q6489,7,d7425,31.261784
q6489,8,d1472,29.466187
q6489,9,d2067,29.434925
q6489,10,d6642,29.289850
q6490,1,d1101,52.539394
q6490,2,d2702,51.831039
q6490,3,d4718,49.304119
q6490,4,d2631,40.506191
q6490,5,d2600,40.506191
q6490,6,d5564,39.855991
q6490,7,d4379,38.755310
q6490,8,d6206,37.912189
q6490,9,d4593,37.234795
q6490,10,d1994,36.575275
q6491,1,d1118,70.836983
q6491,2,d1101,62.914780
q6491,3,d4291,60.139660
q6491,4,d4413,54.765579
q6491,5,d1849,51.506733
q6491,6,d6159,51.056961
q6491,7,d3062,50.917484
q6491,8,d1613,45.644691
q6491,9,d4968,44.243401
q6491,10,d135,44.026356
q6492,1,d257,101.916611
q6492,2,d3625,101.514091
q6492,3,d1101,86.428596
q6492,4,d1929,68.223167
q6492,5,d645,67.198067
q6492,6,d4331,65.490814
q6492,7,d3652,65.396484
q6492,8,d4563,63.747524
q6492,9,d2937,62.742817
q6492,10,d4350,61.779972
q6493,1,d4679,81.014549
q6493,2,d2953,61.994164
q6493,3,d4643,57.789986
q6493,4,d3862,54.919514
q6493,5,d202,51.459408
q6493,6,d1853,51.093449
q6493,7,d4177,49.316456
q6493,8,d8412,47.801338
q6493,9,d4206,47.576019
q6493,10,d1101,45.681412
q6494,1,d1799,56.388126
q6494,2,d1559,53.625408
q6494,3,d1881,48.318565
q6494,4,d4174,40.293980
q6494,5,d7161,39.670105
q6494,6,d1101,38.054329
q6494,7,d463,37.783180
q6494,8,d152,36.893597
q6494,9,d4896,36.499504
q6494,10,d8307,36.069466
q6495,1,d1101,50.659695
q6495,2,d2410,30.398672
q6495,3,d4165,29.892462
q6495,4,d5543,27.129126
q6495,5,d5965,26.979067
q6495,6,d3420,26.978947
q6495,7,d2588,26.359114
q6495,8,d1671,25.177448
q6495,9,d1717,24.861759
q6495,10,d3757,24.772902
q6496,1,d1101,68.537117
q6496,2,d3602,61.745056
q6496,3,d7202,55.858051
q6496,4,d4223,55.620235
q6496,5,d3068,50.332638
q6496,6,d2904,49.160305
q6496,7,d2104,41.773064
q6496,8,d5965,41.432114
q6496,9,d4000,41.057590
q6496,10,d1551,39.873714
q6497,1,d6497,162.332001
q6497,2,d1101,77.244774
q6497,3,d7841,67.385231
q6497,4,d3473,66.513481
q6497,5,d4963,63.269459
q6497,6,d5597,58.387222
q6497,7,d133,53.607708
q6497,8,d314,53.392776
q6497,9,d1219,50.065151
q6497,10,d5834,49.639515
q6498,1,d4791,55.980045
q6498,2,d3536,53.726051
q6498,3,d4293,52.367374
q6498,4,d1615,51.301109
q6498,5,d1101,47.376556
q6498,6,d4571,46.919205
q6498,7,d250,44.565704
q6498,8,d2923,41.284092
q6498,9,d7983,39.266472
q6498,10,d3297,39.174000
q6499,1,d6593,120.135193
q6499,2,d6499,107.356506
q6499,3,d463,94.547493
q6499,4,d498,94.380257
q6499,5,d5819,93.425117
q6499,6,d6885,92.074059
q6499,7,d6386,88.759224
q6499,8,d6687,83.701653
q6499,9,d6465,82.255676
q6499,10,d6783,82.067146
q6500,1,d5061,172.352219
q6500,2,d250,157.471069
q6500,3,d3599,143.445450
q6500,4,d1858,143.119980
q6500,5,d358,132.195953
q6500,6,d221,118.870094
q6500,7,d434,113.264969
q6500,8,d1776,111.096802
q6500,9,d178,108.342972
q6500,10,d6500,105.014519
q6501,1,d5460,28.283972
q6501,2,d4546,22.507780
q6501,3,d3144,21.663551
q6501,4,d953,21.003878
q6501,5,d4824,19.758377
q6501,6,d5450,18.481995
q6501,7,d5394,18.155613
q6501,8,d4268,16.685638
q6501,9,d2841,16.635464
q6501,10,d1677,16.150654
q6502,1,d1101,58.069958
q6502,2,d6465,39.566013
q6502,3,d2410,34.133480
q6502,4,d8060,33.251366
q6502,5,d1478,33.163425
q6502,6,d5332,31.984240
q6502,7,d243,30.880922
q6502,8,d618,29.705492
q6502,9,d4508,29.446846
q6502,10,d4331,29.279375
q6503,1,d1101,18.172628
q6503,2,d1929,13.803203
q6503,3,d4150,12.227480
q6503,4,d5053,11.653872
q6503,5,d7325,11.604342
q6503,6,d3984,11.469896
q6503,7,d6103,11.193852
q6503,8,d3213,11.167912
q6503,9,d961,10.781729
q6503,10,d2939,10.616458
q6504,1,d1101,47.255386
q6504,2,d5053,36.788227
q6504,3,d135,36.746170
q6504,4,d3316,36.271595
q6504,5,d7325,34.813026
q6504,6,d6103,33.581558
q6504,7,d5236,32.462582
q6504,8,d2061,31.316538
q6504,9,d5241,30.482422
q6504,10,d6576,29.379425
q6505,1,d3040,110.516823
q6505,2,d6511,108.382912
q6505,3,d1101,106.374123
q6505,4,d94,101.908363
q6505,5,d6748,96.799805
q6505,6,d7143,93.208099
q6505,7,d5236,82.720688
q6505,8,d2104,79.132210
q6505,9,d3817,76.403542
q6505,10,d1428,73.836746
q6506,1,d6506,120.694839
q6506,2,d5098,59.936859
q6506,3,d6637,59.702175
q6506,4,d7070,56.865749
q6506,5,d1036,52.059128
q6506,6,d834,51.000820
q6506,7,d4635,45.879025
q6506,8,d3692,45.469357
q6506,9,d1460,43.730469
q6506,10,d5647,43.598312
q6507,1,d2104,35.125595
q6507,2,d3258,33.692760
q6507,3,d1717,33.320217
q6507,4,d5733,33.205746
q6507,5,d1344,30.317772
q6507,6,d653,29.812057
q6507,7,d2762,29.414288
q6507,8,d1101,29.073534
q6507,9,d3783,28.698847
q6507,10,d8329,28.163324
q6508,1,d2092,69.336510
q6508,2,d7979,55.396336
q6508,3,d3203,50.337986
q6508,4,d1670,49.310410
q6508,5,d5870,46.891338
q6508,6,d3237,46.793362
q6508,7,d2991,46.006592
q6508,8,d6508,45.865982
q6508,9,d6971,43.237713
q6508,10,d4036,42.936440
q6509,1,d3350,57.342392
q6509,2,d1101,55.822300
q6509,3,d1721,52.129711
q6509,4,d2737,50.559319
q6509,5,d7847,49.923054
q6509,6,d5139,48.780544
q6509,7,d8614,47.720982
q6509,8,d1594,47.055012
q6509,9,d5461,46.938789
q6509,10,d3711,46.869164
q6510,1,d2154,69.420547
q6510,2,d7233,62.965908
q6510,3,d2215,52.601658
q6510,4,d1101,50.362862
q6510,5,d6133,43.952938
q6510,6,d7743,42.879967
q6510,7,d6356,42.019836
q6510,8,d7534,41.879578
q6510,9,d7134,40.363972
q6510,10,d8379,38.892502
q6511,1,d1101,76.481697
q6511,2,d54,41.068497
q6511,3,d3910,40.955624
q6511,4,d138,36.322151
q6511,5,d4463,35.961517
q6511,6,d7471,35.858376
q6511,7,d4542,35.833588
q6511,8,d3258,34.453133
q6511,9,d7989,33.614777
q6511,10,d2762,32.816486
q6512,1,d1392,54.983498
q6512,2,d3615,52.765846
q6512,3,d1881,51.753181
q6512,4,d3034,50.831799
q6512,5,d6846,50.275513
q6512,6,d1101,47.453815
q6512,7,d1799,46.584827
q6512,8,d1559,45.999538
q6512,9,d4983,43.373756
q6512,10,d3184,43.045040
q6513,1,d1101,44.348305
q6513,2,d2641,25.145123
q6513,3,d4331,24.862122
q6513,4,d243,21.701464
q6513,5,d1929,21.511181
q6513,6,d4171,20.471170
q6513,7,d1636,19.666904
q6513,8,d2937,19.543783
q6513,9,d2410,19.366150
q6513,10,d1640,19.268286
q6514,1,d2322,68.326294
q6514,2,d6668,68.139305
q6514,3,d6737,66.488342
q6514,4,d2987,57.297852
q6514,5,d2426,53.027588
q6514,6,d5236,52.236927
q6514,7,d5053,50.268711
q6514,8,d352,48.239727
q6514,9,d7325,46.417366
q6514,10,d5985,46.288250
q6515,1,d1101,62.184441
q6515,2,d2762,60.649048
q6515,3,d4331,53.907944
q6515,4,d6384,52.732124
q6515,5,d5906,51.545712
q6515,6,d1630,49.284157
q6515,7,d895,45.708500
q6515,8,d7482,45.567451
q6515,9,d3783,44.481113
q6515,10,d7209,42.984814
q6516,1,d1101,51.810688
q6516,2,d2489,42.061790
q6516,3,d1737,40.670055
q6516,4,d3316,39.470341
q6516,5,d1929,37.715179
q6516,6,d4230,37.666557
q6516,7,d2937,37.440758
q6516,8,d7989,37.308945
q6516,9,d3472,37.220589
q6516,10,d3745,36.917831
q6517,1,d8529,88.486633
q6517,2,d4566,77.442841
q6517,3,d135,70.843338
q6517,4,d5541,61.183975
q6517,5,d2489,58.670944
q6517,6,d4885,53.201366
q6517,7,d192,53.150532
q6517,8,d1225,50.179234
q6517,9,d1101,49.704094
q6517,10,d4730,49.536957
q6518,1,d4525,62.904034
q6518,2,d3842,57.728348
q6518,3,d4331,47.998642
q6518,4,d1101,39.797016
q6518,5,d3998,38.765182
q6518,6,d4171,36.511471
q6518,7,d4362,36.187393
q6518,8,d4608,36.173157
q6518,9,d1185,35.870281
q6518,10,d243,34.900581
q6519,1,d1101,49.532478
q6519,2,d3316,26.074692
q6519,3,d47,25.699337
q6519,4,d7410,25.508537
q6519,5,d8701,24.017448
q6519,6,d3345,22.974493
q6519,7,d2188,22.599180
q6519,8,d4331,22.102734
q6519,9,d4712,21.338058
q6519,10,d8709,21.118347
q6520,1,d5053,69.923225
q6520,2,d7325,69.626045
q6520,3,d6103,67.163124
q6520,4,d5236,64.925156
q6520,5,d2061,62.633068
q6520,6,d5606,60.931194
q6520,7,d6540,59.192036
q6520,8,d6235,55.284107
q6520,9,d7126,52.506458
q6520,10,d6397,52.348888
q6521,1,d6465,86.264954
q6521,2,d5675,77.094322
q6521,3,d4976,73.193443
q6521,4,d2408,64.934601
q6521,5,d2742,61.392445
q6521,6,d1721,61.377010
q6521,7,d2086,55.965370
q6521,8,d6521,55.745209
q6521,9,d8652,50.417416
q6521,10,d6244,47.704849
q6522,1,d1101,35.376183
q6522,2,d7392,26.782833
q6522,3,d2939,24.464649
q6522,4,d211,24.444948
q6522,5,d1794,24.407362
q6522,6,d4469,24.269337
q6522,7,d3984,22.939795
q6522,8,d8701,22.921562
q6522,9,d1239,22.882673
q6522,10,d3213,22.335823
q6523,1,d2622,165.487961
q6523,2,d8145,130.032471
q6523,3,d4863,127.038132
q6523,4,d2897,122.849823
q6523,5,d1318,111.864151
q6523,6,d7979,73.589409
q6523,7,d3192,65.940796
q6523,8,d1101,63.284920
q6523,9,d4574,59.159027
q6523,10,d7823,58.530388
q6524,1,d6524,86.127205
q6524,2,d5236,50.653149
q6524,3,d3761,48.865875
q6524,4,d5053,46.615482
q6524,5,d7325,46.417366
q6524,6,d1030,46.394554
q6524,7,d1101,46.096718
q6524,8,d3219,46.041981
q6524,9,d6103,44.775414
q6524,10,d2061,41.755383
q6525,1,d250,72.815651
q6525,2,d7970,64.534584
q6525,3,d4870,63.787552
q6525,4,d6747,59.430000
q6525,5,d3652,59.046371
q6525,6,d1880,58.730019
q6525,7,d470,56.406799
q6525,8,d6465,52.820553
q6525,9,d1646,50.699230
q6525,10,d2727,48.577644
q6526,1,d4861,56.623039
q6526,2,d4718,55.113567
q6526,3,d4379,51.722927
q6526,4,d5564,50.551228
q6526,5,d155,48.828266
q6526,6,d4593,48.215694
q6526,7,d6526,47.789005
q6526,8,d1994,47.074081
q6526,9,d6654,44.328396
q6526,10,d2631,42.711910
q6527,1,d7471,32.033154
q6527,2,d138,28.800581
q6527,3,d1101,27.022966
q6527,4,d1717,25.226824
q6527,5,d3316,21.953114
q6527,6,d1117,21.823137
q6527,7,d465,21.800182
q6527,8,d2493,20.987825
q6527,9,d2321,20.582043
q6527,10,d5405,20.318769
q6528,1,d250,90.491791
q6528,2,d1646,75.073715
q6528,3,d4691,73.659248
q6528,4,d3652,72.856972
q6528,5,d2727,70.658394
q6528,6,d4767,67.791046
q6528,7,d4989,66.382019
q6528,8,d4858,65.018135
q6528,9,d3448,62.451889
q6528,10,d4281,62.451889
q6529,1,d3536,64.236465
q6529,2,d2112,63.810085
q6529,3,d2922,55.435760
q6529,4,d2160,54.946655
q6529,5,d1935,54.526936
q6529,6,d4925,53.694592
q6529,7,d1937,53.132206
q6529,8,d4567,53.033470
q6529,9,d3839,50.941135
q6529,10,d1497,50.431885
q6530,1,d6530,177.031021
q6530,2,d2715,54.004799
q6530,3,d2947,49.355148
q6530,4,d4364,47.308418
q6530,5,d2816,46.727348
q6530,6,d4680,46.240181
q6530,7,d3988,45.219112
q6530,8,d6525,44.316235
q6530,9,d4664,44.242165
q6530,10,d4363,43.306541
q6531,1,d5781,3.892680
q6531,2,d5030,3.882258
q6531,3,d1535,3.874180
q6531,4,d5707,3.860705
q6531,5,d8397,3.846821
q6531,6,d7533,3.787870
q6531,7,d6516,3.787870
q6531,8,d592,3.787870
q6531,9,d5688,3.774070
q6531,10,d7741,3.764542
q6532,1,d4679,79.827477
q6532,2,d1101,59.068607
q6532,3,d202,57.357738
q6532,4,d1853,56.995335
q6532,5,d8412,45.459438
q6532,6,d213,36.555538
q6532,7,d3316,36.042561
q6532,8,d2051,32.377102
q6532,9,d7743,32.182842
q6532,10,d5965,30.928921
q6533,1,d4413,34.496590
q6533,2,d1101,30.365608
q6533,3,d8021,29.712252
q6533,4,d6273,24.184065
q6533,5,d176,23.331161
q6533,6,d7653,22.941418
q6533,7,d1709,22.912411
q6533,8,d618,22.238279
q6533,9,d2104,22.020821
q6533,10,d438,21.697124
q6534,1,d1101,34.366768
q6534,2,d4896,30.988461
q6534,3,d2104,29.823624
q6534,4,d8606,29.683210
q6534,5,d1671,29.534510
q6534,6,d7410,29.069029
q6534,7,d47,26.314236
q6534,8,d2224,25.788109
q6534,9,d5362,25.533882
q6534,10,d6575,24.729479
q6535,1,d7608,44.423199
q6535,2,d4403,38.855534
q6535,3,d8724,35.660477
q6535,4,d1101,33.907768
q6535,5,d4309,32.048725
q6535,6,d217,31.530594
q6535,7,d2410,31.403965
q6535,8,d91,29.802534
q6535,9,d1671,27.722097
q6535,10,d4165,27.253515
q6536,1,d1101,37.880768
q6536,2,d4458,26.504461
q6536,3,d3316,25.273855
q6536,4,d4027,23.253119
q6536,5,d4331,22.294830
q6536,6,d2489,21.878046
q6536,7,d3345,21.828932
q6536,8,d2700,21.588821
q6536,9,d7081,19.364059
q6536,10,d4559,19.326378
q6537,1,d1748,103.798706
q6537,2,d8196,76.783592
q6537,3,d5053,75.750160
q6537,4,d7325,75.428215
q6537,5,d5236,73.303337
q6537,6,d8727,72.914665
q6537,7,d6103,72.760048
q6537,8,d7258,70.770386
q6537,9,d6540,69.441292
q6537,10,d2061,67.852493
q6538,1,d4174,101.230217
q6538,2,d1799,90.686829
q6538,3,d1559,89.253273
q6538,4,d1881,75.053810
q6538,5,d1615,74.332352
q6538,6,d5656,70.691124
q6538,7,d4593,70.433266
q6538,8,d4983,65.621933
q6538,9,d463,64.266029
q6538,10,d5053,64.096291
q6539,1,d273,127.034599
q6539,2,d6619,113.930634
q6539,3,d1866,85.301552
q6539,4,d7672,85.100632
q6539,5,d4026,79.931641
q6539,6,d2676,74.073448
q6539,7,d1894,72.553246
q6539,8,d4314,71.464714
q6539,9,d4962,64.626762
q6539,10,d7994,42.626896
q6540,1,d618,66.560020
q6540,2,d6717,65.782455
q6540,3,d405,63.112736
q6540,4,d6398,62.702400
q6540,5,d8627,62.684345
q6540,6,d6464,62.672298
q6540,7,d7989,62.071625
q6540,8,d3109,61.170105
q6540,9,d8257,59.233788
q6540,10,d5978,58.552380
q6541,1,d1101,82.094131
q6541,2,d5146,68.053978
q6541,3,d2690,56.610977
q6541,4,d4152,51.206829
q6541,5,d3316,47.703907
q6541,6,d3297,41.557613
q6541,7,d703,40.696918
q6541,8,d6541,37.300587
q6541,9,d1794,37.022751
q6541,10,d4331,35.584198
q6542,1,d4510,55.339893
q6542,2,d5679,51.949203
q6542,3,d434,48.353447
q6542,4,d6542,47.088814
q6542,5,d6465,45.991558
q6542,6,d6778,44.228085
q6542,7,d4704,44.209915
q6542,8,d8567,44.101067
q6542,9,d1501,42.515656
q6542,10,d5098,41.070908
q6543,1,d5087,73.859604
q6543,2,d3137,67.126114
q6543,3,d3934,57.589458
q6543,4,d1101,57.274525
q6543,5,d2177,49.376171
q6543,6,d4963,45.080933
q6543,7,d4486,44.932907
q6543,8,d6443,44.304539
q6543,9,d3473,42.494148
q6543,10,d7841,42.251175
q6544,1,d4665,259.907959
q6544,2,d7056,229.200134
q6544,3,d8318,212.256744
q6544,4,d1261,161.293579
q6544,5,d3263,96.923508
q6544,6,d3598,70.757256
q6544,7,d3211,68.603806
q6544,8,d1925,62.768379
q6544,9,d1915,61.069336
q6544,10,d4327,60.036407
q6545,1,d3464,54.753468
q6545,2,d7989,50.534111
q6545,3,d363,39.864876
q6545,4,d2919,36.981121
q6545,5,d618,36.472984
q6545,6,d201,36.396095
q6545,7,d4099,35.448437
q6545,8,d3149,34.274181
q6545,9,d6482,33.999596
q6545,10,d2126,33.918415
q6546,1,d4432,83.030739
q6546,2,d1639,78.435753
q6546,3,d2410,77.299484
q6546,4,d6465,71.185928
q6546,5,d1101,70.966217
q6546,6,d4839,68.205833
q6546,7,d4772,67.786049
q6546,8,d3746,65.542580
q6546,9,d4508,64.887672
q6546,10,d1794,62.639011
q6547,1,d4867,54.689671
q6547,2,d2937,46.211956
q6547,3,d1101,44.300991
q6547,4,d135,44.148121
q6547,5,d4331,43.969139
q6547,6,d3487,42.967335
q6547,7,d7989,40.532284
q6547,8,d4861,39.863297
q6547,9,d1991,38.548740
q6547,10,d3316,38.442478
q6548,1,d1101,48.331898
q6548,2,d1799,41.254627
q6548,3,d1615,37.281353
q6548,4,d1559,37.110294
q6548,5,d7743,33.483719
q6548,6,d6548,31.866762
q6548,7,d1737,30.885073
q6548,8,d7217,30.223644
q6548,9,d4868,30.206852
q6548,10,d503,29.542198
q6549,1,d1101,38.402451
q6549,2,d7743,25.272774
q6549,3,d5053,25.134357
q6549,4,d2937,24.952621
q6549,5,d7325,23.208685
q6549,6,d4331,22.858871
q6549,7,d1684,22.820425
q6549,8,d8060,22.484692
q6549,9,d6103,22.387705
q6549,10,d5236,22.023735
q6550,1,d4665,98.662315
q6550,2,d8318,73.758705
q6550,3,d1101,52.106697
q6550,4,d5606,50.386044
q6550,5,d3598,45.486809
q6550,6,d3211,44.102448
q6550,7,d7056,42.713562
q6550,8,d1925,41.841476
q6550,9,d7209,37.150738
q6550,10,d1261,36.421131
q6551,1,d1101,55.928295
q6551,2,d2489,50.903900
q6551,3,d3901,48.716927
q6551,4,d135,45.661064
q6551,5,d6128,45.027847
q6551,6,d4149,44.422981
q6551,7,d4325,44.126144
q6551,8,d3839,44.031311
q6551,9,d4308,43.509651
q6551,10,d3590,43.364494
q6552,1,d4655,107.172424
q6552,2,d477,88.713882
q6552,3,d6316,87.613815
q6552,4,d6206,86.371567
q6552,5,d1292,81.631317
q6552,6,d4341,80.697815
q6552,7,d3518,75.548904
q6552,8,d2781,74.502945
q6552,9,d3487,74.199738
q6552,10,d1955,70.789703
q6553,1,d7970,69.394211
q6553,2,d4579,66.709457
q6553,3,d4870,65.944572
q6553,4,d6747,62.572330
q6553,5,d1101,59.206707
q6553,6,d6944,53.541222
q6553,7,d1938,48.878208
q6553,8,d4395,47.592293
q6553,9,d388,45.143353
q6553,10,d4896,43.929985
q6554,1,d4486,77.042023
q6554,2,d1101,53.022507
q6554,3,d162,40.635536
q6554,4,d1814,40.307453
q6554,5,d5236,37.046749
q6554,6,d463,36.394665
q6554,7,d5238,36.201859
q6554,8,d3316,36.020626
q6554,9,d5053,34.961613
q6554,10,d7325,34.813026
q6555,1,d6555,67.329735
q6555,2,d1101,54.803364
q6555,3,d5237,54.741913
q6555,4,d2322,40.987457
q6555,5,d4331,39.472969
q6555,6,d3316,38.474033
q6555,7,d47,35.916866
q6555,8,d7410,35.408432
q6555,9,d1858,34.386162
q6555,10,d6737,33.955688
q6556,1,d1101,89.009453
q6556,2,d6971,72.437813
q6556,3,d6555,68.868729
q6556,4,d5965,67.657013
q6556,5,d6631,65.792465
q6556,6,d5870,63.744972
q6556,7,d4036,58.801479
q6556,8,d3533,58.624035
q6556,9,d3896,57.522873
q6556,10,d7939,55.937317
q6557,1,d1101,59.525616
q6557,2,d6384,50.201912
q6557,3,d6362,41.038097
q6557,4,d4659,39.270725
q6557,5,d4463,38.497276
q6557,6,d7989,37.217701
q6557,7,d2762,36.067425
q6557,8,d2540,35.447777
q6557,9,d4542,34.242634
q6557,10,d3783,32.246376
q6558,1,d6713,124.145172
q6558,2,d4967,96.854080
q6558,3,d3796,85.965469
q6558,4,d3182,84.067192
q6558,5,d4766,73.839317
q6558,6,d3864,60.898666
q6558,7,d1101,55.324852
q6558,8,d8529,52.269596
q6558,9,d6558,43.837631
q6558,10,d2051,41.812870
q6559,1,d3458,81.687927
q6559,2,d6361,66.849182
q6559,3,d4789,51.757416
q6559,4,d1101,46.916397
q6559,5,d2784,43.563740
q6559,6,d4237,39.051525
q6559,7,d1513,38.091507
q6559,8,d6713,33.380962
q6559,9,d3983,30.133945
q6559,10,d4171,28.452366
q6560,1,d1929,88.227409
q6560,2,d4331,83.239662
q6560,3,d1101,66.505234
q6560,4,d5435,62.720150
q6560,5,d4171,59.979202
q6560,6,d3394,59.156879
q6560,7,d7133,55.340984
q6560,8,d2489,53.016399
q6560,9,d846,50.150154
q6560,10,d2410,48.645988
q6561,1,d1101,58.542950
q6561,2,d4493,45.735828
q6561,3,d4329,45.676914
q6561,4,d7114,43.763866
q6561,5,d3499,40.562546
q6561,6,d5965,40.191856
q6561,7,d3310,35.955318
q6561,8,d503,34.592037
q6561,9,d2588,33.543934
q6561,10,d47,32.621838
q6562,1,d358,90.273094
q6562,2,d1858,60.157467
q6562,3,d7736,46.371262
q6562,4,d1101,41.993759
q6562,5,d4409,39.598949
q6562,6,d1922,34.556602
q6562,7,d5061,32.827232
q6562,8,d400,27.287312
q6562,9,d3316,27.088121
q6562,10,d4932,26.545822
q6563,1,d1615,79.976120
q6563,2,d7983,59.636959
q6563,3,d1101,55.235016
q6563,4,d4174,54.157104
q6563,5,d5053,52.442417
q6563,6,d7325,52.219536
q6563,7,d5236,50.850666
q6563,8,d4981,50.613670
q6563,9,d6103,50.372341
q6563,10,d1392,48.720898
q6564,1,d503,95.974014
q6564,2,d7114,95.886200
q6564,3,d6293,86.255539
q6564,4,d2154,82.351158
q6564,5,d7943,76.194443
q6564,6,d2261,75.155701
q6564,7,d7134,74.953705
q6564,8,d7743,72.243729
q6564,9,d7109,71.222427
q6564,10,d1686,70.450546
q6565,1,d1101,57.149010
q6565,2,d1717,56.994576
q6565,3,d1344,53.688572
q6565,4,d5675,51.617695
q6565,5,d5965,48.199677
q6565,6,d5251,45.873089
q6565,7,d6465,45.689789
q6565,8,d2104,44.682102
q6565,9,d217,43.768574
q6565,10,d3373,43.587250
q6566,1,d1101,67.076241
q6566,2,d6415,57.400002
q6566,3,d4331,53.805000
q6566,4,d1929,51.789177
q6566,5,d5435,45.222374
q6566,6,d3394,39.688313
q6566,7,d4171,38.380154
q6566,8,d3316,38.276417
q6566,9,d2489,34.937855
q6566,10,d4156,34.330055
q6567,1,d1799,48.261459
q6567,2,d1559,47.872967
q6567,3,d1101,45.402714
q6567,4,d463,43.541107
q6567,5,d4593,39.842228
q6567,6,d4174,36.424416
q6567,7,d1950,36.212456
q6567,8,d2545,35.822296
q6567,9,d2928,34.681015
q6567,10,d1881,32.964340
q6568,1,d8529,80.846939
q6568,2,d7499,50.011612
q6568,3,d4566,41.302845
q6568,4,d1225,40.082012
q6568,5,d1101,35.029694
q6568,6,d5053,34.961613
q6568,7,d7325,34.813026
q6568,8,d6103,33.581558
q6568,9,d4331,33.093395
q6568,10,d5236,32.462582
q6569,1,d5606,57.798824
q6569,2,d5611,53.586143
q6569,3,d1794,43.553837
q6569,4,d7352,42.352882
q6569,5,d3946,39.089764
q6569,6,d4305,37.114151
q6569,7,d4432,35.371422
q6569,8,d1101,35.098087
q6569,9,d1346,34.922485
q6569,10,d3092,34.823479
q6570,1,d6734,114.699379
q6570,2,d4907,88.131088
q6570,3,d1101,87.625587
q6570,4,d4665,78.630547
q6570,5,d3932,68.933510
q6570,6,d4668,67.557823
q6570,7,d3569,67.198067
q6570,8,d8318,64.910950
q6570,9,d4574,64.695824
q6570,10,d8158,64.049416
q6571,1,d6316,40.626152
q6571,2,d3931,36.757721
q6571,3,d1101,29.841507
q6571,4,d2958,25.838310
q6571,5,d4270,23.542324
q6571,6,d805,23.252708
q6571,7,d5870,23.224972
q6571,8,d1752,22.010050
q6571,9,d257,19.132370
q6571,10,d5965,17.081148
q6572,1,d6465,54.614143
q6572,2,d1101,52.015793
q6572,3,d8060,48.340683
q6572,4,d152,48.203697
q6572,5,d2410,46.959515
q6572,6,d4896,40.694893
q6572,7,d1671,40.003296
q6572,8,d6929,38.213387
q6572,9,d5870,37.951984
q6572,10,d4588,36.917931
q6573,1,d1627,52.000130
q6573,2,d4896,35.178143
q6573,3,d1724,34.983177
q6573,4,d6379,32.906898
q6573,5,d7003,32.068741
q6573,6,d1101,31.093771
q6573,7,d3777,30.234081
q6573,8,d3901,27.088600
q6573,9,d4282,26.802855
q6573,10,d2762,26.016678
q6574,1,d1101,47.897907
q6574,2,d5822,34.808426
q6574,3,d1214,33.812450
q6574,4,d7521,33.483719
q6574,5,d3025,32.564571
q6574,6,d4329,32.188370
q6574,7,d7162,32.123337
q6574,8,d6574,31.157330
q6574,9,d5660,30.884066
q6574,10,d3616,30.148830
q6575,1,d1101,66.626579
q6575,2,d6575,62.821808
q6575,3,d2895,48.290836
q6575,4,d6825,42.417061
q6575,5,d1646,34.828838
q6575,6,d4171,33.968105
q6575,7,d3357,32.440834
q6575,8,d446,32.120747
q6575,9,d2724,28.485804
q6575,10,d3783,28.181339
q6576,1,d3378,93.199295
q6576,2,d3889,92.509758
q6576,3,d5606,81.763649
q6576,4,d6576,74.453606
q6576,5,d6206,74.153038
q6576,6,d462,71.500183
q6576,7,d4135,70.704277
q6576,8,d5611,69.843086
q6576,9,d2732,68.343445
q6576,10,d6593,67.868652
q6577,1,d6465,56.673557
q6577,2,d7721,56.645412
q6577,3,d263,50.111229
q6577,4,d3423,49.302593
q6577,5,d1811,49.192039
q6577,6,d2840,43.820602
q6577,7,d7719,43.489258
q6577,8,d2909,42.499275
q6577,9,d6242,40.813316
q6577,10,d97,40.342941
q6578,1,d6578,168.376358
q6578,2,d2261,77.719147
q6578,3,d4495,69.822960
q6578,4,d4318,68.567505
q6578,5,d3154,55.943512
q6578,6,d3940,48.969700
q6578,7,d4003,46.644020
q6578,8,d2560,45.552231
q6578,9,d1101,41.659790
q6578,10,d3568,35.383114
q6579,1,d1963,17.696445
q6579,2,d4171,15.125407
q6579,3,d1101,14.273169
q6579,4,d8169,13.454376
q6579,5,d7209,12.254731
q6579,6,d1929,11.910995
q6579,7,d4791,11.589946
q6579,8,d3093,11.554646
q6579,9,d1697,11.497541
q6579,10,d2913,11.466484
q6580,1,d4485,25.568415
q6580,2,d1101,25.349133
q6580,3,d7209,24.509462
q6580,4,d331,24.186218
q6580,5,d3489,24.104452
q6580,6,d3916,22.974171
q6580,7,d4265,22.372543
q6580,8,d4707,21.318487
q6580,9,d2491,21.228588
q6580,10,d4331,19.728088
q6581,1,d8529,57.747818
q6581,2,d7209,48.245838
q6581,3,d7969,30.388927
q6581,4,d1225,29.545076
q6581,5,d2500,27.271091
q6581,6,d8527,25.616329
q6581,7,d1784,24.753399
q6581,8,d7492,24.651966
q6581,9,d7787,24.614643
q6581,10,d1101,24.585390
q6582,1,d7209,25.610506
q6582,2,d4331,17.580709
q6582,3,d3316,14.519745
q6582,4,d1173,14.236531
q6582,5,d1029,13.917793
q6582,6,d2700,12.840916
q6582,7,d2489,12.737333
q6582,8,d189,12.045945
q6582,9,d236,11.926081
q6582,10,d2939,11.925241
q6583,1,d7401,42.488106
q6583,2,d5460,40.536396
q6583,3,d1409,37.239944
q6583,4,d5671,36.201694
q6583,5,d8229,32.334003
q6583,6,d953,32.150307
q6583,7,d4611,31.316698
q6583,8,d2886,28.128649
q6583,9,d2809,27.929998
q6583,10,d3409,27.505085
q6584,1,d4486,48.480576
q6584,2,d7738,39.503750
q6584,3,d7209,35.991108
q6584,4,d5922,33.960800
q6584,5,d6444,32.638577
q6584,6,d4132,31.646074
q6584,7,d3934,31.095507
q6584,8,d2715,30.865494
q6584,9,d4643,29.569477
q6584,10,d3060,27.709831
q6585,1,d7209,25.223963
q6585,2,d26,22.854847
q6585,3,d1739,22.420506
q6585,4,d7639,20.392902
q6585,5,d2983,16.790031
q6585,6,d1787,16.667755
q6585,7,d189,16.193563
q6585,8,d4011,14.921961
q6585,9,d135,14.844095
q6585,10,d1656,14.839123
q6586,1,d7209,31.486019
q6586,2,d4331,28.566324
q6586,3,d1627,28.129663
q6586,4,d3350,25.577406
q6586,5,d4479,24.205936
q6586,6,d4419,24.188097
q6586,7,d1537,24.166008
q6586,8,d4202,23.956610
q6586,9,d2074,23.817612
q6586,10,d3711,23.380066
q6587,1,d1750,15.896850
q6587,2,d7741,14.123565
q6587,3,d4611,13.860545
q6587,4,d1101,13.805058
q6587,5,d7814,13.785410
q6587,6,d1929,13.781592
q6587,7,d3372,13.641264
q6587,8,d2352,13.341856
q6587,9,d6082,13.293178
q6587,10,d3285,13.154195
q6588,1,d496,48.353447
q6588,2,d2453,43.656345
q6588,3,d457,43.650249
q6588,4,d320,33.153549
q6588,5,d3807,32.869873
q6588,6,d4493,30.316004
q6588,7,d6531,29.432066
q6588,8,d161,28.924137
q6588,9,d5726,28.498569
q6588,10,d7743,26.740553
q6589,1,d1101,76.457039
q6589,2,d1677,74.714859
q6589,3,d3830,70.324142
q6589,4,d5234,67.595093
q6589,5,d2341,65.288284
q6589,6,d4235,54.280724
q6589,7,d47,51.768307
q6589,8,d5061,51.077705
q6589,9,d7410,50.853973
q6589,10,d1239,44.215900
q6590,1,d7960,65.539665
q6590,2,d3087,52.367222
q6590,3,d1101,50.449947
q6590,4,d4574,47.827923
q6590,5,d1083,44.468731
q6590,6,d5513,40.793648
q6590,7,d2038,40.229816
q6590,8,d4277,39.139427
q6590,9,d1395,38.908352
q6590,10,d6844,37.626469
q6591,1,d5236,48.871853
q6591,2,d6103,42.201664
q6591,3,d5053,40.788548
q6591,4,d7325,40.615196
q6591,5,d2061,37.898148
q6591,6,d1748,37.549812
q6591,7,d6540,36.778568
q6591,8,d3201,36.035435
q6591,9,d6935,35.614796
q6591,10,d1101,34.528290
q6592,1,d4779,107.829163
q6592,2,d1888,104.702339
q6592,3,d3137,93.976547
q6592,4,d5648,87.202744
q6592,5,d3934,80.625252
q6592,6,d4027,73.145950
q6592,7,d2937,67.227882
q6592,8,d2958,65.311195
q6592,9,d1101,64.871780
q6592,10,d7875,59.279881
q6593,1,d6593,207.702957
q6593,2,d3792,92.164146
q6593,3,d1101,91.622040
q6593,4,d1843,91.336365
q6593,5,d1836,83.216522
q6593,6,d498,80.650360
q6593,7,d2642,80.621613
q6593,8,d3209,80.275177
q6593,9,d6576,77.909798
q6593,10,d97,73.729172
q6594,1,d1101,45.584709
q6594,2,d4665,41.559010
q6594,3,d3211,40.937946
q6594,4,d3598,40.432720
q6594,5,d1925,39.213184
q6594,6,d4027,38.296673
q6594,7,d8318,35.391068
q6594,8,d1915,32.894775
q6594,9,d5992,31.981352
q6594,10,d3619,31.449892
q6595,1,d2976,69.074577
q6595,2,d6595,59.659241
q6595,3,d1101,59.375015
q6595,4,d2797,59.102791
q6595,5,d4986,57.909206
q6595,6,d4486,55.170563
q6595,7,d3530,53.179466
q6595,8,d3792,42.647888
q6595,9,d3316,41.835644
q6595,10,d4331,38.974575
q6596,1,d6596,72.709801
q6596,2,d1101,35.642780
q6596,3,d1239,28.923407
q6596,4,d2104,24.623594
q6596,5,d3622,23.425911
q6596,6,d4362,22.592585
q6596,7,d2913,22.100725
q6596,8,d1640,21.769854
q6596,9,d4931,20.980175
q6596,10,d8606,20.568657
q6597,1,d1458,76.018799
q6597,2,d1070,75.128326
q6597,3,d1794,44.986015
q6597,4,d1723,44.225811
q6597,5,d6465,39.439445
q6597,6,d1101,33.432083
q6597,7,d2937,32.501579
q6597,8,d5675,32.073494
q6597,9,d3781,30.791222
q6597,10,d7685,30.263193
q6598,1,d4779,93.258583
q6598,2,d1888,75.841766
q6598,3,d5648,70.366310
q6598,4,d2937,48.637325
q6598,5,d4027,47.237190
q6598,6,d7875,43.905968
q6598,7,d2749,42.502945
q6598,8,d1101,39.870674
q6598,9,d1811,39.227592
q6598,10,d1741,38.820412
q6599,1,d1639,79.099838
q6599,2,d367,68.934227
q6599,3,d328,67.009415
q6599,4,d353,64.387360
q6599,5,d4839,56.186760
q6599,6,d689,56.123447
q6599,7,d618,55.121937
q6599,8,d4165,55.085258
q6599,9,d4896,51.962261
q6599,10,d2410,51.621029
q6600,1,d1101,46.229439
q6600,2,d8713,28.871378
q6600,3,d3316,26.636072
q6600,4,d47,25.257376
q6600,5,d5551,25.176296
q6600,6,d4156,24.876314
q6600,7,d7162,24.341120
q6600,8,d4331,24.266436
q6600,9,d555,24.263609
q6600,10,d7410,24.254395
q6601,1,d2733,52.415489
q6601,2,d1101,50.923180
q6601,3,d1227,44.820305
q6601,4,d4331,38.993092
q6601,5,d5957,38.302830
q6601,6,d7521,37.429375
q6601,7,d2937,34.886635
q6601,8,d7162,34.805042
q6601,9,d4348,33.701912
q6601,10,d3830,33.625954
q6602,1,d1748,103.798706
q6602,2,d8196,76.783592
q6602,3,d5053,75.750160
q6602,4,d7325,75.428215
q6602,5,d5236,73.303337
q6602,6,d8727,72.914665
q6602,7,d6103,72.760048
q6602,8,d7258,70.770386
q6602,9,d6540,69.441292
q6602,10,d2061,67.852493
q6603,1,d1101,36.612518
q6603,2,d8529,34.648689
q6603,3,d4268,34.550713
q6603,4,d6518,31.981430
q6603,5,d5531,31.361668
q6603,6,d6384,31.308487
q6603,7,d3009,30.869101
q6603,8,d54,30.527967
q6603,9,d47,29.978554
q6603,10,d1118,29.973349
q6604,1,d1101,60.509556
q6604,2,d457,42.841694
q6604,3,d496,40.969524
q6604,4,d5332,39.370525
q6604,5,d2453,38.204777
q6604,6,d4718,34.213432
q6604,7,d7363,34.116070
q6604,8,d6687,33.737915
q6604,9,d2104,33.469368
q6604,10,d4561,33.186935
q6605,1,d4391,71.178497
q6605,2,d4472,63.613934
q6605,3,d1101,54.841370
q6605,4,d5236,42.703907
q6605,5,d7325,42.168373
q6605,6,d865,41.907639
q6605,7,d5053,40.788548
q6605,8,d8606,39.875546
q6605,9,d6103,39.178486
q6605,10,d1239,37.814953
q6606,1,d6606,105.077530
q6606,2,d4331,85.237587
q6606,3,d4896,79.423576
q6606,4,d4508,60.462933
q6606,5,d152,60.074966
q6606,6,d2410,58.497005
q6606,7,d1639,58.330986
q6606,8,d1828,57.792496
q6606,9,d6929,55.771175
q6606,10,d1148,55.479565
q6607,1,d1835,101.442566
q6607,2,d3297,79.348267
q6607,3,d703,76.306725
q6607,4,d4074,69.838448
q6607,5,d1101,66.452759
q6607,6,d1936,65.663620
q6607,7,d1986,62.260971
q6607,8,d4932,60.495129
q6607,9,d1972,58.126312
q6607,10,d1415,57.429573
q6608,1,d1101,31.382111
q6608,2,d463,25.918571
q6608,3,d4174,25.227047
q6608,4,d3316,24.160046
q6608,5,d4331,23.956997
q6608,6,d3285,23.371019
q6608,7,d5053,23.307743
q6608,8,d7325,23.208685
q6608,9,d1392,22.717583
q6608,10,d6103,22.387705
q6609,1,d1101,39.948929
q6609,2,d1657,30.987442
q6609,3,d4331,30.466640
q6609,4,d135,27.120342
q6609,5,d1010,25.747833
q6609,6,d2925,25.616739
q6609,7,d3316,25.419752
q6609,8,d6845,24.693794
q6609,9,d1929,23.812660
q6609,10,d5870,23.590965
q6610,1,d7989,69.564575
q6610,2,d1640,67.845848
q6610,3,d135,61.128902
q6610,4,d4861,59.303490
q6610,5,d4230,58.398518
q6610,6,d2965,56.102184
q6610,7,d4068,55.435196
q6610,8,d4669,55.393402
q6610,9,d2937,55.363205
q6610,10,d3745,55.260929
q6611,1,d1101,46.864258
q6611,2,d1636,39.333805
q6611,3,d3842,38.597637
q6611,4,d4525,34.883797
q6611,5,d4073,31.701107
q6611,6,d1974,31.701107
q6611,7,d4331,31.036018
q6611,8,d1987,30.159008
q6611,9,d722,29.861301
q6611,10,d387,27.897245
q6612,1,d336,56.617249
q6612,2,d6876,48.171455
q6612,3,d1101,45.817139
q6612,4,d3999,37.365295
q6612,5,d6612,33.949444
q6612,6,d7251,32.963902
q6612,7,d1787,32.736698
q6612,8,d4171,32.618839
q6612,9,d1867,31.210064
q6612,10,d4908,30.924252
q6613,1,d4395,96.675346
q6613,2,d1782,87.519310
q6613,3,d4993,80.871750
q6613,4,d4954,70.153870
q6613,5,d8527,65.767090
q6613,6,d4318,64.966072
q6613,7,d3799,60.984997
q6613,8,d2500,59.563366
q6613,9,d4861,57.337700
q6613,10,d1615,57.012878
q6614,1,d8529,11.549562
q6614,2,d4637,5.342976
q6614,3,d5394,5.015001
q6614,4,d1225,4.577914
q6614,5,d2358,4.546803
q6614,6,d7301,4.442628
q6614,7,d8743,4.199275
q6614,8,d6405,3.974148
q6614,9,d3943,3.706663
q6614,10,d5459,3.529230
q6615,1,d1786,62.723385
q6615,2,d4666,58.684895
q6615,3,d2837,54.883900
q6615,4,d4314,53.476051
q6615,5,d1802,53.259861
q6615,6,d4616,52.401943
q6615,7,d3807,51.520935
q6615,8,d1965,51.483299
q6615,9,d1101,46.640121
q6615,10,d3068,46.350513
q6616,1,d2322,53.411247
q6616,2,d1101,53.246967
q6616,3,d6737,48.280178
q6616,4,d1929,43.323807
q6616,5,d4331,42.276966
q6616,6,d2987,36.462265
q6616,7,d2426,33.744827
q6616,8,d3316,29.874205
q6616,9,d189,28.581474
q6616,10,d1882,24.733755
q6617,1,d618,54.128349
q6617,2,d164,41.849239
q6617,3,d163,33.638973
q6617,4,d1101,32.446289
q6617,5,d7482,31.907900
q6617,6,d4896,30.906527
q6617,7,d2762,29.267612
q6617,8,d424,28.749027
q6617,9,d5870,28.425396
q6617,10,d6384,28.082523
q6618,1,d3898,53.488392
q6618,2,d4954,50.619949
q6618,3,d4444,49.082954
q6618,4,d7287,47.593090
q6618,5,d6316,47.482841
q6618,6,d1775,45.497910
q6618,7,d2262,45.007275
q6618,8,d1101,44.002388
q6618,9,d1675,43.349625
q6618,10,d1955,43.050125
q6619,1,d6619,160.980545
q6619,2,d273,105.877716
q6619,3,d4314,74.499527
q6619,4,d1866,72.799545
q6619,5,d7672,70.082870
q6619,6,d4026,65.826065
q6619,7,d1101,65.022125
q6619,8,d2676,61.641113
q6619,9,d1894,59.749729
q6619,10,d4962,53.222042
q6620,1,d2154,90.765877
q6620,2,d6620,75.839668
q6620,3,d7233,57.367043
q6620,4,d236,56.339481
q6620,5,d1101,52.388443
q6620,6,d1398,47.504234
q6620,7,d2215,46.903034
q6620,8,d3999,44.616505
q6620,9,d7900,44.516342
q6620,10,d6876,43.180740
q6621,1,d1671,25.177448
q6621,2,d5675,24.986042
q6621,3,d2410,23.974594
q6621,4,d3420,23.237078
q6621,5,d4508,22.929779
q6621,6,d7270,22.430098
q6621,7,d1639,21.803421
q6621,8,d6929,21.758865
q6621,9,d2973,21.426140
q6621,10,d4406,21.112059
q6622,1,d1101,49.675148
q6622,2,d4171,33.988152
q6622,3,d1929,32.006241
q6622,4,d2588,30.524532
q6622,5,d7067,30.449883
q6622,6,d1721,30.156921
q6622,7,d2728,29.738235
q6622,8,d689,29.644131
q6622,9,d8024,29.444401
q6622,10,d4165,29.246796
q6623,1,d2690,67.759987
q6623,2,d1101,43.385227
q6623,3,d3316,43.062336
q6623,4,d6390,40.878242
q6623,5,d4331,36.434143
q6623,6,d3349,34.911480
q6623,7,d1029,34.629021
q6623,8,d6815,32.754601
q6623,9,d7743,32.264095
q6623,10,d4961,31.148838
q6624,1,d7989,66.493332
q6624,2,d6384,58.180061
q6624,3,d2540,57.674137
q6624,4,d679,55.238762
q6624,5,d895,53.150356
q6624,6,d3783,52.824993
q6624,7,d4244,51.027775
q6624,8,d8329,50.973610
q6624,9,d1632,50.913254
q6624,10,d4285,50.569981
q6625,1,d1101,54.130638
q6625,2,d2704,41.436714
q6625,3,d561,40.836067
q6625,4,d2937,39.721863
q6625,5,d4378,38.426514
q6625,6,d4331,38.136639
q6625,7,d4861,37.897507
q6625,8,d2489,37.767410
q6625,9,d3316,37.725483
q6625,10,d6687,37.201401
q6626,1,d4339,72.130753
q6626,2,d4074,70.500244
q6626,3,d799,67.352486
q6626,4,d3043,66.955521
q6626,5,d1860,66.898209
q6626,6,d4552,65.919495
q6626,7,d729,64.652084
q6626,8,d2169,64.560104
q6626,9,d1972,64.359406
q6626,10,d4576,64.276886
q6627,1,d4131,95.790810
q6627,2,d4651,94.331619
q6627,3,d1101,84.166016
q6627,4,d4565,80.614845
q6627,5,d4564,75.328316
q6627,6,d4331,72.589783
q6627,7,d2489,55.732651
q6627,8,d2937,52.940712
q6627,9,d6476,50.795742
q6627,10,d3316,50.501232
q6628,1,d4946,70.597672
q6628,2,d1101,67.491951
q6628,3,d3822,48.312851
q6628,4,d3288,42.953979
q6628,5,d4612,42.048717
q6628,6,d4821,41.914951
q6628,7,d4091,38.478779
q6628,8,d1071,30.000269
q6628,9,d2937,28.640787
q6628,10,d1671,28.622154
q6629,1,d3420,118.810944
q6629,2,d1011,111.054008
q6629,3,d7270,103.614105
q6629,4,d4979,102.836609
q6629,5,d4165,102.553703
q6629,6,d664,101.860062
q6629,7,d4588,98.810303
q6629,8,d5958,95.611763
q6629,9,d3131,95.539635
q6629,10,d4537,94.684677
q6630,1,d3898,162.640213
q6630,2,d273,136.111435
q6630,3,d6619,121.399437
q6630,4,d287,102.994820
q6630,5,d1866,89.275330
q6630,6,d4226,80.747330
q6630,7,d5606,80.197464
q6630,8,d7672,75.088791
q6630,9,d1101,73.678001
q6630,10,d4026,70.527924
q6631,1,d6631,182.575500
q6631,2,d2906,173.041748
q6631,3,d2690,151.721375
q6631,4,d2749,130.714157
q6631,5,d4690,122.362335
q6631,6,d1811,117.004852
q6631,7,d1741,105.417702
q6631,8,d1817,103.147995
q6631,9,d175,101.202324
q6631,10,d7125,100.846596
q6632,1,d6632,57.491653
q6632,2,d5648,56.237469
q6632,3,d6638,48.164543
q6632,4,d7117,47.244675
q6632,5,d3536,46.754787
q6632,6,d6443,46.445538
q6632,7,d4120,46.214058
q6632,8,d7259,45.886765
q6632,9,d5307,45.492004
q6632,10,d2944,45.337162
q6633,1,d3898,79.566376
q6633,2,d287,72.269203
q6633,3,d1101,67.967987
q6633,4,d3295,51.849678
q6633,5,d6825,50.168938
q6633,6,d1646,49.984730
q6633,7,d4017,47.359581
q6633,8,d2469,46.805588
q6633,9,d4219,45.827965
q6633,10,d3316,44.074135
q6634,1,d4174,54.401314
q6634,2,d1626,52.517570
q6634,3,d4333,51.629406
q6634,4,d4620,51.576469
q6634,5,d3155,43.609745
q6634,6,d1789,43.514870
q6634,7,d112,41.394516
q6634,8,d4823,41.007759
q6634,9,d2469,40.073292
q6634,10,d1101,39.934738
q6635,1,d1101,78.723892
q6635,2,d3316,60.130836
q6635,3,d2700,55.976620
q6635,4,d5965,54.366261
q6635,5,d3285,52.650578
q6635,6,d3158,51.693329
q6635,7,d3570,51.237419
q6635,8,d2489,51.159901
q6635,9,d4331,50.336594
q6635,10,d668,48.274933
q6636,1,d4003,41.938049
q6636,2,d1101,40.808571
q6636,3,d263,39.852676
q6636,4,d1756,38.061436
q6636,5,d1152,36.831707
q6636,6,d8633,36.159142
q6636,7,d7632,36.008987
q6636,8,d2331,35.415623
q6636,9,d6734,35.000946
q6636,10,d4371,34.558979
q6637,1,d8196,101.657295
q6637,2,d7202,88.783638
q6637,3,d7955,87.069366
q6637,4,d6206,84.800949
q6637,5,d7258,78.663597
q6637,6,d3522,78.279724
q6637,7,d4043,73.555908
q6637,8,d6685,70.656082
q6637,9,d1101,69.897888
q6637,10,d6490,69.159546
q6638,1,d1955,81.896545
q6638,2,d5543,73.016319
q6638,3,d6638,67.676361
q6638,4,d6314,62.761192
q6638,5,d1748,60.818806
q6638,6,d2051,54.386269
q6638,7,d1101,52.781853
q6638,8,d7287,52.674572
q6638,9,d5870,50.188866
q6638,10,d4615,49.852535
q6639,1,d1101,72.198753
q6639,2,d5014,52.562412
q6639,3,d1070,46.206333
q6639,4,d3316,44.664730
q6639,5,d3590,43.784866
q6639,6,d4171,41.560455
q6639,7,d8713,41.463894
q6639,8,d2489,39.768333
q6639,9,d846,39.188519
q6639,10,d1737,38.376461
q6640,1,d1101,47.960629
q6640,2,d4419,33.259701
q6640,3,d2937,32.762054
q6640,4,d5965,30.912710
q6640,5,d4435,30.787455
q6640,6,d3107,30.370331
q6640,7,d4087,28.614408
q6640,8,d508,28.346598
q6640,9,d5543,28.043398
q6640,10,d6418,27.154968
q6641,1,d8529,60.502419
q6641,2,d1101,34.929089
q6641,3,d1225,27.536280
q6641,4,d5870,19.927441
q6641,5,d7410,19.473488
q6641,6,d47,19.463068
q6641,7,d6384,18.378210
q6641,8,d3984,17.742817
q6641,9,d2762,17.543072
q6641,10,d1118,17.107557
q6642,1,d6642,117.602097
q6642,2,d4907,109.734283
q6642,3,d2919,100.803551
q6642,4,d2668,99.893578
q6642,5,d4140,91.844872
q6642,6,d3569,90.765594
q6642,7,d181,90.640762
q6642,8,d7133,86.223083
q6642,9,d4738,81.791718
q6642,10,d1996,77.450043
q6643,1,d6876,65.967651
q6643,2,d7233,49.228409
q6643,3,d1101,38.910320
q6643,4,d2215,36.647217
q6643,5,d6620,34.652672
q6643,6,d5332,33.714115
q6643,7,d2154,32.728168
q6643,8,d6133,31.128635
q6643,9,d6356,30.947025
q6643,10,d8713,30.448292
q6644,1,d1639,79.099838
q6644,2,d367,68.934227
q6644,3,d328,67.009415
q6644,4,d353,64.387360
q6644,5,d4839,56.186760
q6644,6,d689,56.123447
q6644,7,d618,55.121937
q6644,8,d4165,55.085258
q6644,9,d2410,52.545269
q6644,10,d4896,51.962261
q6645,1,d2746,88.988708
q6645,2,d4700,62.727890
q6645,3,d1649,49.878902
q6645,4,d3703,46.757702
q6645,5,d1101,40.099754
q6645,6,d5995,33.627602
q6645,7,d1965,31.333811
q6645,8,d3297,30.754337
q6645,9,d183,29.604858
q6645,10,d1749,29.440622
q6646,1,d1117,73.060211
q6646,2,d962,70.310188
q6646,3,d6384,50.382458
q6646,4,d436,49.633522
q6646,5,d216,49.170841
q6646,6,d4896,46.899803
q6646,7,d5113,44.481819
q6646,8,d1101,43.760376
q6646,9,d5609,43.005859
q6646,10,d2077,41.801018
q6647,1,d3359,57.721519
q6647,2,d1101,42.889675
q6647,3,d2410,41.517426
q6647,4,d4139,40.411991
q6647,5,d3420,40.106731
q6647,6,d7471,39.864651
q6647,7,d1478,39.804798
q6647,8,d1671,37.900696
q6647,9,d6465,37.530323
q6647,10,d1516,36.781628
q6648,1,d1101,69.696907
q6648,2,d1948,55.134109
q6648,3,d217,51.870071
q6648,4,d1913,47.931992
q6648,5,d152,47.739117
q6648,6,d8414,45.390106
q6648,7,d3844,45.220825
q6648,8,d2842,43.386055
q6648,9,d5965,43.366867
q6648,10,d2177,42.848293
q6649,1,d3898,100.537712
q6649,2,d287,91.557877
q6649,3,d4226,75.700623
q6649,4,d5012,46.398418
q6649,5,d7114,45.525654
q6649,6,d5917,43.288528
q6649,7,d7209,42.311745
q6649,8,d8527,39.475018
q6649,9,d3653,39.189674
q6649,10,d7811,39.151768
q6650,1,d3410,17.717796
q6650,2,d51,17.507557
q6650,3,d2104,15.453121
q6650,4,d4791,15.225617
q6650,5,d1794,15.075720
q6650,6,d6001,14.908434
q6650,7,d1344,14.830850
q6650,8,d557,14.788408
q6650,9,d1697,14.628991
q6650,10,d2928,13.985639
q6651,1,d1174,43.612324
q6651,2,d8172,35.122574
q6651,3,d1789,34.181511
q6651,4,d1567,33.275249
q6651,5,d2090,32.550171
q6651,6,d1231,31.785683
q6651,7,d7763,31.644545
q6651,8,d7500,31.544127
q6651,9,d7417,31.150021
q6651,10,d5527,30.352978
q6652,1,d3983,19.810762
q6652,2,d4331,18.847612
q6652,3,d4360,15.778679
q6652,4,d3104,15.650582
q6652,5,d2706,14.741518
q6652,6,d6965,14.462296
q6652,7,d3457,14.280361
q6652,8,d3316,13.541472
q6652,9,d4966,13.393327
q6652,10,d6524,13.187284
q6653,1,d6653,26.971800
q6653,2,d189,16.395765
q6653,3,d3038,15.856064
q6653,4,d8724,15.568044
q6653,5,d6654,14.797864
q6653,6,d7067,14.686493
q6653,7,d1029,14.108598
q6653,8,d4086,14.045183
q6653,9,d1671,13.411130
q6653,10,d8523,13.227197
q6654,1,d1101,48.288986
q6654,2,d6654,38.762333
q6654,3,d2410,34.638958
q6654,4,d7270,33.828842
q6654,5,d4839,33.094784
q6654,6,d2572,32.316433
q6654,7,d3420,32.230061
q6654,8,d6465,31.636604
q6654,9,d6551,30.619823
q6654,10,d3457,30.491222
q6655,1,d4403,42.360752
q6655,2,d8724,42.360752
q6655,3,d1671,41.203873
q6655,4,d5675,40.746014
q6655,5,d3420,40.106728
q6655,6,d6465,39.894516
q6655,7,d2086,38.856422
q6655,8,d4165,38.719322
q6655,9,d2973,38.624737
q6655,10,d2410,37.695557
q6656,1,d6316,50.749680
q6656,2,d7287,50.526760
q6656,3,d1955,48.604164
q6656,4,d1101,45.668560
q6656,5,d3487,33.944309
q6656,6,d6965,33.136028
q6656,7,d142,30.071173
q6656,8,d1907,30.044292
q6656,9,d4409,29.800877
q6656,10,d3121,29.238680
q6657,1,d5128,61.461697
q6657,2,d1671,41.962414
q6657,3,d4979,37.426285
q6657,4,d4537,37.118111
q6657,5,d2763,36.632061
q6657,6,d3559,35.270557
q6657,7,d689,35.256058
q6657,8,d8606,35.103584
q6657,9,d4165,34.945587
q6657,10,d280,34.380119
q6658,1,d4135,81.241196
q6658,2,d865,79.675827
q6658,3,d1130,68.310631
q6658,4,d5095,65.826584
q6658,5,d1029,65.069954
q6658,6,d8196,63.169926
q6658,7,d6287,60.261517
q6658,8,d1101,58.801811
q6658,9,d7475,58.366665
q6658,10,d5560,58.152283
q6659,1,d1077,59.587566
q6659,2,d1101,51.598095
q6659,3,d6747,46.830479
q6659,4,d470,45.812199
q6659,5,d6857,44.398449
q6659,6,d1933,42.139931
q6659,7,d1909,41.907883
q6659,8,d7743,41.281273
q6659,9,d4672,40.714111
q6659,10,d1880,40.620079
q6660,1,d7796,73.197502
q6660,2,d4392,56.793854
q6660,3,d1101,55.835121
q6660,4,d4574,36.709656
q6660,5,d3487,36.069630
q6660,6,d1836,35.106060
q6660,7,d7425,34.328876
q6660,8,d3297,33.680767
q6660,9,d2067,32.772091
q6660,10,d1907,29.399990
q6661,1,d1101,57.522766
q6661,2,d258,48.759541
q6661,3,d1006,42.252445
q6661,4,d8158,37.351727
q6661,5,d7534,36.557426
q6661,6,d5963,35.596638
q6661,7,d7233,35.156025
q6661,8,d2154,34.284103
q6661,9,d6133,33.835796
q6661,10,d7505,33.181004
q6662,1,d6362,116.274612
q6662,2,d2261,113.665863
q6662,3,d3970,101.276321
q6662,4,d2731,98.876045
q6662,5,d1101,81.121742
q6662,6,d3185,80.116463
q6662,7,d5965,78.878525
q6662,8,d2684,78.376404
q6662,9,d1789,75.869667
q6662,10,d4180,72.562904
q6663,1,d1101,43.315243
q6663,2,d1794,36.955002
q6663,3,d8549,36.801384
q6663,4,d6862,33.947361
q6663,5,d8527,33.245693
q6663,6,d5471,33.139091
q6663,7,d2441,31.188004
q6663,8,d2937,30.220818
q6663,9,d2500,29.136662
q6663,10,d6815,28.600225
q6664,1,d6713,47.293400
q6664,2,d7155,41.079121
q6664,3,d8236,38.087891
q6664,4,d3099,37.361076
q6664,5,d1402,37.211514
q6664,6,d2503,34.820812
q6664,7,d1318,34.071510
q6664,8,d1101,33.894352
q6664,9,d2882,33.864204
q6664,10,d4738,33.294228
q6665,1,d6665,108.520126
q6665,2,d7431,80.485146
q6665,3,d6340,75.270897
q6665,4,d5143,65.799965
q6665,5,d6615,65.153984
q6665,6,d2937,63.242668
q6665,7,d5285,62.991802
q6665,8,d8474,59.412296
q6665,9,d8029,59.383183
q6665,10,d6689,58.588802
q6666,1,d1101,43.091347
q6666,2,d4672,34.183430
q6666,3,d1937,30.476475
q6666,4,d7743,30.373146
q6666,5,d1851,29.355206
q6666,6,d8379,28.702991
q6666,7,d7003,27.772781
q6666,8,d8700,27.219513
q6666,9,d6985,27.076359
q6666,10,d1853,26.915745
q6667,1,d1101,57.065018
q6667,2,d5611,53.378365
q6667,3,d4954,47.913082
q6667,4,d6163,47.526375
q6667,5,d5385,43.951271
q6667,6,d2261,42.623680
q6667,7,d5972,40.312820
q6667,8,d6801,39.931686
q6667,9,d5129,39.501225
q6667,10,d5225,38.895607
q6668,1,d4027,99.727531
q6668,2,d3518,75.275467
q6668,3,d6668,71.313454
q6668,4,d1101,67.899002
q6668,5,d4963,66.657890
q6668,6,d3473,64.851593
q6668,7,d133,64.576073
q6668,8,d6757,63.674137
q6668,9,d314,61.976051
q6668,10,d469,58.476105
q6669,1,d4441,92.617134
q6669,2,d400,65.588699
q6669,3,d1101,61.842533
q6669,4,d5590,57.566528
q6669,5,d4493,54.034416
q6669,6,d5053,50.891010
q6669,7,d135,47.930103
q6669,8,d1829,47.562420
q6669,9,d7325,46.417366
q6669,10,d6103,44.775414
q6670,1,d6670,202.825684
q6670,2,d1704,144.104492
q6670,3,d8535,142.471222
q6670,4,d1101,128.193893
q6670,5,d1994,122.135437
q6670,6,d268,118.922424
q6670,7,d4930,110.625282
q6670,8,d6581,106.189049
q6670,9,d1942,96.533607
q6670,10,d1716,92.898857
q6671,1,d4395,153.666443
q6671,2,d8527,103.295967
q6671,3,d1782,96.606667
q6671,4,d4318,76.869820
q6671,5,d3799,76.595886
q6671,6,d2500,68.483131
q6671,7,d1615,67.168480
q6671,8,d1784,66.461105
q6671,9,d4322,61.107044
q6671,10,d4954,59.619011
q6672,1,d463,155.159821
q6672,2,d6593,76.936661
q6672,3,d1101,59.531006
q6672,4,d6687,44.578289
q6672,5,d4331,44.425430
q6672,6,d294,42.939758
q6672,7,d3350,42.613415
q6672,8,d5819,42.421852
q6672,9,d5531,40.420742
q6672,10,d6465,40.290356
q6673,1,d4017,49.786530
q6673,2,d4613,43.082611
q6673,3,d1101,41.264534
q6673,4,d5531,40.283604
q6673,5,d8022,37.079037
q6673,6,d5187,32.444813
q6673,7,d2334,31.146166
q6673,8,d4712,30.147886
q6673,9,d3476,29.884262
q6673,10,d5103,29.484386
q6674,1,d6521,41.050316
q6674,2,d1101,40.026260
q6674,3,d2762,32.518551
q6674,4,d5053,30.961294
q6674,5,d4896,30.906525
q6674,6,d5236,30.588169
q6674,7,d5906,29.557709
q6674,8,d5870,29.527929
q6674,9,d4331,29.300140
q6674,10,d7482,29.100519
q6675,1,d3839,69.122192
q6675,2,d4455,66.127151
q6675,3,d3796,65.754868
q6675,4,d1640,63.427273
q6675,5,d7841,62.066406
q6675,6,d4420,62.035370
q6675,7,d1101,61.963837
q6675,8,d5965,59.059803
q6675,9,d5460,58.284927
q6675,10,d5236,58.250057
q6676,1,d4395,91.222878
q6676,2,d4579,90.590683
q6676,3,d6676,83.446228
q6676,4,d2261,82.897667
q6676,5,d388,72.353401
q6676,6,d4219,71.940132
q6676,7,d3007,70.133652
q6676,8,d5257,69.343452
q6676,9,d6944,67.952194
q6676,10,d5833,63.624256
q6677,1,d2456,146.385895
q6677,2,d7526,146.374207
q6677,3,d7195,137.946198
q6677,4,d2084,137.800919
q6677,5,d1454,136.746826
q6677,6,d463,136.471786
q6677,7,d811,134.836395
q6677,8,d1294,134.546219
q6677,9,d7337,133.388916
q6677,10,d2752,129.738556
q6678,1,d2705,54.548347
q6678,2,d1101,49.613056
q6678,3,d1537,46.149300
q6678,4,d2937,43.992779
q6678,5,d4331,42.266777
q6678,6,d1627,41.521713
q6678,7,d3350,35.060699
q6678,8,d236,34.209023
q6678,9,d618,34.208878
q6678,10,d4479,33.888309
q6679,1,d2072,48.846302
q6679,2,d6384,48.006367
q6679,3,d4480,46.939697
q6679,4,d1630,46.517788
q6679,5,d1537,44.700558
q6679,6,d4698,44.529858
q6679,7,d4659,43.963116
q6679,8,d3734,42.250336
q6679,9,d4507,42.250336
q6679,10,d1101,41.841930
q6680,1,d1101,45.728413
q6680,2,d1929,40.638546
q6680,3,d2588,36.112446
q6680,4,d4331,34.001705
q6680,5,d4671,32.947624
q6680,6,d8713,31.262848
q6680,7,d2489,31.251030
q6680,8,d3316,30.645908
q6680,9,d2410,30.336632
q6680,10,d3394,29.875504
q6681,1,d1101,61.786510
q6681,2,d4331,54.417614
q6681,3,d1737,51.692947
q6681,4,d2818,48.857903
q6681,5,d1183,45.710049
q6681,6,d6971,42.206783
q6681,7,d5606,41.664917
q6681,8,d1070,39.229836
q6681,9,d5611,38.917435
q6681,10,d3316,38.383854
q6682,1,d5606,77.065094
q6682,2,d5611,73.940689
q6682,3,d7352,56.470509
q6682,4,d6668,54.877529
q6682,5,d4885,48.762856
q6682,6,d1101,48.084278
q6682,7,d6814,47.717056
q6682,8,d5965,43.878696
q6682,9,d3940,43.402622
q6682,10,d7759,40.958481
q6683,1,d6443,75.956726
q6683,2,d3932,67.453438
q6683,3,d2177,59.373753
q6683,4,d4803,58.537006
q6683,5,d7841,55.976822
q6683,6,d2081,53.345978
q6683,7,d2183,52.294491
q6683,8,d3836,51.842129
q6683,9,d1640,45.959236
q6683,10,d4681,45.013062
q6684,1,d8529,76.937073
q6684,2,d4566,72.279984
q6684,3,d5541,57.279957
q6684,4,d4885,49.654610
q6684,5,d135,49.459740
q6684,6,d1225,43.088104
q6684,7,d2489,40.401031
q6684,8,d3292,39.547924
q6684,9,d4730,38.207535
q6684,10,d7199,37.865822
q6685,1,d1287,56.620186
q6685,2,d1101,52.636997
q6685,3,d7209,48.245838
q6685,4,d6304,37.094555
q6685,5,d7492,35.175926
q6685,6,d7410,32.754436
q6685,7,d47,32.039150
q6685,8,d6206,30.847313
q6685,9,d3522,30.363590
q6685,10,d686,29.908817
q6686,1,d2215,68.037827
q6686,2,d1880,64.085342
q6686,3,d7233,61.541687
q6686,4,d7743,56.464153
q6686,5,d2154,55.765862
q6686,6,d1970,54.934685
q6686,7,d1834,53.708683
q6686,8,d6133,52.430752
q6686,9,d1819,51.825333
q6686,10,d1847,51.738564
q6687,1,d4952,198.180313
q6687,2,d4209,190.867004
q6687,3,d6687,185.104797
q6687,4,d3853,175.676193
q6687,5,d3865,162.758713
q6687,6,d81,144.188507
q6687,7,d381,134.781525
q6687,8,d4875,123.393227
q6687,9,d1169,96.608841
q6687,10,d1488,93.953133
q6688,1,d1101,39.318409
q6688,2,d7989,35.634914
q6688,3,d2540,30.736942
q6688,4,d6384,30.458612
q6688,5,d4244,27.929598
q6688,6,d3584,27.554649
q6688,7,d2762,27.295887
q6688,8,d3226,25.177677
q6688,9,d7971,24.616175
q6688,10,d469,24.182301
q6689,1,d7071,194.416458
q6689,2,d4526,101.203484
q6689,3,d8529,78.228737
q6689,4,d201,74.458633
q6689,5,d1922,48.330719
q6689,6,d1101,46.817337
q6689,7,d32,44.187370
q6689,8,d3080,43.172604
q6689,9,d1650,42.764858
q6689,10,d1357,39.791344
q6690,1,d3744,97.953102
q6690,2,d1095,93.675079
q6690,3,d5023,93.033493
q6690,4,d8220,92.521935
q6690,5,d2158,90.010658
q6690,6,d5946,89.628014
q6690,7,d1466,89.464554
q6690,8,d4593,87.492249
q6690,9,d5200,86.947548
q6690,10,d2027,86.695473
q6691,1,d1101,45.393288
q6691,2,d5236,43.412212
q6691,3,d2177,43.140995
q6691,4,d7841,40.983406
q6691,5,d5053,40.788548
q6691,6,d7325,40.615196
q6691,7,d6103,39.178486
q6691,8,d2061,36.535961
q6691,9,d6935,35.614796
q6691,10,d1748,34.787502
q6692,1,d6876,41.320534
q6692,2,d3999,40.585155
q6692,3,d6620,40.557629
q6692,4,d6968,39.936443
q6692,5,d4785,38.398766
q6692,6,d6133,37.487392
q6692,7,d7108,34.912655
q6692,8,d6188,34.128586
q6692,9,d930,33.625755
q6692,10,d1435,31.615622
q6693,1,d1671,40.003296
q6693,2,d1101,39.012074
q6693,3,d47,33.920502
q6693,4,d7410,33.723732
q6693,5,d8606,33.663097
q6693,6,d6465,33.591728
q6693,7,d4171,33.140007
q6693,8,d1929,30.377754
q6693,9,d4671,29.841799
q6693,10,d7238,28.754755
q6694,1,d1101,72.198753
q6694,2,d5014,52.562412
q6694,3,d1070,46.206333
q6694,4,d3316,44.664730
q6694,5,d3590,43.784866
q6694,6,d4171,41.560455
q6694,7,d8713,41.463894
q6694,8,d846,39.188519
q6694,9,d1737,38.376461
q6694,10,d467,37.387383
q6695,1,d3249,80.310982
q6695,2,d2452,74.857048
q6695,3,d7108,67.152740
q6695,4,d4092,64.798096
q6695,5,d1070,60.979374
q6695,6,d1942,59.649700
q6695,7,d3316,54.114780
q6695,8,d2881,52.139881
q6695,9,d1458,51.191467
q6695,10,d3481,48.897312
q6696,1,d1101,65.670235
q6696,2,d4779,58.254761
q6696,3,d5648,47.961811
q6696,4,d1888,47.875492
q6696,5,d4561,45.599777
q6696,6,d2104,44.686211
q6696,7,d2937,40.300308
q6696,8,d3840,40.043720
q6696,9,d1875,38.334400
q6696,10,d6465,35.494862
q6697,1,d2953,56.358330
q6697,2,d4643,52.536350
q6697,3,d5061,50.130814
q6697,4,d3862,49.926830
q6697,5,d3830,47.087616
q6697,6,d1677,45.705017
q6697,7,d4177,44.833141
q6697,8,d2733,43.968689
q6697,9,d4206,43.250927
q6697,10,d1227,42.734295
q6698,1,d6698,41.167191
q6698,2,d1101,40.237648
q6698,3,d4566,38.817223
q6698,4,d7114,34.477329
q6698,5,d7410,33.528423
q6698,6,d47,31.919489
q6698,7,d4107,30.481060
q6698,8,d4493,30.383020
q6698,9,d5580,29.624388
q6698,10,d5541,29.185001
q6699,1,d2038,84.622047
q6699,2,d1955,74.133995
q6699,3,d7287,71.638542
q6699,4,d6316,67.662849
q6699,5,d6815,67.357048
q6699,6,d5513,64.521172
q6699,7,d5312,62.377171
q6699,8,d4277,62.254280
q6699,9,d3382,61.517899
q6699,10,d1395,60.524105
q6700,1,d1101,30.954224
q6700,2,d618,26.265057
q6700,3,d6717,25.300943
q6700,4,d5978,24.725561
q6700,5,d3689,24.713272
q6700,6,d3679,24.410887
q6700,7,d6398,24.116310
q6700,8,d8627,24.109364
q6700,9,d6464,24.104733
q6700,10,d405,23.661495
q6701,1,d7114,100.955765
q6701,2,d5917,97.440880
q6701,3,d4493,75.477135
q6701,4,d5012,65.951172
q6701,5,d2673,65.687943
q6701,6,d3956,63.363216
q6701,7,d4329,59.319569
q6701,8,d3653,55.704594
q6701,9,d8527,55.383171
q6701,10,d3314,55.013630
q6702,1,d6687,111.591232
q6702,2,d463,93.424263
q6702,3,d3853,92.154327
q6702,4,d4209,77.616135
q6702,5,d1169,77.287064
q6702,6,d381,76.978569
q6702,7,d1488,75.162514
q6702,8,d81,73.397102
q6702,9,d4952,73.306137
q6702,10,d1052,72.733147
q6703,1,d5611,206.458420
q6703,2,d5606,164.021088
q6703,3,d7759,124.475571
q6703,4,d7352,112.967056
q6703,5,d1101,102.251060
q6703,6,d5134,100.940964
q6703,7,d2937,94.202400
q6703,8,d7414,91.950340
q6703,9,d7077,90.193207
q6703,10,d8701,86.687576
q6704,1,d3956,66.278069
q6704,2,d236,63.930153
q6704,3,d3338,59.895214
q6704,4,d6991,53.488544
q6704,5,d3350,48.822006
q6704,6,d2705,46.964802
q6704,7,d4419,46.663048
q6704,8,d4479,44.774616
q6704,9,d1537,43.498817
q6704,10,d6178,42.693111
q6705,1,d192,60.877827
q6705,2,d135,57.825989
q6705,3,d2937,55.606255
q6705,4,d2489,53.165516
q6705,5,d1101,52.208992
q6705,6,d7989,49.037041
q6705,7,d1640,45.938538
q6705,8,d6737,41.390083
q6705,9,d4250,40.572987
q6705,10,d4308,40.081730
q6706,1,d7979,121.378990
q6706,2,d3592,92.205276
q6706,3,d2092,89.588417
q6706,4,d7939,87.013596
q6706,5,d6544,75.620140
q6706,6,d629,72.590363
q6706,7,d1670,72.588310
q6706,8,d6531,71.960609
q6706,9,d1268,69.721184
q6706,10,d5656,69.625244
q6707,1,d1101,54.450485
q6707,2,d2410,53.899914
q6707,3,d3916,51.622547
q6707,4,d5236,47.923328
q6707,5,d6103,47.798592
q6707,6,d1639,47.731663
q6707,7,d5053,46.615482
q6707,8,d7325,46.417366
q6707,9,d4406,45.065044
q6707,10,d8060,43.885838
q6708,1,d3316,74.544746
q6708,2,d1101,71.425240
q6708,3,d2818,45.799271
q6708,4,d4331,40.484642
q6708,5,d1225,31.869392
q6708,6,d2104,30.477182
q6708,7,d6971,30.379885
q6708,8,d4171,30.375042
q6708,9,d7994,29.763159
q6708,10,d1929,29.626587
q6709,1,d188,201.741058
q6709,2,d3297,127.206863
q6709,3,d4752,120.657730
q6709,4,d3107,119.817909
q6709,5,d703,101.742287
q6709,6,d7492,100.211769
q6709,7,d3628,99.770126
q6709,8,d5992,90.370049
q6709,9,d5391,84.024246
q6709,10,d732,83.873718
q6710,1,d4679,144.892319
q6710,2,d7743,106.413132
q6710,3,d503,99.770271
q6710,4,d202,99.248833
q6710,5,d5917,93.329475
q6710,6,d1853,87.140343
q6710,7,d821,87.093765
q6710,8,d7114,81.375687
q6710,9,d6293,80.454781
q6710,10,d8412,76.931358
q6711,1,d4463,44.288483
q6711,2,d3201,40.750828
q6711,3,d1101,39.513283
q6711,4,d8329,38.249245
q6711,5,d2762,38.185825
q6711,6,d4558,36.986053
q6711,7,d4244,36.771912
q6711,8,d3723,36.361515
q6711,9,d410,35.483498
q6711,10,d4399,35.302246
q6712,1,d1101,31.279146
q6712,2,d2939,20.925831
q6712,3,d4469,20.757435
q6712,4,d6025,20.455875
q6712,5,d961,20.016216
q6712,6,d4463,19.684242
q6712,7,d1239,19.525448
q6712,8,d3984,19.116495
q6712,9,d7410,18.992754
q6712,10,d3258,18.812809
q6713,1,d6713,125.878654
q6713,2,d1513,76.183014
q6713,3,d1623,58.857903
q6713,4,d2716,57.818798
q6713,5,d2642,57.810360
q6713,6,d5965,51.491978
q6713,7,d5543,50.527763
q6713,8,d5837,49.204262
q6713,9,d5870,45.720432
q6713,10,d4036,44.222240
q6714,1,d3022,71.215515
q6714,2,d1101,67.482025
q6714,3,d3370,67.413651
q6714,4,d153,65.944511
q6714,5,d477,65.216568
q6714,6,d2863,64.947166
q6714,7,d2572,64.491623
q6714,8,d2481,63.640862
q6714,9,d4915,61.460621
q6714,10,d3612,59.490131
q6715,1,d1101,34.842957
q6715,2,d4331,32.407665
q6715,3,d1929,20.805973
q6715,4,d5870,19.927443
q6715,5,d4791,19.808701
q6715,6,d1636,19.666904
q6715,7,d5543,19.582020
q6715,8,d5965,19.236950
q6715,9,d4896,18.649157
q6715,10,d3316,18.434973
q6716,1,d242,102.706993
q6716,2,d3510,99.133324
q6716,3,d7209,74.301476
q6716,4,d4907,71.493385
q6716,5,d3569,61.598225
q6716,6,d6642,58.474483
q6716,7,d719,58.272762
q6716,8,d4668,57.527004
q6716,9,d2456,55.979195
q6716,10,d1472,55.307457
q6717,1,d7209,71.209129
q6717,2,d4665,47.597073
q6717,3,d3598,42.736412
q6717,4,d8318,40.240173
q6717,5,d3211,39.202175
q6717,6,d1925,36.717918
q6717,7,d1915,28.135847
q6717,8,d3932,28.135847
q6717,9,d5992,27.177227
q6717,10,d1854,25.512716
q6718,1,d4331,35.285141
q6718,2,d2913,32.513645
q6718,3,d4427,32.400146
q6718,4,d419,31.442778
q6718,5,d5765,30.396864
q6718,6,d1929,30.145741
q6718,7,d3789,29.912060
q6718,8,d3476,28.738827
q6718,9,d4689,28.174622
q6718,10,d165,28.130613
q6719,1,d1537,53.295834
q6719,2,d1630,47.403488
q6719,3,d3350,45.592892
q6719,4,d3734,45.374386
q6719,5,d4507,45.374386
q6719,6,d4331,39.063194
q6719,7,d2705,37.993748
q6719,8,d8529,34.648689
q6719,9,d4479,33.888309
q6719,10,d4419,33.863335
q6720,1,d6465,32.217831
q6720,2,d3420,28.095259
q6720,3,d7270,27.623495
q6720,4,d4156,27.551233
q6720,5,d2972,26.422766
q6720,6,d189,25.827700
q6720,7,d2410,25.104286
q6720,8,d5675,24.725245
q6720,9,d4839,23.676033
q6720,10,d4508,23.452860
q6721,1,d1101,54.913597
q6721,2,d1799,54.308525
q6721,3,d5965,53.201649
q6721,4,d5870,48.503647
q6721,5,d4036,44.910461
q6721,6,d3896,44.682808
q6721,7,d1559,44.400402
q6721,8,d5358,43.193161
q6721,9,d1881,42.628056
q6721,10,d5543,42.443314
q6722,1,d5965,55.733150
q6722,2,d4165,54.683132
q6722,3,d3373,49.252342
q6722,4,d3318,46.455112
q6722,5,d5543,42.910534
q6722,6,d4101,42.400219
q6722,7,d2964,42.382362
q6722,8,d4588,42.232029
q6722,9,d1101,41.621223
q6722,10,d4654,41.391827
q6723,1,d4779,82.969223
q6723,2,d1888,73.866997
q6723,3,d2818,73.128639
q6723,4,d5648,66.406174
q6723,5,d4027,64.479866
q6723,6,d1101,63.128731
q6723,7,d7875,61.045811
q6723,8,d4409,59.552235
q6723,9,d1991,59.395794
q6723,10,d2937,52.143887
q6724,1,d1909,100.049026
q6724,2,d4672,94.272888
q6724,3,d1853,91.523361
q6724,4,d1083,90.343979
q6724,5,d1830,90.141045
q6724,6,d8700,87.702881
q6724,7,d1834,87.421150
q6724,8,d1851,84.519241
q6724,9,d5909,83.854927
q6724,10,d1899,82.023232
q6725,1,d1101,73.491844
q6725,2,d1929,40.246979
q6725,3,d4952,37.043411
q6725,4,d1225,35.608410
q6725,5,d1029,31.729136
q6725,6,d3316,31.301666
q6725,7,d2104,31.056278
q6725,8,d846,29.780529
q6725,9,d2322,28.712059
q6725,10,d4694,28.567041
q6726,1,d7636,52.709152
q6726,2,d4932,52.215588
q6726,3,d4074,51.323368
q6726,4,d1860,48.073372
q6726,5,d1936,46.880486
q6726,6,d1986,46.612457
q6726,7,d4339,46.593616
q6726,8,d3186,46.581238
q6726,9,d7630,45.164612
q6726,10,d3331,44.361797
q6727,1,d1101,31.876194
q6727,2,d3473,31.701523
q6727,3,d4963,31.634733
q6727,4,d6727,30.103611
q6727,5,d7123,29.239986
q6727,6,d5597,29.193611
q6727,7,d817,27.996098
q6727,8,d1653,27.940329
q6727,9,d5834,27.683393
q6727,10,d133,26.803856
q6728,1,d4679,72.591583
q6728,2,d6795,68.820259
q6728,3,d7743,65.170593
q6728,4,d1853,61.664749
q6728,5,d1847,58.199280
q6728,6,d747,57.844387
q6728,7,d1952,55.488258
q6728,8,d7024,54.607487
q6728,9,d1855,53.706509
q6728,10,d1870,52.875408
q6729,1,d7743,190.666046
q6729,2,d503,144.014053
q6729,3,d821,132.784653
q6729,4,d7109,130.320114
q6729,5,d2261,129.918427
q6729,6,d8580,128.456833
q6729,7,d6383,127.653191
q6729,8,d7114,125.636116
q6729,9,d6429,123.396523
q6729,10,d6293,121.954834
q6730,1,d4331,63.492264
q6730,2,d3350,63.190388
q6730,3,d4419,61.175907
q6730,4,d2705,60.421383
q6730,5,d8037,58.512089
q6730,6,d4479,58.094242
q6730,7,d1537,57.998425
q6730,8,d3848,55.580887
q6730,9,d7066,55.538013
q6730,10,d6178,55.300251
q6731,1,d8379,113.472969
q6731,2,d769,98.323303
q6731,3,d1452,95.033112
q6731,4,d1997,91.627914
q6731,5,d1317,81.462158
q6731,6,d7943,81.128448
q6731,7,d2154,78.630501
q6731,8,d258,77.417526
q6731,9,d7632,74.999893
q6731,10,d1791,74.809402
q6732,1,d5053,31.607197
q6732,2,d6103,31.007809
q6732,3,d5236,30.681290
q6732,4,d1101,29.628481
q6732,5,d1748,29.316359
q6732,6,d7325,29.010857
q6732,7,d2061,26.097115
q6732,8,d6540,25.087378
q6732,9,d6935,25.060087
q6732,10,d4331,23.633028
q6733,1,d8527,73.396446
q6733,2,d7969,71.735580
q6733,3,d2500,65.608162
q6733,4,d4395,64.448463
q6733,5,d1794,64.302567
q6733,6,d1881,64.219864
q6733,7,d3799,60.211094
q6733,8,d6960,58.984062
q6733,9,d1782,56.416126
q6733,10,d4318,55.658672
q6734,1,d372,77.688057
q6734,2,d7808,58.794437
q6734,3,d4622,55.836292
q6734,4,d2205,50.323357
q6734,5,d4980,47.271641
q6734,6,d2818,42.517464
q6734,7,d7976,41.947208
q6734,8,d1101,39.447571
q6734,9,d7209,35.991108
q6734,10,d6734,35.696892
q6735,1,d4564,74.669266
q6735,2,d4131,71.120811
q6735,3,d4651,69.947800
q6735,4,d135,64.507202
q6735,5,d4565,59.776676
q6735,6,d7133,55.222755
q6735,7,d2937,53.550781
q6735,8,d2489,53.066425
q6735,9,d7989,49.784977
q6735,10,d4230,46.800407
q6736,1,d2594,60.432240
q6736,2,d2469,59.314117
q6736,3,d2051,56.251064
q6736,4,d4620,43.550995
q6736,5,d1782,43.300705
q6736,6,d4954,42.949280
q6736,7,d1755,40.534142
q6736,8,d1118,39.688713
q6736,9,d3479,38.602768
q6736,10,d2240,37.561985
q6737,1,d817,115.194237
q6737,2,d7123,96.124947
q6737,3,d1101,56.797470
q6737,4,d3378,54.956142
q6737,5,d6763,54.562695
q6737,6,d6409,50.763268
q6737,7,d1070,49.224731
q6737,8,d5571,49.160069
q6737,9,d1392,48.466160
q6737,10,d8089,44.335991
q6738,1,d3270,112.275894
q6738,2,d5087,93.301781
q6738,3,d7133,88.090416
q6738,4,d3458,81.844246
q6738,5,d7069,68.203697
q6738,6,d1101,63.223686
q6738,7,d1070,56.866489
q6738,8,d1458,56.787018
q6738,9,d7717,53.632160
q6738,10,d4195,52.685566
q6739,1,d2728,46.106674
q6739,2,d7717,45.893757
q6739,3,d1082,45.085793
q6739,4,d4165,44.613361
q6739,5,d3373,43.367790
q6739,6,d1070,42.639877
q6739,7,d1458,41.536781
q6739,8,d4195,40.375889
q6739,9,d4405,40.071102
q6739,10,d3807,39.861790
q6740,1,d3080,121.958260
q6740,2,d1624,109.371971
q6740,3,d7550,91.747292
q6740,4,d1101,53.460541
q6740,5,d6620,43.801208
q6740,6,d8529,40.720032
q6740,7,d6687,40.495052
q6740,8,d8701,40.056641
q6740,9,d2814,38.749176
q6740,10,d3316,35.612820
q6741,1,d1799,87.894096
q6741,2,d1559,82.496338
q6741,3,d1881,71.460732
q6741,4,d7217,67.966133
q6741,5,d5635,67.131454
q6741,6,d5263,64.831573
q6741,7,d7161,55.550491
q6741,8,d1101,52.968380
q6741,9,d4848,49.498905
q6741,10,d463,47.130802
q6742,1,d1101,35.766579
q6742,2,d4855,33.491371
q6742,3,d1736,33.192219
q6742,4,d5236,31.827332
q6742,5,d1748,30.798826
q6742,6,d5053,29.134678
q6742,7,d2104,29.106110
q6742,8,d3080,29.091200
q6742,9,d7325,29.010857
q6742,10,d6540,28.753397
q6743,1,d3285,88.051254
q6743,2,d1101,75.710686
q6743,3,d3432,63.618534
q6743,4,d3111,62.681454
q6743,5,d6593,57.313244
q6743,6,d6253,56.617477
q6743,7,d2509,55.476681
q6743,8,d3316,53.962143
q6743,9,d313,52.903831
q6743,10,d3295,52.517681
q6744,1,d1101,82.270729
q6744,2,d6415,56.457024
q6744,3,d7743,52.044304
q6744,4,d2588,47.699532
q6744,5,d5965,47.367981
q6744,6,d3316,45.142857
q6744,7,d3696,41.771217
q6744,8,d4463,40.270580
q6744,9,d4718,39.292694
q6744,10,d47,38.801613
q6745,1,d4779,171.382874
q6745,2,d1888,151.738602
q6745,3,d5648,149.332718
q6745,4,d3458,130.398727
q6745,5,d6361,126.401192
q6745,6,d2937,95.359200
q6745,7,d3199,91.361389
q6745,8,d3297,80.489693
q6745,9,d2456,80.113029
q6745,10,d7875,77.620949
q6746,1,d3519,115.381973
q6746,2,d1646,90.810791
q6746,3,d250,74.037766
q6746,4,d4767,71.794640
q6746,5,d3652,49.898582
q6746,6,d2727,48.577644
q6746,7,d6293,48.033028
q6746,8,d4989,45.637638
q6746,9,d3448,45.544922
q6746,10,d4858,44.699966
q6747,1,d2215,96.930977
q6747,2,d2172,64.914009
q6747,3,d1435,57.712074
q6747,4,d6133,55.614376
q6747,5,d7108,55.203194
q6747,6,d930,54.857529
q6747,7,d5529,54.805904
q6747,8,d6188,53.913418
q6747,9,d1297,47.533314
q6747,10,d7118,47.273472
q6748,1,d1101,38.769115
q6748,2,d47,30.336594
q6748,3,d7410,30.051237
q6748,4,d4896,29.569855
q6748,5,d962,27.960825
q6748,6,d4331,26.424046
q6748,7,d1724,26.076887
q6748,8,d1627,26.017031
q6748,9,d961,25.656796
q6748,10,d5954,25.424471
q6749,1,d4963,105.935379
q6749,2,d4563,92.079765
q6749,3,d1755,92.072067
q6749,4,d257,91.516525
q6749,5,d5597,90.970695
q6749,6,d1219,90.117271
q6749,7,d5865,88.799339
q6749,8,d6006,86.092896
q6749,9,d2497,86.074539
q6749,10,d1831,85.675140
q6750,1,d4208,105.349159
q6750,2,d4482,105.349159
q6750,3,d1101,61.329029
q6750,4,d2705,58.045383
q6750,5,d4331,54.867874
q6750,6,d3350,49.465530
q6750,7,d2085,48.739750
q6750,8,d4479,48.411869
q6750,9,d4419,48.376194
q6750,10,d1537,48.332020
q6751,1,d1646,82.757805
q6751,2,d1101,63.167839
q6751,3,d503,61.077019
q6751,4,d8046,59.860455
q6751,5,d4767,55.810791
q6751,6,d3499,55.511696
q6751,7,d7114,55.384224
q6751,8,d821,55.342857
q6751,9,d2055,52.804520
q6751,10,d3155,52.385105
q6752,1,d7209,64.459633
q6752,2,d3842,40.917530
q6752,3,d769,38.475101
q6752,4,d4525,38.415474
q6752,5,d1101,38.244957
q6752,6,d5963,36.448574
q6752,7,d1636,34.417080
q6752,8,d5832,34.092834
q6752,9,d258,34.089737
q6752,10,d1630,32.912910
q6753,1,d7970,84.448906
q6753,2,d4870,83.631210
q6753,3,d6747,78.502205
q6753,4,d3487,62.796860
q6753,5,d1938,57.502277
q6753,6,d1101,54.631363
q6753,7,d3941,53.829575
q6753,8,d5449,53.825920
q6753,9,d2215,53.367294
q6753,10,d2187,49.345856
q6754,1,d503,100.911598
q6754,2,d7114,94.637634
q6754,3,d821,88.345078
q6754,4,d6293,81.018135
q6754,5,d4493,79.707710
q6754,6,d7743,77.346077
q6754,7,d3155,74.173721
q6754,8,d4868,60.887398
q6754,9,d1737,59.483501
q6754,10,d3499,58.508373
q6755,1,d4779,100.517830
q6755,2,d3316,82.849899
q6755,3,d1888,79.407867
q6755,4,d5648,78.474594
q6755,5,d1101,68.118790
q6755,6,d5053,60.095966
q6755,7,d2937,59.900913
q6755,8,d7325,58.021706
q6755,9,d5236,57.653866
q6755,10,d6103,55.969269
q6756,1,d5053,61.942722
q6756,2,d1101,61.710732
q6756,3,d7325,58.021706
q6756,4,d5236,56.778393
q6756,5,d6103,55.969269
q6756,6,d2061,52.194225
q6756,7,d6540,49.129993
q6756,8,d6935,44.813461
q6756,9,d1748,44.103695
q6756,10,d6397,43.624073
q6757,1,d5597,124.252029
q6757,2,d4888,106.604561
q6757,3,d4963,105.254456
q6757,4,d2497,101.872589
q6757,5,d3115,94.435844
q6757,6,d4940,78.519981
q6757,7,d4218,73.296608
q6757,8,d3282,71.774490
q6757,9,d314,66.386017
q6757,10,d3473,66.112213
q6758,1,d2199,47.901623
q6758,2,d8711,41.540913
q6758,3,d6631,38.736759
q6758,4,d2690,37.359119
q6758,5,d7125,36.689812
q6758,6,d175,36.190350
q6758,7,d2906,35.778664
q6758,8,d4690,33.301510
q6758,9,d4745,33.000210
q6758,10,d2411,32.493587
q6759,1,d1101,65.926353
q6759,2,d3420,45.564011
q6759,3,d2410,41.440853
q6759,4,d618,37.005058
q6759,5,d8606,36.901546
q6759,6,d4614,35.477261
q6759,7,d1627,35.376385
q6759,8,d3186,34.887703
q6759,9,d1671,34.328468
q6759,10,d6465,33.762054
q6760,1,d703,50.871151
q6760,2,d3297,49.706165
q6760,3,d1101,48.824104
q6760,4,d7155,46.248714
q6760,5,d5870,38.027382
q6760,6,d5965,37.499161
q6760,7,d3896,36.000576
q6760,8,d4036,34.867958
q6760,9,d7249,34.047649
q6760,10,d1287,33.909657
q6761,1,d3194,104.942207
q6761,2,d1687,91.118500
q6761,3,d2881,78.899376
q6761,4,d4588,76.986473
q6761,5,d3399,76.619057
q6761,6,d254,76.228119
q6761,7,d649,75.696541
q6761,8,d6512,75.295403
q6761,9,d4287,75.219566
q6761,10,d3395,74.983017
q6762,1,d6415,81.646904
q6762,2,d1346,57.426250
q6762,3,d2989,56.952419
q6762,4,d3946,55.842518
q6762,5,d2892,55.482010
q6762,6,d3495,54.936840
q6762,7,d4796,53.146618
q6762,8,d4305,53.020214
q6762,9,d1942,51.421856
q6762,10,d1716,50.943653
q6763,1,d463,50.253159
q6763,2,d1806,46.073307
q6763,3,d6499,45.114388
q6763,4,d5750,41.638233
q6763,5,d6885,41.624344
q6763,6,d3792,40.047325
q6763,7,d4135,34.677902
q6763,8,d4422,33.418842
q6763,9,d1071,31.342188
q6763,10,d2642,30.939043
q6764,1,d2566,47.597614
q6764,2,d5053,45.921299
q6764,3,d5391,40.854061
q6764,4,d5236,40.214306
q6764,5,d1101,38.658405
q6764,6,d7325,34.813026
q6764,7,d6103,33.581558
q6764,8,d3903,32.500748
q6764,9,d2061,31.316538
q6764,10,d7906,30.895992
q6765,1,d1101,57.521873
q6765,2,d4954,57.428043
q6765,3,d4914,57.097065
q6765,4,d1748,56.779682
q6765,5,d1615,49.347820
q6765,6,d7123,46.117035
q6765,7,d2937,46.031574
q6765,8,d4322,43.454666
q6765,9,d3487,42.223083
q6765,10,d178,40.340294
q6766,1,d1101,73.133324
q6766,2,d4861,69.591553
q6766,3,d2937,64.448608
q6766,4,d4669,62.057510
q6766,5,d2963,60.731380
q6766,6,d7989,60.612110
q6766,7,d2950,57.830318
q6766,8,d135,57.803059
q6766,9,d1984,55.685757
q6766,10,d4706,55.399776
q6767,1,d8527,76.142166
q6767,2,d4395,69.843193
q6767,3,d1101,64.502007
q6767,4,d1782,61.638752
q6767,5,d2500,61.544510
q6767,6,d8549,59.044353
q6767,7,d6960,55.598804
q6767,8,d1784,54.606880
q6767,9,d5471,53.800644
q6767,10,d3799,51.752190
q6768,1,d1101,61.559570
q6768,2,d4331,30.201056
q6768,3,d4171,29.671200
q6768,4,d5460,27.635408
q6768,5,d3316,27.577082
q6768,6,d5965,25.859962
q6768,7,d5543,25.501812
q6768,8,d2104,24.519173
q6768,9,d1929,24.473976
q6768,10,d2410,24.373692
q6769,1,d1101,73.367157
q6769,2,d6668,71.890968
q6769,3,d7997,54.031445
q6769,4,d6814,53.681686
q6769,5,d1713,49.085163
q6769,6,d1615,47.386230
q6769,7,d2937,40.250343
q6769,8,d2728,40.228474
q6769,9,d5965,36.865620
q6769,10,d47,34.179455
q6770,1,d1101,58.921589
q6770,2,d3158,48.997684
q6770,3,d5599,34.658165
q6770,4,d1293,34.250916
q6770,5,d5870,34.215546
q6770,6,d1357,33.980274
q6770,7,d5965,33.732964
q6770,8,d3866,33.630215
q6770,9,d181,33.423359
q6770,10,d4963,30.073233
q6771,1,d3542,102.279594
q6771,2,d4115,92.042191
q6771,3,d6182,71.360619
q6771,4,d8031,69.849777
q6771,5,d1101,61.913555
q6771,6,d5606,46.363472
q6771,7,d5965,38.144554
q6771,8,d5236,37.046749
q6771,9,d4036,36.866577
q6771,10,d5611,35.748341
q6772,1,d7209,66.937569
q6772,2,d1071,59.294086
q6772,3,d1101,54.250008
q6772,4,d3792,46.760960
q6772,5,d3297,45.988125
q6772,6,d7610,37.810299
q6772,7,d5142,37.595871
q6772,8,d1980,35.784985
q6772,9,d1392,34.834141
q6772,10,d2038,34.393970
q6773,1,d1101,65.033485
q6773,2,d108,61.217297
q6773,3,d2714,51.426849
q6773,4,d6734,49.186230
q6773,5,d8317,48.765293
q6773,6,d8176,48.765293
q6773,7,d314,47.884769
q6773,8,d5965,46.852173
q6773,9,d5606,44.797287
q6773,10,d3775,44.611179
q6774,1,d7702,92.499710
q6774,2,d3861,66.536308
q6774,3,d7743,61.310902
q6774,4,d2676,60.455334
q6774,5,d4679,56.025822
q6774,6,d1101,53.387238
q6774,7,d1853,52.538338
q6774,8,d1729,50.583164
q6774,9,d7247,48.821575
q6774,10,d300,48.759708
q6775,1,d3984,22.939795
q6775,2,d7410,22.916550
q6775,3,d2939,22.848782
q6775,4,d4469,22.670376
q6775,5,d1671,22.363756
q6775,6,d3213,22.335823
q6775,7,d8701,22.281136
q6775,8,d1704,22.204660
q6775,9,d961,21.563457
q6775,10,d47,21.517092
q6776,1,d1101,81.816528
q6776,2,d4331,55.384888
q6776,3,d4458,53.008923
q6776,4,d3316,41.045647
q6776,5,d4559,38.652760
q6776,6,d2410,38.326263
q6776,7,d3694,37.469757
q6776,8,d1559,34.948509
q6776,9,d4694,34.597164
q6776,10,d1737,34.281570
q6777,1,d4613,58.696255
q6777,2,d1101,51.451202
q6777,3,d3982,47.020111
q6777,4,d3734,46.110130
q6777,5,d2783,45.330067
q6777,6,d3631,44.391895
q6777,7,d1746,43.202805
q6777,8,d132,42.312130
q6777,9,d7366,40.805958
q6777,10,d4599,40.730061
q6778,1,d236,75.507675
q6778,2,d3956,66.278069
q6778,3,d6991,64.909103
q6778,4,d3338,59.895214
q6778,5,d4419,54.625141
q6778,6,d3350,51.514591
q6778,7,d2705,51.450329
q6778,8,d4479,49.615803
q6778,9,d6178,49.449444
q6778,10,d2937,48.828590
q6779,1,d4954,115.252220
q6779,2,d8222,81.683609
q6779,3,d3790,73.576164
q6779,4,d3035,69.517410
q6779,5,d3555,68.443558
q6779,6,d5919,68.441544
q6779,7,d2702,66.181358
q6779,8,d1748,59.438152
q6779,9,d1522,58.638126
q6779,10,d6163,57.743786
q6780,1,d3844,62.111977
q6780,2,d6631,56.675228
q6780,3,d185,47.095135
q6780,4,d4543,47.018204
q6780,5,d5965,46.647835
q6780,6,d8060,46.387169
q6780,7,d5870,45.720436
q6780,8,d217,45.101501
q6780,9,d7951,44.401928
q6780,10,d4036,44.222240
q6781,1,d1101,50.069431
q6781,2,d7642,30.684032
q6781,3,d4331,29.937012
q6781,4,d1294,28.104851
q6781,5,d7672,26.702368
q6781,6,d8529,24.476425
q6781,7,d3104,23.475874
q6781,8,d555,23.249832
q6781,9,d3316,22.965641
q6781,10,d5551,22.671585
q6782,1,d1036,30.382929
q6782,2,d4892,25.461451
q6782,3,d6528,24.829454
q6782,4,d7037,21.536280
q6782,5,d1584,20.827314
q6782,6,d5702,20.104103
q6782,7,d6880,19.665384
q6782,8,d1354,17.693905
q6782,9,d7019,17.235067
q6782,10,d7625,16.822966
q6783,1,d1805,51.856434
q6783,2,d1101,44.615067
q6783,3,d1929,42.639538
q6783,4,d430,39.019901
q6783,5,d3316,35.621559
q6783,6,d5954,35.288029
q6783,7,d6490,35.057396
q6783,8,d7051,34.958187
q6783,9,d3734,34.710003
q6783,10,d3745,33.830467
q6784,1,d5087,39.986473
q6784,2,d2884,39.766891
q6784,3,d7133,39.457069
q6784,4,d3473,39.067009
q6784,5,d3983,35.224949
q6784,6,d2937,33.599712
q6784,7,d1101,32.515949
q6784,8,d135,29.727091
q6784,9,d2939,29.312252
q6784,10,d7069,29.230156
q6785,1,d1101,71.607452
q6785,2,d257,56.805138
q6785,3,d7743,47.548317
q6785,4,d503,45.927937
q6785,5,d1737,45.832890
q6785,6,d4563,42.498352
q6785,7,d821,39.317333
q6785,8,d3316,37.723038
q6785,9,d6293,37.478157
q6785,10,d703,36.958923
q6786,1,d6465,60.637295
q6786,2,d3443,51.873787
q6786,3,d1101,48.807533
q6786,4,d5675,42.393810
q6786,5,d2410,38.207397
q6786,6,d5611,38.188339
q6786,7,d5606,38.111843
q6786,8,d8060,37.894394
q6786,9,d4979,37.848259
q6786,10,d243,34.456875
q6787,1,d3486,77.338959
q6787,2,d155,67.669136
q6787,3,d3934,54.668594
q6787,4,d1101,45.177700
q6787,5,d466,40.332287
q6787,6,d7053,38.453571
q6787,7,d7822,34.374222
q6787,8,d6371,33.859375
q6787,9,d7277,32.939026
q6787,10,d2325,30.543589
q6788,1,d1101,33.969341
q6788,2,d7209,30.830097
q6788,3,d236,28.657263
q6788,4,d2751,27.131687
q6788,5,d2410,24.656164
q6788,6,d136,22.182369
q6788,7,d2588,21.174774
q6788,8,d1671,20.846685
q6788,9,d5965,20.776550
q6788,10,d4171,20.205614
q6789,1,d4331,18.242128
q6789,2,d3104,15.650582
q6789,3,d2706,14.741518
q6789,4,d3316,14.577814
q6789,5,d4966,13.393327
q6789,6,d4086,13.308710
q6789,7,d1101,12.322927
q6789,8,d7209,11.868189
q6789,9,d4791,11.589946
q6789,10,d1697,11.497541
q6790,1,d3297,60.883774
q6790,2,d2038,57.941696
q6790,3,d5513,54.391529
q6790,4,d2681,52.397583
q6790,5,d4277,52.185898
q6790,6,d1395,51.877804
q6790,7,d6844,50.168621
q6790,8,d7745,49.742603
q6790,9,d2794,49.602215
q6790,10,d1332,48.506916
q6791,1,d4407,63.607140
q6791,2,d4718,63.400032
q6791,3,d5564,53.705139
q6791,4,d4379,51.992447
q6791,5,d2600,51.561394
q6791,6,d2631,51.561394
q6791,7,d3158,51.001556
q6791,8,d2702,50.955944
q6791,9,d4593,50.456875
q6791,10,d1101,49.972641
q6792,1,d3916,51.627880
q6792,2,d257,51.235504
q6792,3,d8024,50.854080
q6792,4,d3689,49.762398
q6792,5,d1101,47.225086
q6792,6,d8207,46.941601
q6792,7,d5542,46.349483
q6792,8,d6120,45.578487
q6792,9,d2638,44.764496
q6792,10,d5157,44.325089
q6793,1,d7209,108.359886
q6793,2,d6793,103.811310
q6793,3,d4379,88.872475
q6793,4,d1720,75.274315
q6793,5,d4156,75.227325
q6793,6,d1798,75.193237
q6793,7,d3682,75.134048
q6793,8,d7800,73.321350
q6793,9,d4357,69.704437
q6793,10,d1101,64.282524
q6794,1,d1101,69.640999
q6794,2,d2215,54.999668
q6794,3,d5053,52.442417
q6794,4,d7325,52.219536
q6794,5,d5236,51.558971
q6794,6,d7743,50.812538
q6794,7,d6103,50.372341
q6794,8,d2061,46.974804
q6794,9,d6540,43.750916
q6794,10,d8158,43.066479
q6795,1,d1101,39.612709
q6795,2,d6460,29.433567
q6795,3,d181,29.046646
q6795,4,d4029,27.515846
q6795,5,d6642,26.646568
q6795,6,d7056,26.600893
q6795,7,d2955,23.887386
q6795,8,d7155,23.494835
q6795,9,d5965,22.306374
q6795,10,d3145,21.548576
q6796,1,d3599,69.952423
q6796,2,d2776,63.462910
q6796,3,d1101,44.679260
q6796,4,d5870,28.425396
q6796,5,d3228,28.127214
q6796,6,d6899,27.999193
q6796,7,d4878,27.079369
q6796,8,d7410,25.113209
q6796,9,d4896,24.627882
q6796,10,d47,24.101345
q6797,1,d4764,39.207863
q6797,2,d1101,36.957699
q6797,3,d1795,36.068428
q6797,4,d1750,34.946564
q6797,5,d4100,33.156910
q6797,6,d4828,30.822336
q6797,7,d5403,29.287323
q6797,8,d3489,28.925343
q6797,9,d4485,28.314445
q6797,10,d5033,27.596943
q6798,1,d1101,41.953453
q6798,2,d181,31.337255
q6798,3,d6460,28.978231
q6798,4,d3745,27.158911
q6798,5,d1929,25.770735
q6798,6,d3316,25.656515
q6798,7,d5014,23.198336
q6798,8,d7989,23.180445
q6798,9,d6642,22.636381
q6798,10,d2489,22.456821
q6799,1,d1101,46.098434
q6799,2,d2937,45.012363
q6799,3,d2705,44.289486
q6799,4,d4331,37.554119
q6799,5,d3350,36.429790
q6799,6,d1537,31.264969
q6799,7,d4202,30.555555
q6799,8,d4479,29.047123
q6799,9,d4419,29.025717
q6799,10,d3290,28.441574
q6800,1,d4579,152.651443
q6800,2,d6944,123.385017
q6800,3,d4395,118.073944
q6800,4,d388,117.219193
q6800,5,d2444,114.098846
q6800,6,d1047,108.259811
q6800,7,d6676,88.457352
q6800,8,d5257,86.679306
q6800,9,d5912,85.067474
q6800,10,d4078,82.157440
q6801,1,d1101,66.151230
q6801,2,d462,61.202095
q6801,3,d1757,53.299583
q6801,4,d2690,50.369244
q6801,5,d5543,47.540867
q6801,6,d4690,46.860447
q6801,7,d5870,44.622444
q6801,8,d6631,44.614784
q6801,9,d4322,44.364738
q6801,10,d4036,42.157581
q6802,1,d1101,63.167313
q6802,2,d236,47.930771
q6802,3,d4331,45.849220
q6802,4,d5332,38.068214
q6802,5,d2937,35.462139
q6802,6,d2751,32.558025
q6802,7,d7363,31.816730
q6802,8,d6687,31.145103
q6802,9,d2074,30.798429
q6802,10,d8060,30.374954
q6803,1,d4779,111.278984
q6803,2,d1888,93.033592
q6803,3,d5648,89.001343
q6803,4,d1101,87.804680
q6803,5,d649,78.876915
q6803,6,d5995,72.491402
q6803,7,d183,69.446533
q6803,8,d7628,67.142899
q6803,9,d2937,66.059113
q6803,10,d1965,61.971169
q6804,1,d4754,94.516800
q6804,2,d1101,58.349892
q6804,3,d3297,57.421650
q6804,4,d703,45.784035
q6804,5,d4817,35.697578
q6804,6,d47,33.561668
q6804,7,d7155,32.940750
q6804,8,d7249,31.793240
q6804,9,d7743,31.790615
q6804,10,d7410,31.668848
q6805,1,d1101,48.106808
q6805,2,d47,41.475628
q6805,3,d7410,40.878017
q6805,4,d4718,35.472813
q6805,5,d7162,33.844822
q6805,6,d2600,30.008951
q6805,7,d2631,30.008951
q6805,8,d4593,29.765305
q6805,9,d1704,27.693747
q6805,10,d2939,27.389301
q6806,1,d2887,49.598801
q6806,2,d1101,49.467140
q6806,3,d7765,46.502144
q6806,4,d6915,42.930290
q6806,5,d1192,42.680584
q6806,6,d7046,37.971458
q6806,7,d6418,33.245010
q6806,8,d2177,32.465508
q6806,9,d1661,31.684759
q6806,10,d7841,30.758129
q6807,1,d7273,114.145508
q6807,2,d1998,111.243362
q6807,3,d7722,93.121185
q6807,4,d1809,91.198547
q6807,5,d7724,90.291985
q6807,6,d5141,83.544121
q6807,7,d1882,77.044144
q6807,8,d3316,75.510101
q6807,9,d8043,69.802292
q6807,10,d1610,64.744987
q6808,1,d6737,39.470947
q6808,2,d2322,35.861156
q6808,3,d2987,31.253370
q6808,4,d2426,31.026119
q6808,5,d4115,30.203249
q6808,6,d1101,27.718336
q6808,7,d3427,26.849434
q6808,8,d3745,25.521145
q6808,9,d3316,24.207638
q6808,10,d2505,21.663403
q6809,1,d5906,46.276539
q6809,2,d3285,41.273521
q6809,3,d1392,39.475468
q6809,4,d1817,38.019413
q6809,5,d1101,37.756096
q6809,6,d2205,36.315617
q6809,7,d2700,35.844414
q6809,8,d6593,35.595551
q6809,9,d3643,34.790833
q6809,10,d2642,34.393120
q6810,1,d817,165.856094
q6810,2,d7123,121.240395
q6810,3,d6409,102.287262
q6810,4,d1814,86.157753
q6810,5,d1101,67.060562
q6810,6,d1070,47.414547
q6810,7,d2768,42.913635
q6810,8,d8486,41.934490
q6810,9,d8387,41.934490
q6810,10,d7867,40.335541
q6811,1,d2261,32.545441
q6811,2,d7989,28.954334
q6811,3,d406,26.420074
q6811,4,d6163,26.413429
q6811,5,d7074,26.152395
q6811,6,d1789,25.289888
q6811,7,d3898,25.118382
q6811,8,d3121,24.725819
q6811,9,d4180,24.187635
q6811,10,d5972,23.690678
q6812,1,d4907,40.923164
q6812,2,d3569,39.198872
q6812,3,d4668,36.608089
q6812,4,d1101,32.594891
q6812,5,d4574,31.786163
q6812,6,d6642,27.158144
q6812,7,d3932,25.850206
q6812,8,d7410,25.014343
q6812,9,d3018,24.902521
q6812,10,d47,24.234753
q6813,1,d4331,43.016258
q6813,2,d1101,41.177040
q6813,3,d1929,33.722343
q6813,4,d555,32.039753
q6813,5,d5435,30.207556
q6813,6,d7247,28.566435
q6813,7,d3316,27.910301
q6813,8,d2786,27.400097
q6813,9,d3285,27.304817
q6813,10,d4156,26.534998
q6814,1,d1101,49.638161
q6814,2,d6668,30.727127
q6814,3,d2489,28.969496
q6814,4,d5870,26.008181
q6814,5,d2939,25.773430
q6814,6,d5660,25.608902
q6814,7,d4469,25.554314
q6814,8,d2700,25.491179
q6814,9,d6814,23.858528
q6814,10,d1239,23.634436
q6815,1,d6815,125.243111
q6815,2,d7209,96.105148
q6815,3,d1101,88.457458
q6815,4,d2038,79.230431
q6815,5,d5962,67.801666
q6815,6,d687,65.597389
q6815,7,d2441,53.835075
q6815,8,d879,49.648399
q6815,9,d3316,47.888901
q6815,10,d4134,47.299545
q6816,1,d2438,90.540573
q6816,2,d200,88.185738
q6816,3,d5417,68.264336
q6816,4,d4963,64.888779
q6816,5,d3473,62.680820
q6816,6,d314,60.306725
q6816,7,d133,59.855598
q6816,8,d5597,56.855946
q6816,9,d1101,52.860718
q6816,10,d6757,49.929955
q6817,1,d4098,63.473011
q6817,2,d1101,60.749695
q6817,3,d5543,47.293591
q6817,4,d6593,45.625744
q6817,5,d2642,45.538742
q6817,6,d2051,44.270279
q6817,7,d8089,43.463840
q6817,8,d6763,43.419266
q6817,9,d5870,42.056908
q6817,10,d3896,41.373512
q6818,1,d1615,72.414467
q6818,2,d6971,67.786667
q6818,3,d4759,63.987408
q6818,4,d1626,58.668800
q6818,5,d1101,52.212189
q6818,6,d6634,49.750370
q6818,7,d5703,48.223461
q6818,8,d2546,47.056652
q6818,9,d2051,46.827591
q6818,10,d343,46.529156
q6819,1,d1101,49.079834
q6819,2,d4331,26.380749
q6819,3,d3316,23.984283
q6819,4,d5543,23.398470
q6819,5,d8529,23.099125
q6819,6,d2104,22.424658
q6819,7,d6971,22.363302
q6819,8,d47,22.274918
q6819,9,d7410,21.912531
q6819,10,d8060,21.185368
q6820,1,d1101,42.740440
q6820,2,d7989,33.273350
q6820,3,d7642,32.030914
q6820,4,d557,31.741585
q6820,5,d7743,31.393391
q6820,6,d4156,29.069155
q6820,7,d135,28.872587
q6820,8,d1709,27.298798
q6820,9,d2489,27.237806
q6820,10,d2937,27.237146
q6821,1,d1101,83.624031
q6821,2,d5053,59.505611
q6821,3,d5236,59.070477
q6821,4,d7325,58.021706
q6821,5,d6103,55.969269
q6821,6,d2104,53.849106
q6821,7,d2061,52.194225
q6821,8,d865,51.257637
q6821,9,d1337,50.847282
q6821,10,d1748,48.810593
q6822,1,d1101,41.731171
q6822,2,d4331,39.132191
q6822,3,d3107,39.048912
q6822,4,d8612,36.795994
q6822,5,d5543,35.653091
q6822,6,d162,35.603909
q6822,7,d1630,33.156380
q6822,8,d4435,30.787457
q6822,9,d3249,29.229244
q6822,10,d4087,28.614410
q6823,1,d6593,88.893211
q6823,2,d3432,77.507591
q6823,3,d1907,77.054863
q6823,4,d6253,75.018188
q6823,5,d1843,73.797333
q6823,6,d4310,70.419525
q6823,7,d6478,66.279114
q6823,8,d160,66.126755
q6823,9,d7292,65.268082
q6823,10,d5583,64.786858
q6824,1,d1101,48.270874
q6824,2,d2997,43.825771
q6824,3,d4331,39.085747
q6824,4,d3316,38.967098
q6824,5,d837,36.976444
q6824,6,d2937,33.414200
q6824,7,d1929,31.465754
q6824,8,d3217,30.509249
q6824,9,d2700,29.942289
q6824,10,d3350,28.568369
q6825,1,d1101,120.125671
q6825,2,d4828,75.230858
q6825,3,d8663,72.748291
q6825,4,d5965,71.276695
q6825,5,d6561,57.331821
q6825,6,d3316,54.994755
q6825,7,d4036,52.167057
q6825,8,d2937,49.007881
q6825,9,d5870,48.651962
q6825,10,d3896,48.274185
q6826,1,d5675,65.304512
q6826,2,d6465,60.071747
q6826,3,d2086,56.841679
q6826,4,d1671,53.927116
q6826,5,d3457,53.169693
q6826,6,d4979,51.310547
q6826,7,d4165,50.883148
q6826,8,d8024,50.861771
q6826,9,d1478,50.382698
q6826,10,d1516,50.374947
q6827,1,d4331,51.753677
q6827,2,d1537,48.030334
q6827,3,d1627,47.740784
q6827,4,d2705,46.964802
q6827,5,d4479,43.570683
q6827,6,d4419,43.538574
q6827,7,d3233,42.980621
q6827,8,d3350,42.674824
q6827,9,d2469,42.307240
q6827,10,d3848,41.685665
q6828,1,d8529,11.549562
q6828,2,d829,6.072874
q6828,3,d1225,5.861844
q6828,4,d2700,5.636573
q6828,5,d6292,5.348890
q6828,6,d4637,5.342976
q6828,7,d3555,5.190431
q6828,8,d5394,5.015001
q6828,9,d5348,4.989689
q6828,10,d4161,4.758225
q6829,1,d242,86.037354
q6829,2,d5962,63.325829
q6829,3,d7258,47.922359
q6829,4,d7071,47.131283
q6829,5,d5033,46.963665
q6829,6,d1101,45.640045
q6829,7,d6248,41.951778
q6829,8,d6253,40.983250
q6829,9,d8196,40.211521
q6829,10,d4144,39.826370
q6830,1,d3898,104.789604
q6830,2,d4954,89.523132
q6830,3,d2262,85.013741
q6830,4,d4444,83.709694
q6830,5,d2908,75.472610
q6830,6,d4424,73.640511
q6830,7,d4271,72.293564
q6830,8,d2682,67.364853
q6830,9,d3798,66.235909
q6830,10,d153,54.774246
q6831,1,d2546,54.529964
q6831,2,d4983,53.704899
q6831,3,d4868,47.292900
q6831,4,d1799,46.884888
q6831,5,d1626,46.510506
q6831,6,d463,46.145912
q6831,7,d1761,45.829090
q6831,8,d1559,44.222675
q6831,9,d1881,40.372162
q6831,10,d1392,40.301308
q6832,1,d1101,35.505722
q6832,2,d4099,29.473276
q6832,3,d1942,27.418890
q6832,4,d243,25.267769
q6832,5,d4331,24.957895
q6832,6,d2928,23.714403
q6832,7,d1709,21.497177
q6832,8,d4961,21.238857
q6832,9,d7410,20.994467
q6832,10,d2864,20.923855
q6833,1,d1101,99.825027
q6833,2,d5053,80.199692
q6833,3,d7325,71.580376
q6833,4,d5917,67.719055
q6833,5,d6103,67.163124
q6833,6,d2673,65.438141
q6833,7,d5236,63.685989
q6833,8,d7114,63.452934
q6833,9,d865,62.967991
q6833,10,d1737,62.774006
q6834,1,d5460,43.695370
q6834,2,d5477,43.419945
q6834,3,d1101,42.491970
q6834,4,d1657,41.729576
q6834,5,d8229,38.677593
q6834,6,d5053,36.788231
q6834,7,d6384,35.384327
q6834,8,d7325,34.813026
q6834,9,d5236,34.754665
q6834,10,d7989,34.436672
q6835,1,d6384,48.186623
q6835,2,d1101,40.347919
q6835,3,d962,29.489754
q6835,4,d4224,29.133825
q6835,5,d3717,28.963221
q6835,6,d2540,28.363342
q6835,7,d3009,27.152903
q6835,8,d7989,27.143337
q6835,9,d2726,26.903437
q6835,10,d2743,26.443413
q6836,1,d1101,100.753304
q6836,2,d5053,69.923225
q6836,3,d7325,69.626045
q6836,4,d6465,69.527115
q6836,5,d6103,67.163124
q6836,6,d5675,64.171555
q6836,7,d2061,62.633068
q6836,8,d5236,62.633068
q6836,9,d1082,62.160786
q6836,10,d7685,60.121002
q6837,1,d618,78.662437
q6837,2,d2322,61.216286
q6837,3,d1724,58.951126
q6837,4,d6737,57.873451
q6837,5,d3522,49.702930
q6837,6,d1949,48.653786
q6837,7,d8507,48.019028
q6837,8,d4133,47.218616
q6837,9,d3969,46.887970
q6837,10,d2987,46.880058
q6838,1,d1636,59.000706
q6838,2,d3842,54.414589
q6838,3,d3647,50.240170
q6838,4,d1974,47.551662
q6838,5,d4073,47.551662
q6838,6,d4525,46.754761
q6838,7,d1101,46.115707
q6838,8,d1987,45.238506
q6838,9,d722,44.791950
q6838,10,d1630,43.074753
q6839,1,d6899,145.382935
q6839,2,d4378,113.863747
q6839,3,d2700,106.845367
q6839,4,d243,95.111549
q6839,5,d2864,94.226547
q6839,6,d8213,88.915962
q6839,7,d6830,85.387360
q6839,8,d7516,82.509850
q6839,9,d1617,81.388054
q6839,10,d6989,79.366669
q6840,1,d155,90.290672
q6840,2,d4907,81.846344
q6840,3,d3569,78.397743
q6840,4,d3297,78.034767
q6840,5,d4668,73.216187
q6840,6,d1706,67.320656
q6840,7,d4574,66.083321
q6840,8,d6734,63.230740
q6840,9,d3932,58.734371
q6840,10,d4963,53.699821
q6841,1,d4379,67.412300
q6841,2,d1130,52.893898
q6841,3,d7209,49.018925
q6841,4,d1101,48.051613
q6841,5,d5965,46.592216
q6841,6,d6793,45.937801
q6841,7,d1029,42.447582
q6841,8,d7800,41.337051
q6841,9,d3316,38.173908
q6841,10,d3597,37.720741
q6842,1,d1101,47.308609
q6842,2,d7989,32.943813
q6842,3,d4718,30.509577
q6842,4,d4331,29.966419
q6842,5,d5332,28.160074
q6842,6,d3316,27.917912
q6842,7,d447,26.960760
q6842,8,d4379,25.935232
q6842,9,d2600,25.765917
q6842,10,d2631,25.765917
q6843,1,d1101,31.203459
q6843,2,d2679,29.456511
q6843,3,d3705,25.973419
q6843,4,d7410,24.434866
q6843,5,d47,24.335659
q6843,6,d3932,24.153824
q6843,7,d4408,22.802652
q6843,8,d1945,21.302048
q6843,9,d5965,20.709078
q6843,10,d1704,20.389723
q6844,1,d1101,33.514370
q6844,2,d2104,20.881405
q6844,3,d3316,20.490725
q6844,4,d4331,19.407625
q6844,5,d1929,17.736435
q6844,6,d5543,16.125496
q6844,7,d1029,15.398486
q6844,8,d2817,15.226394
q6844,9,d2937,14.976950
q6844,10,d479,14.913218
q6845,1,d1101,43.111870
q6845,2,d4413,33.779781
q6845,3,d1537,31.010857
q6845,4,d2804,30.345940
q6845,5,d4331,28.667500
q6845,6,d5870,28.425396
q6845,7,d2937,28.364697
q6845,8,d3734,26.480789
q6845,9,d4507,26.480789
q6845,10,d1613,26.063719
q6846,1,d8196,68.714600
q6846,2,d6869,57.448486
q6846,3,d1130,46.785408
q6846,4,d4613,44.999538
q6846,5,d1029,44.995228
q6846,6,d254,44.928871
q6846,7,d4135,44.898056
q6846,8,d1070,43.031094
q6846,9,d1640,42.309273
q6846,10,d5095,42.037544
q6847,1,d4784,80.204163
q6847,2,d1101,65.598190
q6847,3,d3328,58.930157
q6847,4,d3316,55.144901
q6847,5,d4331,55.117050
q6847,6,d1929,54.009377
q6847,7,d5606,48.087009
q6847,8,d2937,48.055840
q6847,9,d5611,47.043907
q6847,10,d5435,43.282318
q6848,1,d1101,91.865608
q6848,2,d1799,88.948616
q6848,3,d1559,76.510933
q6848,4,d1665,72.047752
q6848,5,d7217,71.753357
q6848,6,d5635,67.131454
q6848,7,d5263,64.831573
q6848,8,d1615,61.421795
q6848,9,d3744,60.875675
q6848,10,d7161,55.550491
q6849,1,d1101,47.140556
q6849,2,d3639,42.678566
q6849,3,d3943,37.983635
q6849,4,d2700,35.761604
q6849,5,d3144,26.986753
q6849,6,d2841,26.706266
q6849,7,d2489,26.449047
q6849,8,d3297,26.179230
q6849,9,d1029,25.379309
q6849,10,d6998,25.188637
q6850,1,d4331,53.123684
q6850,2,d1101,43.577888
q6850,3,d1677,30.567436
q6850,4,d6476,30.034037
q6850,5,d3830,27.232853
q6850,6,d3835,26.836155
q6850,7,d1627,26.599813
q6850,8,d192,26.285412
q6850,9,d1929,25.169287
q6850,10,d4896,24.251627
q6851,1,d1101,80.584587
q6851,2,d3612,79.772064
q6851,3,d1036,50.225807
q6851,4,d7209,49.018925
q6851,5,d7202,47.422646
q6851,6,d1949,47.021290
q6851,7,d1929,45.523510
q6851,8,d3522,41.302677
q6851,9,d7258,39.723190
q6851,10,d7034,39.373760
q6852,1,d4115,91.668900
q6852,2,d3542,89.617653
q6852,3,d8031,69.849777
q6852,4,d6182,61.884697
q6852,5,d7123,57.004269
q6852,6,d817,55.992191
q6852,7,d5834,54.831474
q6852,8,d1101,54.682175
q6852,9,d5543,49.568588
q6852,10,d1070,45.934769
q6853,1,d2215,66.136131
q6853,2,d2172,62.366646
q6853,3,d1847,60.844780
q6853,4,d1851,60.776897
q6853,5,d1952,59.368027
q6853,6,d1908,59.011360
q6853,7,d1880,58.141029
q6853,8,d7743,57.330196
q6853,9,d1826,55.640503
q6853,10,d1901,55.634499
q6854,1,d1101,74.715134
q6854,2,d6384,68.760674
q6854,3,d6971,67.675926
q6854,4,d3783,62.091717
q6854,5,d7352,61.332390
q6854,6,d447,61.089390
q6854,7,d3896,60.940361
q6854,8,d5870,57.149918
q6854,9,d3316,57.013393
q6854,10,d410,56.748619
q6855,1,d2154,82.874786
q6855,2,d5053,81.577095
q6855,3,d7325,81.230385
q6855,4,d6103,78.356972
q6855,5,d258,77.372940
q6855,6,d7534,74.686440
q6855,7,d1101,74.547020
q6855,8,d1791,74.425262
q6855,9,d1317,73.209366
q6855,10,d2061,73.071915
q6856,1,d7209,108.610428
q6856,2,d1613,93.262253
q6856,3,d1101,73.498184
q6856,4,d281,68.959900
q6856,5,d4171,67.992599
q6856,6,d4588,67.063347
q6856,7,d3825,63.952148
q6856,8,d1722,62.418282
q6856,9,d2559,59.875919
q6856,10,d4199,58.498707
q6857,1,d3002,73.349274
q6857,2,d152,68.733986
q6857,3,d4099,63.858765
q6857,4,d2771,50.383110
q6857,5,d3524,49.122128
q6857,6,d2758,45.654980
q6857,7,d4845,42.825001
q6857,8,d243,38.399902
q6857,9,d1101,36.259468
q6857,10,d1626,35.404495
q6858,1,d242,46.096554
q6858,2,d8158,41.144176
q6858,3,d2361,33.811882
q6858,4,d1770,32.395126
q6858,5,d1791,31.433659
q6858,6,d1101,29.004183
q6858,7,d7505,27.499126
q6858,8,d7631,27.404287
q6858,9,d5033,26.524702
q6858,10,d3661,26.308817
q6859,1,d1101,39.368885
q6859,2,d3107,30.941658
q6859,3,d7051,29.346367
q6859,4,d1929,29.124596
q6859,5,d6490,28.036041
q6859,6,d4171,26.420732
q6859,7,d1082,26.023073
q6859,8,d6384,25.724056
q6859,9,d5954,25.453482
q6859,10,d1145,24.833185
q6860,1,d1101,32.172348
q6860,2,d1929,25.824181
q6860,3,d4731,24.105639
q6860,4,d1709,21.693172
q6860,5,d3316,21.418865
q6860,6,d4576,21.210060
q6860,7,d3694,19.264366
q6860,8,d3345,18.840641
q6860,9,d956,18.707195
q6860,10,d4951,18.580545
q6861,1,d2489,36.602760
q6861,2,d1101,30.757030
q6861,3,d7989,29.787043
q6861,4,d135,28.077621
q6861,5,d4308,27.704884
q6861,6,d4149,27.431068
q6861,7,d3745,27.326242
q6861,8,d4230,27.058998
q6861,9,d1929,26.853571
q6861,10,d3590,24.273781
q6862,1,d804,95.576302
q6862,2,d8527,81.025803
q6862,3,d2500,79.635124
q6862,4,d6862,78.114670
q6862,5,d1794,77.464211
q6862,6,d8549,75.762505
q6862,7,d6960,74.015984
q6862,8,d1101,72.624092
q6862,9,d3799,72.274963
q6862,10,d4395,68.356934
q6863,1,d2818,91.097473
q6863,2,d6971,85.205482
q6863,3,d405,84.961052
q6863,4,d4346,81.831093
q6863,5,d6717,75.902832
q6863,6,d5386,74.197464
q6863,7,d316,74.061447
q6863,8,d4863,73.655632
q6863,9,d6276,72.969048
q6863,10,d6398,72.348930
q6864,1,d3859,69.627457
q6864,2,d4610,42.708126
q6864,3,d3262,39.523758
q6864,4,d168,38.218849
q6864,5,d7155,37.664261
q6864,6,d1765,31.635635
q6864,7,d3639,30.401541
q6864,8,d3929,29.936146
q6864,9,d996,29.838924
q6864,10,d1269,29.175718
q6865,1,d1101,36.226044
q6865,2,d7743,22.907291
q6865,3,d3145,19.579514
q6865,4,d2489,18.727047
q6865,5,d2622,17.683762
q6865,6,d479,17.245121
q6865,7,d476,17.137089
q6865,8,d8529,17.058762
q6865,9,d47,17.041027
q6865,10,d7410,16.813206
q6866,1,d1630,57.432938
q6866,2,d1101,46.918663
q6866,3,d3798,41.137066
q6866,4,d6384,41.118328
q6866,5,d6866,40.385494
q6866,6,d7018,37.696148
q6866,7,d443,32.868698
q6866,8,d7989,32.700584
q6866,9,d2762,31.835209
q6866,10,d7410,31.203539
q6867,1,d8529,57.747818
q6867,2,d1101,50.506245
q6867,3,d4331,50.428268
q6867,4,d7209,48.245838
q6867,5,d2818,38.586632
q6867,6,d152,38.214745
q6867,7,d3316,35.584347
q6867,8,d1929,32.771801
q6867,9,d3783,32.101269
q6867,10,d135,30.827948
q6868,1,d1632,44.373665
q6868,2,d7989,42.166164
q6868,3,d2540,40.692871
q6868,4,d6384,39.801846
q6868,5,d1101,38.652428
q6868,6,d2762,37.048702
q6868,7,d895,36.051071
q6868,8,d7971,35.165962
q6868,9,d3783,35.110867
q6868,10,d4224,34.905987
q6869,1,d2972,53.170788
q6869,2,d6465,51.590694
q6869,3,d5053,51.513309
q6869,4,d1101,47.315422
q6869,5,d7325,46.417366
q6869,6,d5236,46.246429
q6869,7,d6103,44.775414
q6869,8,d4156,43.675064
q6869,9,d2061,41.755383
q6869,10,d6540,40.913559
q6870,1,d1101,58.882397
q6870,2,d447,36.786091
q6870,3,d3316,32.026978
q6870,4,d4331,29.430527
q6870,5,d5053,29.134678
q6870,6,d7325,29.010857
q6870,7,d6103,27.984631
q6870,8,d5236,27.243158
q6870,9,d152,26.501600
q6870,10,d4659,26.346310
q6871,1,d2411,99.047272
q6871,2,d2555,94.120323
q6871,3,d2688,93.911476
q6871,4,d4240,93.191399
q6871,5,d4448,92.760033
q6871,6,d2840,91.437012
q6871,7,d2754,87.803223
q6871,8,d7716,87.609642
q6871,9,d3169,86.411629
q6871,10,d4336,86.221687
q6872,1,d3378,113.299026
q6872,2,d3270,98.032829
q6872,3,d257,96.767029
q6872,4,d2681,94.972542
q6872,5,d220,86.743706
q6872,6,d5965,84.633476
q6872,7,d2884,77.030022
q6872,8,d4527,77.016098
q6872,9,d5602,75.370987
q6872,10,d695,73.183594
q6873,1,d158,24.668840
q6873,2,d1787,24.668709
q6873,3,d692,23.396681
q6873,4,d5181,21.262415
q6873,5,d1029,21.174541
q6873,6,d1739,21.091129
q6873,7,d1862,19.146761
q6873,8,d3345,18.824934
q6873,9,d5058,18.658386
q6873,10,d3316,18.514519
q6874,1,d817,91.949165
q6874,2,d6409,91.678177
q6874,3,d1814,74.670052
q6874,4,d7123,57.620693
q6874,5,d1101,45.521774
q6874,6,d5965,44.778446
q6874,7,d5870,34.729858
q6874,8,d8060,34.727917
q6874,9,d4036,33.717262
q6874,10,d3896,32.550240
q6875,1,d2972,46.055363
q6875,2,d3216,41.525932
q6875,3,d2827,38.872650
q6875,4,d2722,35.863434
q6875,5,d3225,35.182545
q6875,6,d1101,22.691393
q6875,7,d3068,22.627569
q6875,8,d2104,19.287737
q6875,9,d3602,18.523516
q6875,10,d4896,18.386049
q6876,1,d1862,42.181511
q6876,2,d6876,39.476845
q6876,3,d3522,38.994431
q6876,4,d1787,38.107101
q6876,5,d4025,37.884712
q6876,6,d1348,36.973167
q6876,7,d1964,36.008537
q6876,8,d8196,35.281895
q6876,9,d1101,34.914139
q6876,10,d5058,34.555168
q6877,1,d236,50.498161
q6877,2,d4896,46.367767
q6877,3,d2154,43.801903
q6877,4,d897,40.298943
q6877,5,d8529,40.126911
q6877,6,d5113,40.089653
q6877,7,d2186,38.687656
q6877,8,d5609,38.227432
q6877,9,d6985,38.099308
q6877,10,d2751,37.984364
q6878,1,d1101,59.535019
q6878,2,d4331,54.320759
q6878,3,d2469,43.452499
q6878,4,d2705,41.291275
q6878,5,d4486,40.619484
q6878,6,d3350,39.338711
q6878,7,d3609,36.436260
q6878,8,d2937,36.105221
q6878,9,d1626,34.467148
q6878,10,d4479,33.888309
q6879,1,d1101,63.394501
q6879,2,d5978,53.779087
q6879,3,d1615,51.498718
q6879,4,d7989,51.346684
q6879,5,d3464,44.542908
q6879,6,d201,43.716309
q6879,7,d3109,43.594517
q6879,8,d7983,42.872776
q6879,9,d1559,42.518410
q6879,10,d3744,42.008156
q6880,1,d242,74.865852
q6880,2,d2781,58.818520
q6880,3,d2642,31.973654
q6880,4,d1101,31.175457
q6880,5,d5870,28.500801
q6880,6,d2251,27.828424
q6880,7,d1653,27.675182
q6880,8,d5033,26.524702
q6880,9,d1649,25.995119
q6880,10,d2051,25.392496
q6881,1,d192,49.475208
q6881,2,d3409,44.380760
q6881,3,d3658,40.432899
q6881,4,d1836,38.641685
q6881,5,d3016,37.932098
q6881,6,d5473,37.378632
q6881,7,d4250,36.550747
q6881,8,d135,36.378143
q6881,9,d2785,35.166958
q6881,10,d400,34.661926
q6882,1,d4785,69.419250
q6882,2,d3155,66.775208
q6882,3,d1107,66.222946
q6882,4,d2563,65.942085
q6882,5,d503,65.933327
q6882,6,d1983,63.705139
q6882,7,d1959,59.744053
q6882,8,d1755,59.324326
q6882,9,d4755,57.626591
q6882,10,d821,56.235561
q6883,1,d3458,102.988823
q6883,2,d1101,77.136086
q6883,3,d481,64.394905
q6883,4,d6361,62.679375
q6883,5,d293,60.920929
q6883,6,d8701,54.057606
q6883,7,d2702,53.992985
q6883,8,d6638,53.735546
q6883,9,d436,52.637608
q6883,10,d2051,49.703625
q6884,1,d1101,82.880730
q6884,2,d5716,59.964977
q6884,3,d7121,59.582699
q6884,4,d224,50.290817
q6884,5,d3489,50.238926
q6884,6,d389,49.475365
q6884,7,d1730,48.795254
q6884,8,d4766,46.812077
q6884,9,d7201,46.770306
q6884,10,d356,46.460281
q6885,1,d463,120.099037
q6885,2,d6499,109.563538
q6885,3,d6885,98.570251
q6885,4,d1101,87.675430
q6885,5,d2685,54.300869
q6885,6,d5995,50.971706
q6885,7,d2104,50.673515
q6885,8,d8535,50.560444
q6885,9,d6971,50.073845
q6885,10,d4272,48.770508
q6886,1,d1101,22.043318
q6886,2,d1983,19.526695
q6886,3,d8432,17.385128
q6886,4,d1755,16.691923
q6886,5,d2563,16.562313
q6886,6,d7579,16.535221
q6886,7,d2078,16.326410
q6886,8,d3989,16.213314
q6886,9,d1107,16.199862
q6886,10,d4171,16.051500
q6887,1,d3213,39.485874
q6887,2,d8510,35.430088
q6887,3,d3559,33.510437
q6887,4,d3954,31.654213
q6887,5,d4309,29.143341
q6887,6,d4537,28.992836
q6887,7,d2755,28.765575
q6887,8,d2446,28.467310
q6887,9,d3301,28.432774
q6887,10,d3842,26.922955
q6888,1,d4779,84.208847
q6888,2,d1101,72.155380
q6888,3,d1888,68.105423
q6888,4,d5648,66.581810
q6888,5,d1748,64.150383
q6888,6,d6255,59.361290
q6888,7,d7875,53.083454
q6888,8,d2937,49.813065
q6888,9,d4027,47.147686
q6888,10,d4395,45.538452
q6889,1,d6889,107.454063
q6889,2,d6316,56.354702
q6889,3,d7287,55.498135
q6889,4,d1955,52.151989
q6889,5,d1101,50.232399
q6889,6,d4409,47.649345
q6889,7,d1107,37.348309
q6889,8,d7155,36.037708
q6889,9,d4779,35.422375
q6889,10,d6594,35.246677
q6890,1,d4473,64.581467
q6890,2,d4017,60.127419
q6890,3,d4129,44.507950
q6890,4,d1101,43.610493
q6890,5,d1782,41.156258
q6890,6,d4174,39.229370
q6890,7,d7140,34.698509
q6890,8,d463,32.480671
q6890,9,d8022,32.444157
q6890,10,d4331,31.857876
q6891,1,d1101,53.762051
q6891,2,d2489,45.291924
q6891,3,d1058,41.843369
q6891,4,d400,40.513363
q6891,5,d4149,40.296665
q6891,6,d4308,40.177074
q6891,7,d3590,38.356602
q6891,8,d192,38.083130
q6891,9,d135,38.082451
q6891,10,d311,37.157078
q6892,1,d1130,133.476456
q6892,2,d6163,106.430763
q6892,3,d2193,91.763672
q6892,4,d1720,75.089584
q6892,5,d4357,72.990814
q6892,6,d3682,72.782578
q6892,7,d3447,72.606171
q6892,8,d1628,71.588219
q6892,9,d8757,71.137291
q6892,10,d4040,70.335030
q6893,1,d1795,144.273697
q6893,2,d1101,75.607231
q6893,3,d4289,60.713421
q6893,4,d3710,57.908535
q6893,5,d4827,56.418274
q6893,6,d1704,56.297741
q6893,7,d2937,51.876801
q6893,8,d3015,49.122128
q6893,9,d5965,41.843796
q6893,10,d4032,41.361443
q6894,1,d1392,35.844334
q6894,2,d1925,32.320076
q6894,3,d2642,29.468180
q6894,4,d1101,26.079988
q6894,5,d6593,25.915655
q6894,6,d2700,25.896500
q6894,7,d4422,25.712368
q6894,8,d2489,25.326399
q6894,9,d6815,25.277422
q6894,10,d3378,24.741028
q6895,1,d4017,102.876801
q6895,2,d1881,77.949844
q6895,3,d1392,76.201340
q6895,4,d2754,72.729340
q6895,5,d4983,70.114594
q6895,6,d4593,69.884544
q6895,7,d8352,68.661407
q6895,8,d1227,62.874538
q6895,9,d1799,62.155945
q6895,10,d4174,61.993427
q6896,1,d1101,43.841713
q6896,2,d3643,36.465759
q6896,3,d3616,35.597355
q6896,4,d5053,34.961613
q6896,5,d7325,34.813026
q6896,6,d6103,33.581558
q6896,7,d7521,33.483719
q6896,8,d2695,33.217300
q6896,9,d1748,33.096115
q6896,10,d2588,32.895065
q6897,1,d1799,73.974701
q6897,2,d1559,71.053574
q6897,3,d1881,65.928680
q6897,4,d5635,48.822876
q6897,5,d5263,47.150234
q6897,6,d7217,46.793385
q6897,7,d463,46.305172
q6897,8,d1392,45.169521
q6897,9,d4983,44.087589
q6897,10,d7161,40.400356
q6898,1,d3559,54.725250
q6898,2,d475,49.855217
q6898,3,d2754,49.757992
q6898,4,d8707,49.247715
q6898,5,d3530,47.231369
q6898,6,d7333,46.998638
q6898,7,d2976,43.956551
q6898,8,d4309,42.788929
q6898,9,d3213,42.570705
q6898,10,d3954,40.900402
q6899,1,d6899,109.232109
q6899,2,d4878,32.495243
q6899,3,d3228,26.849064
q6899,4,d4358,26.383509
q6899,5,d4273,26.383509
q6899,6,d4598,25.499220
q6899,7,d1101,24.835587
q6899,8,d2776,23.585201
q6899,9,d1170,22.776199
q6899,10,d4924,19.601089
q6900,1,d5053,82.801552
q6900,2,d7325,81.230385
q6900,3,d6103,78.356972
q6900,4,d5236,74.217957
q6900,5,d2061,73.071915
q6900,6,d6540,65.562859
q6900,7,d1101,61.558376
q6900,8,d6397,61.073704
q6900,9,d6935,61.067509
q6900,10,d6235,59.924786
q6901,1,d1101,53.809151
q6901,2,d47,47.543777
q6901,3,d7410,46.257000
q6901,4,d4288,45.705521
q6901,5,d5332,42.993626
q6901,6,d1063,41.432350
q6901,7,d4260,41.181568
q6901,8,d4675,40.922512
q6901,9,d4718,40.890953
q6901,10,d2802,40.326607
q6902,1,d4268,47.577610
q6902,2,d6713,47.293400
q6902,3,d5965,42.964680
q6902,4,d1101,42.861359
q6902,5,d2972,42.416183
q6902,6,d7162,40.634850
q6902,7,d2937,36.458855
q6902,8,d5660,35.437714
q6902,9,d4156,35.383739
q6902,10,d5870,33.849545
q6903,1,d1716,54.770836
q6903,2,d1101,43.284126
q6903,3,d3810,39.141422
q6903,4,d1942,35.803677
q6903,5,d3954,33.672073
q6903,6,d3842,32.400627
q6903,7,d3844,31.964760
q6903,8,d2755,31.937500
q6903,9,d4930,31.935068
q6903,10,d7410,31.903042
q6904,1,d1814,86.155037
q6904,2,d5922,60.884106
q6904,3,d4666,56.739651
q6904,4,d2598,56.200134
q6904,5,d3506,54.899422
q6904,6,d1786,54.391560
q6904,7,d1716,54.300533
q6904,8,d490,54.051762
q6904,9,d4990,53.428169
q6904,10,d2837,53.242676
q6905,1,d1795,108.205269
q6905,2,d5947,65.418449
q6905,3,d1101,42.950012
q6905,4,d152,42.435257
q6905,5,d2937,40.841572
q6905,6,d8227,40.289261
q6905,7,d5606,40.098732
q6905,8,d6905,38.787056
q6905,9,d3781,34.614689
q6905,10,d5611,34.094753
q6906,1,d1101,77.748184
q6906,2,d1986,59.523304
q6906,3,d1936,58.220749
q6906,4,d7630,57.196796
q6906,5,d4932,56.213028
q6906,6,d2148,55.123669
q6906,7,d5965,55.003700
q6906,8,d2641,54.100971
q6906,9,d1761,54.098972
q6906,10,d5543,53.437603
q6907,1,d2261,32.545441
q6907,2,d3898,31.080597
q6907,3,d6163,26.413429
q6907,4,d7074,26.152395
q6907,5,d1101,25.921808
q6907,6,d1789,25.289888
q6907,7,d3121,24.725819
q6907,8,d7989,24.698141
q6907,9,d4180,24.187635
q6907,10,d2937,24.074684
q6908,1,d4331,51.948261
q6908,2,d1101,50.334335
q6908,3,d2469,39.546921
q6908,4,d189,37.804535
q6908,5,d5940,37.392166
q6908,6,d3960,37.167301
q6908,7,d3316,36.257908
q6908,8,d6825,36.200371
q6908,9,d3285,33.260471
q6908,10,d2126,32.727592
q6909,1,d1047,64.455109
q6909,2,d7734,64.270752
q6909,3,d7162,63.750580
q6909,4,d1101,62.939964
q6909,5,d6574,62.485023
q6909,6,d7521,61.386818
q6909,7,d3025,59.701717
q6909,8,d3616,55.272850
q6909,9,d4329,54.184052
q6909,10,d5870,52.606079
q6910,1,d6415,160.513351
q6910,2,d6593,135.666092
q6910,3,d498,93.796646
q6910,4,d5819,93.292160
q6910,5,d6386,92.871742
q6910,6,d5382,92.034462
q6910,7,d6687,88.190422
q6910,8,d6465,85.905235
q6910,9,d6783,84.272919
q6910,10,d5611,83.704552
q6911,1,d3918,50.541691
q6911,2,d3411,46.318203
q6911,3,d3193,31.718187
q6911,4,d4907,26.084921
q6911,5,d1101,25.933401
q6911,6,d1716,25.784901
q6911,7,d7133,22.665337
q6911,8,d1925,20.441711
q6911,9,d2919,19.530571
q6911,10,d7410,19.496595
q6912,1,d5460,46.437592
q6912,2,d962,38.748207
q6912,3,d953,36.104797
q6912,4,d1117,35.690887
q6912,5,d1101,35.026394
q6912,6,d2104,34.739655
q6912,7,d4546,32.380943
q6912,8,d4824,31.430754
q6912,9,d5184,31.074867
q6912,10,d5236,30.495047
q6913,1,d1101,68.805916
q6913,2,d3898,67.624519
q6913,3,d287,42.727009
q6913,4,d1737,41.891022
q6913,5,d4226,35.326962
q6913,6,d4493,33.209232
q6913,7,d865,31.782595
q6913,8,d1337,28.412130
q6913,9,d2104,28.039557
q6913,10,d1044,27.949507
q6914,1,d1101,67.406128
q6914,2,d2489,61.200703
q6914,3,d1737,59.519333
q6914,4,d3316,57.071560
q6914,5,d3285,55.932579
q6914,6,d3898,55.214737
q6914,7,d3409,50.032032
q6914,8,d2785,49.943089
q6914,9,d1029,49.427937
q6914,10,d4230,49.290779
q6915,1,d5236,41.120129
q6915,2,d5053,40.788548
q6915,3,d7325,40.615196
q6915,4,d6103,39.178486
q6915,5,d6540,37.903599
q6915,6,d2061,36.535961
q6915,7,d1748,35.793568
q6915,8,d6935,32.961433
q6915,9,d6397,30.536850
q6915,10,d893,30.287241
q6916,1,d1101,46.617157
q6916,2,d7989,40.903439
q6916,3,d201,37.354652
q6916,4,d3109,36.984688
q6916,5,d6717,35.421322
q6916,6,d5978,34.260113
q6916,7,d6398,33.762833
q6916,8,d8627,33.753109
q6916,9,d6464,33.746624
q6916,10,d618,33.154205
q6917,1,d5053,46.615482
q6917,2,d7325,46.417366
q6917,3,d1101,45.074482
q6917,4,d6103,44.775414
q6917,5,d5236,42.901424
q6917,6,d2061,41.755383
q6917,7,d6397,37.717171
q6917,8,d6540,36.889645
q6917,9,d8529,34.648689
q6917,10,d6235,34.242733
q6918,1,d1287,93.301346
q6918,2,d3458,75.800163
q6918,3,d7492,66.179932
q6918,4,d6304,64.071823
q6918,5,d1101,59.715534
q6918,6,d5053,58.269352
q6918,7,d7325,58.021706
q6918,8,d6540,57.362373
q6918,9,d6103,55.969269
q6918,10,d5236,55.632351
q6919,1,d561,72.988945
q6919,2,d4378,67.734352
q6919,3,d8637,64.856041
q6919,4,d6668,64.479324
q6919,5,d7246,64.015526
q6919,6,d8390,58.962688
q6919,7,d5229,57.799068
q6919,8,d1527,57.737957
q6919,9,d320,57.669991
q6919,10,d4914,56.864780
q6920,1,d4954,56.261913
q6920,2,d1789,43.879536
q6920,3,d2594,38.255009
q6920,4,d629,37.801655
q6920,5,d1799,37.479622
q6920,6,d1118,33.840961
q6920,7,d4322,32.705479
q6920,8,d6163,32.643124
q6920,9,d5635,32.614285
q6920,10,d2240,32.251049
q6921,1,d7162,79.577911
q6921,2,d4348,70.014534
q6921,3,d645,69.330276
q6921,4,d4163,64.508247
q6921,5,d5957,63.666370
q6921,6,d1098,62.436722
q6921,7,d1806,57.510475
q6921,8,d1686,52.083580
q6921,9,d190,50.511856
q6921,10,d1101,39.686470
q6922,1,d4027,58.570587
q6922,2,d5053,46.615482
q6922,3,d7325,46.417366
q6922,4,d6103,44.775414
q6922,5,d5236,44.047466
q6922,6,d1101,42.497902
q6922,7,d2061,41.755383
q6922,8,d6676,37.273514
q6922,9,d6540,36.889645
q6922,10,d1227,36.729931
q6923,1,d8527,51.232658
q6923,2,d2500,49.982815
q6923,3,d3799,45.207020
q6923,4,d4395,45.201065
q6923,5,d250,43.593971
q6923,6,d1784,43.551804
q6923,7,d6960,42.123474
q6923,8,d7969,38.468166
q6923,9,d4993,35.621483
q6923,10,d1782,35.599869
q6924,1,d7155,21.265219
q6924,2,d2979,21.065598
q6924,3,d5965,18.429930
q6924,4,d2410,17.918568
q6924,5,d1101,17.308170
q6924,6,d1929,16.823784
q6924,7,d1640,16.683582
q6924,8,d308,16.557652
q6924,9,d2505,15.697015
q6924,10,d4115,15.559472
q6925,1,d4331,27.076353
q6925,2,d5901,20.861851
q6925,3,d1029,19.461266
q6925,4,d2361,19.021757
q6925,5,d6431,18.359604
q6925,6,d242,18.357971
q6925,7,d8646,18.113270
q6925,8,d8158,17.976284
q6925,9,d1108,17.436529
q6925,10,d6372,16.758789
q6926,1,d5513,43.986805
q6926,2,d4411,40.100365
q6926,3,d4277,39.139427
q6926,4,d1395,38.908352
q6926,5,d6844,37.626469
q6926,6,d2038,37.358425
q6926,7,d2794,37.201660
q6926,8,d1332,36.380184
q6926,9,d6210,35.952843
q6926,10,d3382,35.644577
q6927,1,d1101,63.335579
q6927,2,d194,60.092407
q6927,3,d1859,58.290016
q6927,4,d2215,52.654510
q6927,5,d6025,52.082184
q6927,6,d5954,47.527477
q6927,7,d447,43.427235
q6927,8,d2104,43.274002
q6927,9,d3258,42.040028
q6927,10,d6384,41.708557
q6928,1,d7521,67.925262
q6928,2,d3025,59.701717
q6928,3,d6574,57.121765
q6928,4,d3616,55.272850
q6928,5,d1101,50.609062
q6928,6,d4329,50.568691
q6928,7,d5087,46.650887
q6928,8,d7133,45.937889
q6928,9,d305,39.709919
q6928,10,d5870,37.147076
q6929,1,d1881,109.385529
q6929,2,d1799,108.167839
q6929,3,d1559,101.248695
q6929,4,d3625,80.475761
q6929,5,d1727,78.493103
q6929,6,d4069,73.408211
q6929,7,d4983,72.011414
q6929,8,d1392,71.186760
q6929,9,d7505,70.924805
q6929,10,d463,70.647552
q6930,1,d1101,53.208580
q6930,2,d1929,25.682550
q6930,3,d47,25.337505
q6930,4,d7410,25.081635
q6930,5,d481,23.811628
q6930,6,d7743,23.628878
q6930,7,d4331,23.189178
q6930,8,d2099,23.182646
q6930,9,d3694,22.404667
q6930,10,d846,21.830200
q6931,1,d1101,55.298809
q6931,2,d3842,55.173103
q6931,3,d1636,54.083981
q6931,4,d1630,51.088928
q6931,5,d4525,50.286442
q6931,6,d1248,47.403149
q6931,7,d4073,43.589024
q6931,8,d1974,43.589024
q6931,9,d4331,41.761230
q6931,10,d1987,41.468632
q6932,1,d8527,95.560234
q6932,2,d1794,92.737701
q6932,3,d1101,91.758774
q6932,4,d2500,85.032600
q6932,5,d6960,77.258835
q6932,6,d4395,76.430916
q6932,7,d8549,72.970795
q6932,8,d3799,72.509132
q6932,9,d1784,70.640305
q6932,10,d7969,69.766960
q6933,1,d6933,199.667023
q6933,2,d6578,72.313011
q6933,3,d4413,63.889812
q6933,4,d3062,57.282169
q6933,5,d1613,48.936115
q6933,6,d1849,45.384663
q6933,7,d4968,45.103584
q6933,8,d4402,44.275566
q6933,9,d3297,36.039909
q6933,10,d3472,32.551910
q6934,1,d1101,53.196327
q6934,2,d658,48.240833
q6934,3,d476,47.693226
q6934,4,d1615,47.542130
q6934,5,d1835,47.371609
q6934,6,d2702,43.798130
q6934,7,d4552,43.655117
q6934,8,d3555,42.810593
q6934,9,d7983,41.878803
q6934,10,d4954,41.186359
q6935,1,d1294,32.822994
q6935,2,d5551,32.601044
q6935,3,d1101,31.591293
q6935,4,d7672,31.077797
q6935,5,d1077,29.648817
q6935,6,d18,29.268539
q6935,7,d6977,27.365334
q6935,8,d2084,27.180229
q6935,9,d1537,26.177654
q6935,10,d4331,26.137970
q6936,1,d4392,102.821022
q6936,2,d4907,102.571373
q6936,3,d3569,87.790436
q6936,4,d278,86.505867
q6936,5,d4574,86.494431
q6936,6,d4668,78.475151
q6936,7,d1101,75.722404
q6936,8,d2673,72.886993
q6936,9,d5277,71.761543
q6936,10,d3317,71.625916
q6937,1,d1101,52.198917
q6937,2,d5053,46.615482
q6937,3,d7325,46.417366
q6937,4,d6103,44.775414
q6937,5,d5236,42.901424
q6937,6,d2061,41.755383
q6937,7,d4331,38.335522
q6937,8,d6540,36.889645
q6937,9,d6397,34.899258
q6937,10,d6235,34.242733
q6938,1,d5053,72.395744
q6938,2,d7325,69.626045
q6938,3,d4331,68.576149
q6938,4,d4419,67.424858
q6938,5,d6103,67.163124
q6938,6,d5236,66.071198
q6938,7,d2061,62.633068
q6938,8,d1537,61.891109
q6938,9,d1287,61.153973
q6938,10,d4479,58.094242
q6939,1,d1101,49.277828
q6939,2,d7710,37.069412
q6939,3,d8017,36.917385
q6939,4,d7606,36.765347
q6939,5,d4331,34.565411
q6939,6,d2923,34.527538
q6939,7,d3287,33.207924
q6939,8,d8701,30.974928
q6939,9,d3316,30.749083
q6939,10,d2937,29.842752
q6940,1,d3464,55.194077
q6940,2,d7983,33.141468
q6940,3,d3459,31.596233
q6940,4,d1615,29.993454
q6940,5,d1121,29.602036
q6940,6,d5870,28.134804
q6940,7,d7126,27.108749
q6940,8,d4174,27.046253
q6940,9,d4981,26.796938
q6940,10,d1101,25.988817
q6941,1,d5965,67.931511
q6941,2,d1101,67.431877
q6941,3,d3896,54.749458
q6941,4,d5870,54.732704
q6941,5,d4036,51.511856
q6941,6,d4963,50.604004
q6941,7,d6631,48.772114
q6941,8,d543,48.732506
q6941,9,d3267,47.811729
q6941,10,d1118,47.641724
q6942,1,d1101,37.086239
q6942,2,d3720,23.994743
q6942,3,d47,23.982471
q6942,4,d7410,23.508364
q6942,5,d4718,23.366467
q6942,6,d5551,22.671585
q6942,7,d555,22.246529
q6942,8,d5332,22.117477
q6942,9,d3297,21.826469
q6942,10,d4331,21.779730
q6943,1,d1101,66.990822
q6943,2,d2154,61.179707
q6943,3,d1225,51.917210
q6943,4,d5236,51.799191
q6943,5,d5053,48.442097
q6943,6,d7325,46.417366
q6943,7,d6103,44.775414
q6943,8,d865,43.804634
q6943,9,d4107,42.480804
q6943,10,d2061,41.755383
q6944,1,d6944,146.018936
q6944,2,d3417,131.153931
q6944,3,d609,129.569000
q6944,4,d4847,128.037903
q6944,5,d5713,125.660095
q6944,6,d3650,113.044434
q6944,7,d2991,108.532341
q6944,8,d4294,106.761360
q6944,9,d4390,106.713524
q6944,10,d3297,105.309883
q6945,1,d6945,61.020176
q6945,2,d4085,42.879757
q6945,3,d251,38.546593
q6945,4,d7155,30.077703
q6945,5,d1101,28.063271
q6945,6,d5599,24.546034
q6945,7,d6497,23.319790
q6945,8,d3316,23.265461
q6945,9,d5870,22.054064
q6945,10,d4712,21.754436
q6946,1,d5606,55.102570
q6946,2,d3150,53.435871
q6946,3,d2630,52.459038
q6946,4,d1101,50.497860
q6946,5,d2588,50.483723
q6946,6,d2206,48.583622
q6946,7,d2919,48.272945
q6946,8,d5675,48.219868
q6946,9,d3643,47.155312
q6946,10,d236,46.831112
q6947,1,d7209,74.688019
q6947,2,d6253,62.647568
q6947,3,d1101,58.686089
q6947,4,d1859,54.962700
q6947,5,d6343,54.505798
q6947,6,d1287,52.774132
q6947,7,d5954,52.258095
q6947,8,d6025,51.683121
q6947,9,d6490,51.104828
q6947,10,d7682,50.120125
q6948,1,d1101,74.585213
q6948,2,d7325,61.930374
q6948,3,d561,60.427036
q6948,4,d5053,60.095966
q6948,5,d4378,58.044708
q6948,6,d1527,58.018490
q6948,7,d2284,57.806328
q6948,8,d7246,56.981224
q6948,9,d6103,55.969269
q6948,10,d5236,55.632351
q6949,1,d930,94.205536
q6949,2,d7108,90.711624
q6949,3,d4378,89.806702
q6949,4,d1435,88.302818
q6949,5,d6133,87.844788
q6949,6,d5529,87.010719
q6949,7,d1297,82.150818
q6949,8,d561,76.907143
q6949,9,d6188,75.881805
q6949,10,d2172,74.044243
q6950,1,d4463,59.242111
q6950,2,d3258,56.493946
q6950,3,d7493,50.629078
q6950,4,d1101,48.750717
q6950,5,d3399,44.721012
q6950,6,d2762,44.687702
q6950,7,d5543,42.907700
q6950,8,d6384,42.023811
q6950,9,d1859,41.522598
q6950,10,d4435,41.049942
q6951,1,d273,111.236877
q6951,2,d3898,105.070717
q6951,3,d6619,100.568611
q6951,4,d287,84.830383
q6951,5,d1866,70.248337
q6951,6,d7672,70.082870
q6951,7,d4026,65.826065
q6951,8,d4226,65.607208
q6951,9,d2676,63.452881
q6951,10,d1101,61.065376
q6952,1,d7155,83.203720
q6952,2,d1101,50.836952
q6952,3,d24,42.384979
q6952,4,d5599,40.824337
q6952,5,d5870,40.444603
q6952,6,d5965,38.653072
q6952,7,d4759,38.401588
q6952,8,d3896,36.000580
q6952,9,d6631,35.356380
q6952,10,d4036,34.867958
q6953,1,d3980,102.262245
q6953,2,d2104,96.799385
q6953,3,d4881,91.456284
q6953,4,d1101,82.155968
q6953,5,d3678,81.287003
q6953,6,d4912,80.248802
q6953,7,d8526,79.470863
q6953,8,d1077,75.805275
q6953,9,d974,73.785973
q6953,10,d7353,72.859848
q6954,1,d6965,60.764263
q6954,2,d1907,54.436897
q6954,3,d7287,51.600666
q6954,4,d6316,47.982250
q6954,5,d1955,46.880131
q6954,6,d6159,46.408012
q6954,7,d6593,39.715950
q6954,8,d1101,39.152382
q6954,9,d1843,35.758183
q6954,10,d142,35.083035
q6955,1,d1101,64.535927
q6955,2,d7144,42.308609
q6955,3,d2084,30.159908
q6955,4,d4171,29.588541
q6955,5,d7155,29.235106
q6955,6,d5551,29.188574
q6955,7,d1294,28.145653
q6955,8,d7337,27.169291
q6955,9,d1929,26.738943
q6955,10,d7672,26.612411
q6956,1,d6361,156.685226
q6956,2,d4963,121.796585
q6956,3,d3458,120.898903
q6956,4,d3473,114.764534
q6956,5,d5597,112.165337
q6956,6,d133,103.572388
q6956,7,d314,103.210258
q6956,8,d1219,95.123787
q6956,9,d5865,93.732635
q6956,10,d6006,90.875832
q6957,1,d6944,66.316536
q6957,2,d3295,58.821983
q6957,3,d609,50.342045
q6957,4,d2998,49.576893
q6957,5,d3111,49.154732
q6957,6,d7873,48.121960
q6957,7,d1101,46.618137
q6957,8,d579,46.282772
q6957,9,d3758,46.069576
q6957,10,d3250,46.059528
q6958,1,d1709,59.454010
q6958,2,d1101,56.301086
q6958,3,d5922,51.900005
q6958,4,d2302,50.742203
q6958,5,d6444,48.957863
q6958,6,d4132,47.469112
q6958,7,d5870,46.673660
q6958,8,d2715,46.298241
q6958,9,d5965,44.679985
q6958,10,d5236,44.558254
q6959,1,d7702,72.967239
q6959,2,d2676,66.416512
q6959,3,d3861,65.129265
q6959,4,d3533,53.577328
q6959,5,d478,50.528694
q6959,6,d1101,49.900307
q6959,7,d3692,49.873608
q6959,8,d981,48.591770
q6959,9,d3800,47.635338
q6959,10,d4035,47.457108
q6960,1,d8527,99.012772
q6960,2,d2500,90.897530
q6960,3,d4395,83.416527
q6960,4,d6960,81.493309
q6960,5,d3799,81.461578
q6960,6,d1784,75.420898
q6960,7,d7969,73.351654
q6960,8,d1101,68.291016
q6960,9,d1782,67.882332
q6960,10,d8549,65.387978
q6961,1,d618,88.586624
q6961,2,d2705,80.342293
q6961,3,d8529,68.704262
q6961,4,d2543,61.422169
q6961,5,d3074,57.752148
q6961,6,d4611,54.710571
q6961,7,d1537,54.236351
q6961,8,d163,49.617744
q6961,9,d311,48.699226
q6961,10,d1101,47.832184
q6962,1,d3984,59.313057
q6962,2,d4593,31.715221
q6962,3,d7410,31.178314
q6962,4,d4503,30.681412
q6962,5,d1101,30.586878
q6962,6,d47,29.784185
q6962,7,d7343,28.985573
q6962,8,d1626,28.412836
q6962,9,d250,28.140472
q6962,10,d3959,27.660772
q6963,1,d1101,52.717445
q6963,2,d2939,30.621033
q6963,3,d5965,30.549425
q6963,4,d4469,30.351192
q6963,5,d2104,28.253162
q6963,6,d1239,27.743420
q6963,7,d6594,26.340130
q6963,8,d5870,26.008181
q6963,9,d7410,25.962906
q6963,10,d47,25.608635
q6964,1,d1101,69.147202
q6964,2,d4867,37.714962
q6964,3,d4669,37.305954
q6964,4,d2818,37.055138
q6964,5,d4861,36.914612
q6964,6,d1991,36.401333
q6964,7,d2963,35.486393
q6964,8,d1337,34.411617
q6964,9,d135,33.302422
q6964,10,d2832,32.720318
q6965,1,d1931,82.033211
q6965,2,d1101,69.705391
q6965,3,d3297,59.096401
q6965,4,d1653,49.171131
q6965,5,d5606,44.954639
q6965,6,d5611,44.737968
q6965,7,d2681,43.283249
q6965,8,d1907,41.031124
q6965,9,d4135,40.803558
q6965,10,d4551,40.617733
q6966,1,d1101,98.191147
q6966,2,d4769,68.427315
q6966,3,d6575,63.841351
q6966,4,d3950,63.028912
q6966,5,d666,59.509388
q6966,6,d312,58.457363
q6966,7,d2104,58.366192
q6966,8,d444,51.511158
q6966,9,d3643,51.133682
q6966,10,d4936,50.922867
q6967,1,d1761,46.080826
q6967,2,d1703,45.423370
q6967,3,d613,41.623196
q6967,4,d1615,38.107391
q6967,5,d1646,37.030479
q6967,6,d1626,36.633499
q6967,7,d4868,34.649960
q6967,8,d250,33.646465
q6967,9,d4767,33.421196
q6967,10,d7743,31.671148
q6968,1,d6968,79.872887
q6968,2,d4785,76.797539
q6968,3,d1101,47.176235
q6968,4,d293,35.890347
q6968,5,d1778,35.875893
q6968,6,d4718,24.212683
q6968,7,d7410,23.269375
q6968,8,d4593,22.769859
q6968,9,d1704,21.707472
q6968,10,d5564,21.390461
q6969,1,d1101,74.931198
q6969,2,d5571,55.305077
q6969,3,d4968,52.925900
q6969,4,d7155,50.000626
q6969,5,d1838,44.338226
q6969,6,d4681,39.641876
q6969,7,d5965,38.002697
q6969,8,d5599,36.438812
q6969,9,d6704,35.255898
q6969,10,d1769,35.165062
q6970,1,d1101,51.466843
q6970,2,d4074,48.856823
q6970,3,d4932,48.614815
q6970,4,d3186,45.923607
q6970,5,d1936,43.916298
q6970,6,d4339,43.899982
q6970,7,d6063,41.977448
q6970,8,d1860,38.657280
q6970,9,d1986,37.807899
q6970,10,d1313,36.666920
q6971,1,d250,102.522568
q6971,2,d1646,101.621513
q6971,3,d4767,89.706314
q6971,4,d1761,72.946899
q6971,5,d1626,60.339729
q6971,6,d846,58.215317
q6971,7,d4932,57.494911
q6971,8,d3514,57.235672
q6971,9,d7271,56.226601
q6971,10,d1860,52.908577
q6972,1,d1636,54.083981
q6972,2,d3842,48.448776
q6972,3,d4073,43.589024
q6972,4,d1974,43.589024
q6972,5,d4525,42.858532
q6972,6,d1987,41.468632
q6972,7,d722,41.059288
q6972,8,d1101,39.632267
q6972,9,d387,38.358711
q6972,10,d1630,37.901711
q6973,1,d5053,65.320747
q6973,2,d7325,63.823875
q6973,3,d6935,62.648327
q6973,4,d6103,61.566196
q6973,5,d5236,57.413647
q6973,6,d2061,57.413647
q6973,7,d6540,52.854275
q6973,8,d6397,47.986481
q6973,9,d6235,47.083759
q6973,10,d1748,43.821632
q6974,1,d2438,90.540573
q6974,2,d200,88.185738
q6974,3,d5417,68.264336
q6974,4,d4963,64.888779
q6974,5,d3473,64.606140
q6974,6,d314,60.306725
q6974,7,d133,59.855598
q6974,8,d5597,56.855946
q6974,9,d1101,52.860718
q6974,10,d6757,49.929955
q6975,1,d1287,77.102547
q6975,2,d6304,69.951401
q6975,3,d7492,62.008003
q6975,4,d1101,49.861462
q6975,5,d7209,49.405468
q6975,6,d1585,42.352127
q6975,7,d2469,41.499622
q6975,8,d1626,39.156315
q6975,9,d7182,38.488895
q6975,10,d4876,36.200317
q6976,1,d1494,72.561737
q6976,2,d6164,67.719742
q6976,3,d1101,41.401997
q6976,4,d4178,39.811012
q6976,5,d4547,34.553677
q6976,6,d6971,28.642120
q6976,7,d4036,27.545317
q6976,8,d5870,27.402811
q6976,9,d3530,26.763786
q6976,10,d4827,24.232101
q6977,1,d352,64.319633
q6977,2,d5985,61.637375
q6977,3,d112,36.715977
q6977,4,d3792,33.322060
q6977,5,d3572,29.491962
q6977,6,d2937,28.930624
q6977,7,d1101,28.618031
q6977,8,d12,26.658838
q6977,9,d1697,24.056892
q6977,10,d6043,21.543478
q6978,1,d217,51.366623
q6978,2,d4403,46.298252
q6978,3,d8724,46.298252
q6978,4,d1101,42.459061
q6978,5,d1142,41.621727
q6978,6,d91,41.586800
q6978,7,d1727,41.523819
q6978,8,d1799,41.254631
q6978,9,d1913,41.026970
q6978,10,d3844,40.196289
q6979,1,d7505,102.963768
q6979,2,d8158,80.656281
q6979,3,d1101,77.414780
q6979,4,d4331,76.453697
q6979,5,d1791,67.437103
q6979,6,d4626,63.398617
q6979,7,d6460,60.603596
q6979,8,d7482,58.832542
q6979,9,d258,57.515873
q6979,10,d1537,57.213142
q6980,1,d1101,84.230507
q6980,2,d1630,57.307430
q6980,3,d4659,52.534828
q6980,4,d3316,50.324955
q6980,5,d7743,46.520527
q6980,6,d1337,42.702454
q6980,7,d1537,40.807873
q6980,8,d1859,40.480412
q6980,9,d194,40.082222
q6980,10,d3145,39.893040
q6981,1,d5606,58.944305
q6981,2,d5134,58.508316
q6981,3,d7414,53.312317
q6981,4,d7077,52.210670
q6981,5,d6388,48.325356
q6981,6,d6304,46.412716
q6981,7,d5611,45.459671
q6981,8,d5236,43.849953
q6981,9,d5053,42.712177
q6981,10,d6354,41.918865
q6982,1,d2215,113.087784
q6982,2,d7233,96.193527
q6982,3,d2154,87.221451
q6982,4,d1101,69.238716
q6982,5,d2172,66.338402
q6982,6,d7534,63.432343
q6982,7,d1435,61.089745
q6982,8,d6356,60.695312
q6982,9,d6133,57.475780
q6982,10,d7134,55.506344
q6983,1,d1101,96.646248
q6983,2,d865,80.432442
q6983,3,d1044,67.089203
q6983,4,d1337,65.048714
q6983,5,d2104,62.465294
q6983,6,d4331,62.275036
q6983,7,d8358,61.181526
q6983,8,d679,57.653709
q6983,9,d6289,56.704044
q6983,10,d6575,51.604847
q6984,1,d618,85.213921
q6984,2,d1101,75.565102
q6984,3,d7989,53.067760
q6984,4,d163,45.693111
q6984,5,d2762,42.422626
q6984,6,d895,40.529510
q6984,7,d6384,39.647720
q6984,8,d424,39.050911
q6984,9,d679,38.817692
q6984,10,d311,38.781460
q6985,1,d795,104.439644
q6985,2,d3839,102.893120
q6985,3,d3488,65.116127
q6985,4,d6853,63.988346
q6985,5,d6726,56.141811
q6985,6,d4268,55.738552
q6985,7,d2160,55.456703
q6985,8,d1935,54.505447
q6985,9,d1101,52.138504
q6985,10,d2922,50.584225
q6986,1,d1101,47.028824
q6986,2,d2702,46.381725
q6986,3,d4637,44.791142
q6986,4,d5919,44.340500
q6986,5,d123,44.074959
q6986,6,d5394,40.120010
q6986,7,d5087,39.986473
q6986,8,d4954,38.640743
q6986,9,d4495,38.616615
q6986,10,d1748,37.918232
q6987,1,d4091,61.321342
q6987,2,d1101,56.557537
q6987,3,d2780,50.906872
q6987,4,d1875,42.375679
q6987,5,d3316,29.514874
q6987,6,d1929,28.926262
q6987,7,d1921,27.392067
q6987,8,d6593,26.784407
q6987,9,d5992,25.880333
q6987,10,d3983,25.039505
q6988,1,d7155,66.260231
q6988,2,d1107,63.498619
q6988,3,d1983,55.316391
q6988,4,d1959,53.532394
q6988,5,d3217,51.096649
q6988,6,d1101,51.043610
q6988,7,d1755,50.884701
q6988,8,d3989,50.153858
q6988,9,d3179,50.070621
q6988,10,d1617,49.895164
q6989,1,d1101,106.486481
q6989,2,d4036,70.972626
q6989,3,d2410,70.575012
q6989,4,d4165,69.365707
q6989,5,d8606,68.311516
q6989,6,d4588,64.216835
q6989,7,d1671,60.533485
q6989,8,d4508,60.059887
q6989,9,d6575,59.957775
q6989,10,d4537,59.540283
q6990,1,d1101,49.873848
q6990,2,d8529,23.099125
q6990,3,d1239,21.593269
q6990,4,d2104,19.631395
q6990,5,d2937,19.600241
q6990,6,d8701,19.152618
q6990,7,d7410,18.757933
q6990,8,d47,18.689302
q6990,9,d8606,18.686396
q6990,10,d4331,18.239079
q6991,1,d6991,97.367645
q6991,2,d3956,96.800438
q6991,3,d1101,83.160492
q6991,4,d1716,80.359009
q6991,5,d306,79.660286
q6991,6,d2572,76.687744
q6991,7,d4115,65.080940
q6991,8,d2639,64.561462
q6991,9,d1704,63.544891
q6991,10,d4683,62.317856
q6992,1,d1101,99.207687
q6992,2,d1630,71.456711
q6992,3,d2937,52.455601
q6992,4,d865,50.631683
q6992,5,d7989,50.533569
q6992,6,d722,49.296925
q6992,7,d1337,48.366516
q6992,8,d4036,47.531254
q6992,9,d3316,47.220791
q6992,10,d2104,45.679008
q6993,1,d1101,92.484818
q6993,2,d3536,85.579300
q6993,3,d2837,83.896645
q6993,4,d4995,61.920773
q6993,5,d3316,58.649555
q6993,6,d4115,55.575939
q6993,7,d5965,53.102634
q6993,8,d1790,52.953003
q6993,9,d4712,49.042191
q6993,10,d1029,46.724705
q6994,1,d1799,98.719254
q6994,2,d1559,92.928833
q6994,3,d1881,81.827049
q6994,4,d5635,61.028595
q6994,5,d7217,60.352478
q6994,6,d463,59.755386
q6994,7,d5263,58.937794
q6994,8,d7161,51.759075
q6994,9,d4593,50.008522
q6994,10,d6994,48.058781
q6995,1,d4508,57.324440
q6995,2,d6929,54.397171
q6995,3,d2410,53.423141
q6995,4,d4045,51.460175
q6995,5,d3457,50.334885
q6995,6,d4839,49.934208
q6995,7,d6606,49.696095
q6995,8,d1671,48.079285
q6995,9,d7270,48.014149
q6995,10,d2572,47.703785
q6996,1,d1101,44.528671
q6996,2,d1294,33.609596
q6996,3,d2572,32.926182
q6996,4,d7672,29.649305
q6996,5,d7642,29.157120
q6996,6,d555,28.908831
q6996,7,d1961,28.893097
q6996,8,d4979,24.324013
q6996,9,d6465,24.130411
q6996,10,d487,23.626141
q6997,1,d8510,122.502815
q6997,2,d8707,120.975868
q6997,3,d2755,108.016716
q6997,4,d2728,106.346581
q6997,5,d3318,104.759682
q6997,6,d2559,100.529289
q6997,7,d1930,100.111076
q6997,8,d2864,96.846687
q6997,9,d4165,96.345650
q6997,10,d4077,95.715599
q6998,1,d2469,85.709877
q6998,2,d1933,84.014153
q6998,3,d4954,77.872749
q6998,4,d1101,77.220352
q6998,5,d2261,62.109810
q6998,6,d1965,62.014477
q6998,7,d1789,61.117542
q6998,8,d2051,60.920425
q6998,9,d4031,58.726612
q6998,10,d2594,56.063519
q6999,1,d1799,59.768833
q6999,2,d463,58.122639
q6999,3,d1559,55.426891
q6999,4,d1881,50.574459
q6999,5,d1725,49.079285
q6999,6,d1101,44.443165
q6999,7,d7217,43.982647
q6999,8,d5635,42.720016
q6999,9,d5263,41.256454
q6999,10,d4593,38.867722
q7000,1,d1101,58.601532
q7000,2,d3783,53.003941
q7000,3,d6384,52.243340
q7000,4,d2762,44.838963
q7000,5,d410,43.672745
q7000,6,d962,40.954422
q7000,7,d447,40.596645
q7000,8,d2540,40.158615
q7000,9,d7989,40.093037
q7000,10,d4542,39.154263
q7001,1,d1101,43.800301
q7001,2,d4331,29.980124
q7001,3,d3316,27.621206
q7001,4,d1991,25.466516
q7001,5,d1929,24.561846
q7001,6,d1337,23.266083
q7001,7,d8529,23.099125
q7001,8,d6432,23.033228
q7001,9,d6743,22.039976
q7001,10,d2879,21.472589
q7002,1,d381,82.324265
q7002,2,d3296,78.647789
q7002,3,d8060,62.169559
q7002,4,d1614,60.160896
q7002,5,d6687,55.893333
q7002,6,d4236,53.197132
q7002,7,d1101,50.212257
q7002,8,d4689,44.953342
q7002,9,d4453,44.706993
q7002,10,d3884,43.109970
q7003,1,d2154,59.019230
q7003,2,d7233,55.599316
q7003,3,d2215,49.455627
q7003,4,d8158,49.267467
q7003,5,d1101,43.260735
q7003,6,d1791,42.336296
q7003,7,d7003,41.694031
q7003,8,d6133,41.195629
q7003,9,d1872,40.385487
q7003,10,d5053,39.839302
q7004,1,d1101,79.277229
q7004,2,d1929,70.533638
q7004,3,d419,61.777977
q7004,4,d2913,60.382481
q7004,5,d5765,56.451309
q7004,6,d3789,55.550968
q7004,7,d4350,52.178577
q7004,8,d3476,51.215336
q7004,9,d165,50.612759
q7004,10,d4689,50.209869
q7005,1,d1392,58.537083
q7005,2,d1559,55.134518
q7005,3,d1881,53.470490
q7005,4,d4593,48.475433
q7005,5,d1799,44.280632
q7005,6,d8352,42.253174
q7005,7,d1101,41.074017
q7005,8,d1626,40.108215
q7005,9,d4983,40.013966
q7005,10,d463,37.208775
q7006,1,d4665,83.825424
q7006,2,d8318,69.334831
q7006,3,d8060,67.687981
q7006,4,d1101,62.012657
q7006,5,d3896,60.547806
q7006,6,d5870,60.274796
q7006,7,d7736,59.515224
q7006,8,d4036,59.489700
q7006,9,d6631,56.291641
q7006,10,d6555,54.287312
q7007,1,d4983,96.375519
q7007,2,d6163,82.343391
q7007,3,d4593,78.247581
q7007,4,d1789,69.901382
q7007,5,d2261,60.846375
q7007,6,d4954,54.424980
q7007,7,d1881,53.470490
q7007,8,d1799,49.475536
q7007,9,d4069,48.938808
q7007,10,d4180,48.375271
q7008,1,d1101,54.823086
q7008,2,d2559,45.351742
q7008,3,d1006,42.320724
q7008,4,d8158,41.256226
q7008,5,d5963,39.147705
q7008,6,d258,38.439072
q7008,7,d7505,36.995693
q7008,8,d1791,33.456352
q7008,9,d969,32.493042
q7008,10,d7410,31.306696
q7009,1,d1287,64.671410
q7009,2,d6316,53.198601
q7009,3,d7287,51.600666
q7009,4,d1907,50.559853
q7009,5,d1955,48.708042
q7009,6,d4779,48.360252
q7009,7,d3022,45.383724
q7009,8,d7492,43.969910
q7009,9,d6304,42.569286
q7009,10,d1101,40.885635
q7010,1,d1101,72.955704
q7010,2,d561,60.427036
q7010,3,d1799,58.200043
q7010,4,d1559,57.833950
q7010,5,d7246,56.981224
q7010,6,d4378,56.251801
q7010,7,d1527,56.100765
q7010,8,d8637,54.878189
q7010,9,d1881,54.009075
q7010,10,d8390,49.891506
q7011,1,d1101,60.362751
q7011,2,d3297,41.522671
q7011,3,d3916,36.636829
q7011,4,d299,36.607346
q7011,5,d4718,34.626595
q7011,6,d1063,33.430725
q7011,7,d4694,32.418705
q7011,8,d2631,32.046268
q7011,9,d2600,32.046268
q7011,10,d3610,31.585718
q7012,1,d6889,155.329697
q7012,2,d1101,94.547760
q7012,3,d7209,90.035103
q7012,4,d4694,59.189590
q7012,5,d5660,58.680660
q7012,6,d5531,58.179775
q7012,7,d5870,56.125828
q7012,8,d2939,53.857346
q7012,9,d4469,53.364605
q7012,10,d5103,51.432655
q7013,1,d4508,58.370605
q7013,2,d4403,58.121628
q7013,3,d8724,58.121628
q7013,4,d2410,55.550171
q7013,5,d6929,54.855171
q7013,6,d217,52.723873
q7013,7,d6465,51.481342
q7013,8,d4331,50.643860
q7013,9,d6606,50.155102
q7013,10,d2413,49.752167
q7014,1,d1036,75.114632
q7014,2,d1615,63.285267
q7014,3,d1101,59.041286
q7014,4,d5053,58.269352
q7014,5,d7325,58.021706
q7014,6,d6103,55.969269
q7014,7,d2481,55.552139
q7014,8,d3022,53.820286
q7014,9,d2061,52.194225
q7014,10,d5236,52.194225
q7015,1,d163,48.660072
q7015,2,d618,37.530396
q7015,3,d424,27.231819
q7015,4,d1101,26.335436
q7015,5,d164,25.639864
q7015,6,d2529,23.279470
q7015,7,d353,22.042137
q7015,8,d310,21.647413
q7015,9,d5475,21.492704
q7015,10,d1639,21.090809
q7016,1,d4391,84.120041
q7016,2,d4472,75.180099
q7016,3,d4493,61.036686
q7016,4,d5917,59.992512
q7016,5,d7114,59.758984
q7016,6,d2673,59.623302
q7016,7,d5277,53.528191
q7016,8,d5012,50.599545
q7016,9,d4329,47.750820
q7016,10,d3310,44.452232
q7017,1,d6713,112.321823
q7017,2,d3204,104.454681
q7017,3,d4967,89.940910
q7017,4,d7017,83.887177
q7017,5,d2842,77.324478
q7017,6,d3436,76.664566
q7017,7,d2929,76.327545
q7017,8,d3796,72.545967
q7017,9,d4918,70.425018
q7017,10,d3864,66.072052
q7018,1,d1101,46.438141
q7018,2,d4331,45.047649
q7018,3,d3350,43.256943
q7018,4,d2705,41.735615
q7018,5,d1537,37.725098
q7018,6,d3848,36.826378
q7018,7,d4479,33.888309
q7018,8,d4419,33.863335
q7018,9,d2937,32.846561
q7018,10,d4202,32.635441
q7019,1,d1649,66.056648
q7019,2,d5053,58.269352
q7019,3,d7325,58.021706
q7019,4,d6103,55.969269
q7019,5,d4700,54.848984
q7019,6,d5236,54.486309
q7019,7,d2061,52.194225
q7019,8,d6540,46.112057
q7019,9,d6397,43.624073
q7019,10,d6235,42.803417
q7020,1,d561,76.907143
q7020,2,d4378,71.593201
q7020,3,d7246,70.442863
q7020,4,d8637,69.844971
q7020,5,d1527,66.889526
q7020,6,d2469,66.327919
q7020,7,d4914,65.582977
q7020,8,d1101,65.037186
q7020,9,d8390,63.498280
q7020,10,d5229,62.245152
q7021,1,d8221,69.774940
q7021,2,d4676,63.816822
q7021,3,d6415,60.753197
q7021,4,d2322,59.033310
q7021,5,d1101,57.919865
q7021,6,d6737,57.346764
q7021,7,d2426,51.794136
q7021,8,d2987,46.880058
q7021,9,d1789,45.610718
q7021,10,d5478,43.570374
q7022,1,d4510,113.054749
q7022,2,d4475,100.119118
q7022,3,d1101,54.048454
q7022,4,d2177,53.816483
q7022,5,d5236,47.923328
q7022,6,d5053,46.615482
q7022,7,d7325,46.417366
q7022,8,d7841,45.522812
q7022,9,d6103,44.775414
q7022,10,d2960,43.595734
q7023,1,d2154,87.416214
q7023,2,d1101,68.526733
q7023,3,d7233,51.596802
q7023,4,d4107,48.946743
q7023,5,d5053,48.135288
q7023,6,d2215,41.912155
q7023,7,d7134,41.165928
q7023,8,d7325,40.615196
q7023,9,d7534,40.380806
q7023,10,d1801,40.230160
q7024,1,d1101,82.844040
q7024,2,d7642,54.695564
q7024,3,d469,50.894913
q7024,4,d5551,46.045624
q7024,5,d2322,45.815266
q7024,6,d2762,44.843548
q7024,7,d7024,44.723629
q7024,8,d1294,43.763992
q7024,9,d2540,43.661987
q7024,10,d7989,43.257351
q7025,1,d3772,57.049492
q7025,2,d3214,55.569637
q7025,3,d3410,53.796291
q7025,4,d5563,52.903671
q7025,5,d1101,39.674015
q7025,6,d7117,32.671787
q7025,7,d6443,31.818813
q7025,8,d7528,30.499928
q7025,9,d3554,29.843924
q7025,10,d5053,29.134678
q7026,1,d1101,64.539261
q7026,2,d1929,51.083141
q7026,3,d4541,38.292534
q7026,4,d3394,36.266197
q7026,5,d4171,34.185505
q7026,6,d2554,33.370003
q7026,7,d3316,32.837414
q7026,8,d4331,29.610683
q7026,9,d2410,26.575552
q7026,10,d3372,25.459463
q7027,1,d4331,50.477657
q7027,2,d2705,50.262329
q7027,3,d3350,46.593052
q7027,4,d1627,45.211491
q7027,5,d1101,45.059101
q7027,6,d4479,43.570683
q7027,7,d4419,43.538574
q7027,8,d1537,43.498817
q7027,9,d242,43.040009
q7027,10,d4262,42.637096
q7028,1,d1101,49.364452
q7028,2,d2937,35.530441
q7028,3,d4331,31.815472
q7028,4,d3316,30.382586
q7028,5,d3350,26.482862
q7028,6,d1929,25.719732
q7028,7,d3409,25.338343
q7028,8,d7743,24.788025
q7028,9,d2104,24.771282
q7028,10,d7989,24.686369
q7029,1,d5804,48.061317
q7029,2,d4112,39.122906
q7029,3,d1101,35.133297
q7029,4,d3285,29.240738
q7029,5,d2700,28.835794
q7029,6,d1551,28.314623
q7029,7,d467,27.693274
q7029,8,d2489,27.394793
q7029,9,d7989,27.069101
q7029,10,d3316,26.915728
q7030,1,d1843,59.149052
q7030,2,d6985,56.067368
q7030,3,d2154,55.314079
q7030,4,d1851,54.564590
q7030,5,d2215,51.013580
q7030,6,d1893,50.100929
q7030,7,d6195,47.819031
q7030,8,d6025,47.527302
q7030,9,d1189,47.107082
q7030,10,d361,46.776093
q7031,1,d4258,63.913948
q7031,2,d3735,59.497433
q7031,3,d4424,59.189198
q7031,4,d2917,56.505905
q7031,5,d1101,49.359684
q7031,6,d2673,47.569481
q7031,7,d3643,44.362194
q7031,8,d4712,42.724937
q7031,9,d3555,42.640839
q7031,10,d5870,42.054207
q7032,1,d1627,144.555557
q7032,2,d5236,138.185867
q7032,3,d5460,136.763718
q7032,4,d8219,133.791107
q7032,5,d5053,133.672424
q7032,6,d7325,127.647743
q7032,7,d2714,127.592476
q7032,8,d6103,123.132362
q7032,9,d2841,122.469551
q7032,10,d5450,121.131775
q7033,1,d1135,109.737617
q7033,2,d1752,87.277832
q7033,3,d1287,80.013474
q7033,4,d5965,79.188370
q7033,5,d1101,76.070396
q7033,6,d1626,72.731743
q7033,7,d5236,67.802071
q7033,8,d4268,64.409309
q7033,9,d5053,64.096291
q7033,10,d7325,63.823875
q7034,1,d5087,186.603561
q7034,2,d7133,179.559174
q7034,3,d4626,145.055527
q7034,4,d6460,137.382492
q7034,5,d7069,136.407349
q7034,6,d5709,133.769699
q7034,7,d7505,129.388489
q7034,8,d8158,127.225800
q7034,9,d227,126.189247
q7034,10,d7631,125.000237
q7035,1,d4665,79.473724
q7035,2,d8318,65.336174
q7035,3,d4907,56.887833
q7035,4,d3932,54.337860
q7035,5,d3569,50.398548
q7035,6,d4574,49.014603
q7035,7,d7056,48.815498
q7035,8,d4668,47.067547
q7035,9,d6734,45.642281
q7035,10,d5992,43.716377
q7036,1,d4779,97.934639
q7036,2,d5648,88.711121
q7036,3,d4027,85.572113
q7036,4,d1888,84.925568
q7036,5,d2937,65.372055
q7036,6,d1101,62.113338
q7036,7,d4574,57.192017
q7036,8,d3297,46.294498
q7036,9,d5053,42.268070
q7036,10,d7875,40.759518
q7037,1,d5053,83.403709
q7037,2,d7325,81.230385
q7037,3,d6103,78.356972
q7037,4,d5236,73.071915
q7037,5,d2061,73.071915
q7037,6,d6540,68.384789
q7037,7,d6235,63.814648
q7037,8,d6397,61.073704
q7037,9,d4868,58.694069
q7037,10,d4039,56.067917
q7038,1,d481,41.075691
q7038,2,d5134,40.280041
q7038,3,d1101,39.479313
q7038,4,d7414,37.174839
q7038,5,d2937,36.900326
q7038,6,d7077,36.419434
q7038,7,d6244,36.145084
q7038,8,d8701,35.978683
q7038,9,d6368,35.685642
q7038,10,d6003,35.164688
q7039,1,d1101,59.984730
q7039,2,d3316,46.152885
q7039,3,d1630,44.383076
q7039,4,d1287,44.284992
q7039,5,d4331,38.484173
q7039,6,d5053,37.434132
q7039,7,d7325,34.813026
q7039,8,d6384,34.705173
q7039,9,d6103,33.581558
q7039,10,d2061,32.678726
q7040,1,d2513,49.343979
q7040,2,d1070,37.410973
q7040,3,d1101,33.463165
q7040,4,d1458,32.161465
q7040,5,d4463,29.526365
q7040,6,d3258,28.219210
q7040,7,d2540,25.531721
q7040,8,d7989,25.262104
q7040,9,d6384,24.160807
q7040,10,d2762,24.044949
q7041,1,d4331,52.925194
q7041,2,d2705,51.151009
q7041,3,d3350,50.871067
q7041,4,d2937,50.530289
q7041,5,d4479,45.978550
q7041,6,d4222,43.610500
q7041,7,d4419,43.538574
q7041,8,d1537,43.498817
q7041,9,d236,42.583675
q7041,10,d4202,41.736904
q7042,1,d1627,148.108307
q7042,2,d5236,141.623993
q7042,3,d5460,140.325165
q7042,4,d8219,138.441986
q7042,5,d2714,129.423721
q7042,6,d5053,128.192581
q7042,7,d7325,127.647743
q7042,8,d6103,123.132362
q7042,9,d6594,121.394142
q7042,10,d2902,119.363777
q7043,1,d1799,58.692318
q7043,2,d2183,54.278316
q7043,3,d1559,53.233757
q7043,4,d7043,50.414246
q7043,5,d1881,46.601254
q7043,6,d463,44.285835
q7043,7,d1101,43.619156
q7043,8,d1626,41.468559
q7043,9,d7217,39.654633
q7043,10,d1615,39.211170
q7044,1,d271,45.304089
q7044,2,d8724,41.767952
q7044,3,d4403,41.767952
q7044,4,d217,40.022686
q7044,5,d91,35.182346
q7044,6,d4309,34.035858
q7044,7,d3605,33.588554
q7044,8,d1948,33.438068
q7044,9,d6465,32.183285
q7044,10,d1614,31.798738
q7045,1,d4115,125.006798
q7045,2,d3542,109.386963
q7045,3,d8031,95.249710
q7045,4,d6182,80.087273
q7045,5,d1811,73.045212
q7045,6,d5969,70.658485
q7045,7,d2749,70.432236
q7045,8,d3473,70.185120
q7045,9,d1741,68.604294
q7045,10,d4380,66.594177
q7046,1,d2555,59.448017
q7046,2,d4240,56.853867
q7046,3,d2688,54.781708
q7046,4,d4448,54.110016
q7046,5,d2840,53.338253
q7046,6,d247,51.965275
q7046,7,d2754,51.218533
q7046,8,d3169,50.406784
q7046,9,d4336,50.295982
q7046,10,d1942,50.247852
q7047,1,d1755,47.084843
q7047,2,d4759,45.348148
q7047,3,d4963,40.682594
q7047,4,d1101,38.067780
q7047,5,d7122,36.499969
q7047,6,d5597,35.337826
q7047,7,d1219,35.045605
q7047,8,d5865,34.533077
q7047,9,d3473,34.419483
q7047,10,d6006,33.480576
q7048,1,d1101,57.086681
q7048,2,d2937,41.934956
q7048,3,d1624,27.498751
q7048,4,d1929,27.022715
q7048,5,d7668,26.734850
q7048,6,d6128,26.397663
q7048,7,d3316,26.074430
q7048,8,d4861,25.643650
q7048,9,d7900,25.638132
q7048,10,d2104,24.787916
q7049,1,d1101,57.890839
q7049,2,d3144,46.546074
q7049,3,d5236,44.360737
q7049,4,d5053,38.614841
q7049,5,d2823,38.501892
q7049,6,d5103,37.844494
q7049,7,d4824,36.995117
q7049,8,d5460,36.777706
q7049,9,d3639,35.721664
q7049,10,d6935,35.644157
q7050,1,d1101,63.630726
q7050,2,d4331,43.140945
q7050,3,d703,41.249752
q7050,4,d3316,38.923100
q7050,5,d7989,37.276730
q7050,6,d2104,33.714157
q7050,7,d5551,33.707760
q7050,8,d4718,31.430077
q7050,9,d7642,30.979002
q7050,10,d3297,30.848087
q7051,1,d1101,67.135643
q7051,2,d4331,36.407310
q7051,3,d7051,35.486900
q7051,4,d5954,34.104233
q7051,5,d6536,33.055977
q7051,6,d3316,32.499496
q7051,7,d2128,29.764786
q7051,8,d6490,29.630653
q7051,9,d3104,27.388519
q7051,10,d1929,26.241323
q7052,1,d503,72.073952
q7052,2,d821,63.384865
q7052,3,d7114,62.103672
q7052,4,d6293,60.148682
q7052,5,d3155,57.128605
q7052,6,d8046,54.418594
q7052,7,d1101,54.378807
q7052,8,d4493,54.089569
q7052,9,d3473,50.985828
q7052,10,d6272,49.247910
q7053,1,d457,63.255745
q7053,2,d217,63.206970
q7053,3,d2453,56.405876
q7053,4,d3415,52.939140
q7053,5,d1101,48.878868
q7053,6,d496,48.353447
q7053,7,d210,45.398098
q7053,8,d3561,39.145546
q7053,9,d1736,36.731319
q7053,10,d1706,34.668350
q7054,1,d6384,78.796318
q7054,2,d4463,71.923019
q7054,3,d7989,69.924576
q7054,4,d3258,68.906273
q7054,5,d3783,66.156723
q7054,6,d2762,65.632973
q7054,7,d54,64.586716
q7054,8,d1101,64.109024
q7054,9,d7971,61.327797
q7054,10,d1630,60.973820
q7055,1,d1101,64.019165
q7055,2,d7133,46.921692
q7055,3,d5087,46.650887
q7055,4,d1337,34.389103
q7055,5,d7069,34.101849
q7055,6,d865,30.156860
q7055,7,d669,29.864956
q7055,8,d8358,28.837639
q7055,9,d1737,28.340725
q7055,10,d1044,28.294321
q7056,1,d1101,117.677994
q7056,2,d4665,103.761757
q7056,3,d8318,86.605125
q7056,4,d7056,84.004417
q7056,5,d3297,71.423149
q7056,6,d5965,70.278679
q7056,7,d1337,69.442520
q7056,8,d3598,65.703163
q7056,9,d3211,63.703537
q7056,10,d4036,62.336243
q7057,1,d1101,55.404812
q7057,2,d3316,35.058147
q7057,3,d1287,33.211086
q7057,4,d1750,32.852726
q7057,5,d4952,31.602753
q7057,6,d7209,30.057014
q7057,7,d1551,29.870295
q7057,8,d4485,28.869713
q7057,9,d6304,28.238129
q7057,10,d5124,27.273521
q7058,1,d5611,58.174995
q7058,2,d1101,56.782066
q7058,3,d2622,56.299530
q7058,4,d1318,49.678059
q7058,5,d491,41.808956
q7058,6,d7759,41.516178
q7058,7,d1929,36.268906
q7058,8,d2937,35.212143
q7058,9,d8145,33.921505
q7058,10,d2666,33.539101
q7059,1,d5531,53.903187
q7059,2,d2334,48.896431
q7059,3,d4497,48.307503
q7059,4,d3921,42.839367
q7059,5,d2526,40.488628
q7059,6,d6465,37.852623
q7059,7,d152,36.357433
q7059,8,d5543,34.331432
q7059,9,d4614,33.355373
q7059,10,d1101,33.107609
q7060,1,d7209,53.793388
q7060,2,d1101,53.569576
q7060,3,d469,52.413799
q7060,4,d8529,51.676476
q7060,5,d7989,47.593784
q7060,6,d6384,45.249779
q7060,7,d3491,44.947567
q7060,8,d895,44.280109
q7060,9,d1276,43.892670
q7060,10,d2762,43.550579
q7061,1,d2067,54.538418
q7061,2,d1653,54.058136
q7061,3,d108,51.625595
q7061,4,d2957,38.510067
q7061,5,d1101,36.385017
q7061,6,d410,34.494240
q7061,7,d2122,32.831135
q7061,8,d60,32.168056
q7061,9,d1839,31.224854
q7061,10,d2911,30.196491
q7062,1,d1799,78.341949
q7062,2,d1881,72.168877
q7062,3,d1559,68.812508
q7062,4,d4593,55.996166
q7062,5,d463,47.158279
q7062,6,d4983,47.149635
q7062,7,d1392,46.845688
q7062,8,d5922,45.281067
q7062,9,d6444,43.518101
q7062,10,d3934,43.339134
q7063,1,d8527,121.872696
q7063,2,d2500,121.028793
q7063,3,d7969,106.164597
q7063,4,d8196,105.943947
q7063,5,d8549,105.929062
q7063,6,d1784,104.728867
q7063,7,d6960,103.010590
q7063,8,d4395,98.004158
q7063,9,d1852,96.459259
q7063,10,d3799,94.619095
q7064,1,d6734,77.331001
q7064,2,d314,66.623634
q7064,3,d1101,55.653751
q7064,4,d5995,46.839417
q7064,5,d3604,43.047611
q7064,6,d183,42.216892
q7064,7,d484,39.342846
q7064,8,d1965,38.749687
q7064,9,d1967,37.325939
q7064,10,d649,36.917664
q7065,1,d1101,35.975826
q7065,2,d3901,34.101849
q7065,3,d4325,30.888304
q7065,4,d1929,29.509369
q7065,5,d5962,27.491611
q7065,6,d3316,24.717100
q7065,7,d469,23.948280
q7065,8,d3394,21.638290
q7065,9,d4171,20.841503
q7065,10,d192,20.802912
q7066,1,d2708,154.556946
q7066,2,d4635,132.687195
q7066,3,d1101,88.378464
q7066,4,d4331,75.363083
q7066,5,d3316,72.796097
q7066,6,d7743,67.449638
q7066,7,d4178,66.351692
q7066,8,d2489,58.846298
q7066,9,d4230,58.666218
q7066,10,d4115,58.104229
q7067,1,d217,72.221016
q7067,2,d4403,65.605057
q7067,3,d8724,65.605057
q7067,4,d1913,61.178997
q7067,5,d1948,61.101635
q7067,6,d3844,60.294434
q7067,7,d91,60.202602
q7067,8,d7951,57.392292
q7067,9,d3110,57.114735
q7067,10,d1142,54.609333
q7068,1,d2842,158.592682
q7068,2,d7017,106.899368
q7068,3,d1101,85.845657
q7068,4,d5563,80.626251
q7068,5,d155,79.022003
q7068,6,d2937,76.902679
q7068,7,d4983,71.746513
q7068,8,d1858,71.218140
q7068,9,d1706,70.267776
q7068,10,d311,70.164909
q7069,1,d5087,94.705299
q7069,2,d5919,85.684128
q7069,3,d7133,82.069832
q7069,4,d7069,69.305801
q7069,5,d2749,64.491646
q7069,6,d8711,63.504196
q7069,7,d4690,60.022175
q7069,8,d1811,58.126331
q7069,9,d175,56.075874
q7069,10,d1817,52.232185
q7070,1,d2818,59.352371
q7070,2,d1101,55.065861
q7070,3,d3316,52.737164
q7070,4,d4346,43.767929
q7070,5,d7994,41.163700
q7070,6,d1809,41.031811
q7070,7,d7724,40.524204
q7070,8,d152,38.471222
q7070,9,d7722,37.904770
q7070,10,d1991,37.337585
q7071,1,d217,44.256664
q7071,2,d8414,37.775890
q7071,3,d1101,36.698170
q7071,4,d2728,35.008263
q7071,5,d4165,34.617966
q7071,6,d6465,33.532799
q7071,7,d8060,32.439842
q7071,8,d2410,32.401726
q7071,9,d1913,32.276726
q7071,10,d1626,31.799690
q7072,1,d5606,78.473930
q7072,2,d1881,63.134201
q7072,3,d5611,62.507042
q7072,4,d1559,61.056843
q7072,5,d1799,60.598476
q7072,6,d1101,56.134674
q7072,7,d8352,54.130325
q7072,8,d7352,51.764633
q7072,9,d1392,50.198021
q7072,10,d463,45.620533
q7073,1,d7162,61.331764
q7073,2,d1101,57.038803
q7073,3,d5965,47.165482
q7073,4,d4348,43.085861
q7073,5,d645,42.664780
q7073,6,d8060,39.882107
q7073,7,d4163,39.697384
q7073,8,d1098,38.422592
q7073,9,d1686,37.678123
q7073,10,d5957,37.089504
q7074,1,d6734,114.393372
q7074,2,d4622,80.652420
q7074,3,d2205,76.335617
q7074,4,d4980,70.752960
q7074,5,d1101,48.808907
q7074,6,d5962,43.175468
q7074,7,d4907,38.273960
q7074,8,d8090,36.475204
q7074,9,d4574,34.706581
q7074,10,d1835,34.067913
q7075,1,d3284,54.652348
q7075,2,d6505,43.719883
q7075,3,d5391,43.419247
q7075,4,d5956,37.881397
q7075,5,d59,37.577435
q7075,6,d6065,37.405075
q7075,7,d2655,37.352669
q7075,8,d40,37.041023
q7075,9,d7560,36.917816
q7075,10,d1101,36.677597
q7076,1,d3956,124.884346
q7076,2,d3196,74.365074
q7076,3,d2410,63.631523
q7076,4,d6465,59.179726
q7076,5,d4508,57.847523
q7076,6,d3484,57.653233
q7076,7,d6929,56.331863
q7076,8,d7067,53.704353
q7076,9,d4097,52.045559
q7076,10,d2619,51.490219
q7077,1,d1101,140.458740
q7077,2,d2453,137.915237
q7077,3,d457,136.157608
q7077,4,d496,123.569908
q7077,5,d3415,119.113075
q7077,6,d210,102.145699
q7077,7,d4036,89.259377
q7077,8,d5965,86.238472
q7077,9,d2104,73.852150
q7077,10,d5660,73.411232
q7078,1,d1101,73.354355
q7078,2,d3316,64.563667
q7078,3,d3745,63.123970
q7078,4,d4331,60.451946
q7078,5,d135,58.731209
q7078,6,d1737,55.531967
q7078,7,d2937,54.273907
q7078,8,d1029,54.162090
q7078,9,d2489,51.810394
q7078,10,d3487,51.604630
q7079,1,d2322,59.119198
q7079,2,d6737,58.221069
q7079,3,d2987,46.880058
q7079,4,d1101,44.869507
q7079,5,d5236,43.923008
q7079,6,d2426,43.386208
q7079,7,d1748,40.158157
q7079,8,d5486,39.130508
q7079,9,d6935,38.297520
q7079,10,d4718,38.065853
q7080,1,d6500,89.887276
q7080,2,d1858,85.208534
q7080,3,d1778,77.019241
q7080,4,d358,76.575836
q7080,5,d1293,76.136452
q7080,6,d4990,74.853760
q7080,7,d1835,73.966217
q7080,8,d1802,70.769447
q7080,9,d327,70.575981
q7080,10,d4932,67.938087
q7081,1,d2154,80.571381
q7081,2,d1317,67.894966
q7081,3,d258,62.614063
q7081,4,d7081,61.802883
q7081,5,d1452,57.941288
q7081,6,d7534,56.282127
q7081,7,d7233,51.832672
q7081,8,d1791,50.317589
q7081,9,d7809,49.300701
q7081,10,d7114,48.932549
q7082,1,d4775,84.515121
q7082,2,d54,72.766235
q7082,3,d4100,62.570759
q7082,4,d4590,62.207851
q7082,5,d837,62.117443
q7082,6,d7971,62.022861
q7082,7,d7642,60.128143
q7082,8,d869,58.126461
q7082,9,d3226,57.273064
q7082,10,d3009,57.213253
q7083,1,d3427,67.438263
q7083,2,d3144,66.756393
q7083,3,d3639,65.285622
q7083,4,d5460,62.527107
q7083,5,d6594,60.804096
q7083,6,d8646,60.565495
q7083,7,d2823,60.058064
q7083,8,d3245,59.676723
q7083,9,d5450,59.452415
q7083,10,d1101,59.195217
q7084,1,d8713,122.464638
q7084,2,d7084,108.425171
q7084,3,d6815,104.980652
q7084,4,d1101,103.958603
q7084,5,d1392,101.002541
q7084,6,d3917,99.997536
q7084,7,d1709,94.754051
q7084,8,d4237,94.428406
q7084,9,d2642,93.935471
q7084,10,d1722,92.328850
q7085,1,d1101,49.538692
q7085,2,d1239,34.842953
q7085,3,d2939,34.774021
q7085,4,d4469,34.491062
q7085,5,d7410,33.157059
q7085,6,d47,32.667953
q7085,7,d3984,30.586393
q7085,8,d8701,30.238514
q7085,9,d3213,29.781097
q7085,10,d2864,29.056787
q7086,1,d618,88.060966
q7086,2,d1101,67.049309
q7086,3,d164,60.710232
q7086,4,d163,52.424099
q7086,5,d4952,51.499317
q7086,6,d6025,46.451595
q7086,7,d194,45.511993
q7086,8,d424,44.803444
q7086,9,d7024,40.432140
q7086,10,d4100,39.124477
q7087,1,d3378,129.242096
q7087,2,d3270,86.716965
q7087,3,d1101,83.265938
q7087,4,d3815,80.664375
q7087,5,d3889,78.494125
q7087,6,d220,72.979462
q7087,7,d2681,69.369843
q7087,8,d1980,63.244263
q7087,9,d6965,61.697044
q7087,10,d257,59.135406
q7088,1,d4360,66.665993
q7088,2,d3983,64.972008
q7088,3,d6965,57.849186
q7088,4,d6524,52.749130
q7088,5,d7716,51.877666
q7088,6,d3464,51.608120
q7088,7,d3186,50.032162
q7088,8,d3457,49.437771
q7088,9,d1921,48.322147
q7088,10,d6587,47.215378
q7089,1,d7743,66.161682
q7089,2,d1101,48.776573
q7089,3,d3605,44.604126
q7089,4,d503,43.445789
q7089,5,d1737,41.306862
q7089,6,d3141,40.878704
q7089,7,d4072,38.405476
q7089,8,d3800,38.185059
q7089,9,d6896,37.666451
q7089,10,d3316,35.991798
q7090,1,d4907,55.616829
q7090,2,d3569,49.282021
q7090,3,d4574,47.384857
q7090,4,d6734,42.153824
q7090,5,d4668,41.837818
q7090,6,d3285,41.303745
q7090,7,d3932,39.013924
q7090,8,d6642,37.908596
q7090,9,d7682,36.714649
q7090,10,d1551,36.637486
q7091,1,d1101,46.355923
q7091,2,d3530,42.403755
q7091,3,d5053,41.338963
q7091,4,d5236,36.578667
q7091,5,d6521,33.655075
q7091,6,d6595,32.016762
q7091,7,d2104,31.093040
q7091,8,d3316,29.629288
q7091,9,d7325,29.010857
q7091,10,d1640,28.223660
q7092,1,d1101,72.963036
q7092,2,d865,61.524502
q7092,3,d4826,56.942547
q7092,4,d6575,56.781075
q7092,5,d8606,54.100285
q7092,6,d2104,50.985741
q7092,7,d1337,48.490494
q7092,8,d8358,47.048416
q7092,9,d669,46.301014
q7092,10,d7043,45.179676
q7093,1,d2907,113.913811
q7093,2,d805,90.834190
q7093,3,d1101,75.081390
q7093,4,d6540,54.794708
q7093,5,d5053,52.442417
q7093,6,d7325,52.219536
q7093,7,d6235,52.032093
q7093,8,d5236,50.412930
q7093,9,d6103,50.372341
q7093,10,d4027,47.351570
q7094,1,d3195,113.820358
q7094,2,d5657,88.747742
q7094,3,d1101,49.958641
q7094,4,d7133,38.607674
q7094,5,d5087,33.322060
q7094,6,d6968,33.280369
q7094,7,d4785,31.998970
q7094,8,d4171,25.476774
q7094,9,d7069,24.358463
q7094,10,d4961,24.358198
q7095,1,d4561,110.410408
q7095,2,d189,89.552605
q7095,3,d5332,84.311035
q7095,4,d8416,84.208496
q7095,5,d6917,82.513939
q7095,6,d5222,82.414062
q7095,7,d6783,81.904121
q7095,8,d1620,80.445190
q7095,9,d5819,79.265068
q7095,10,d6491,78.694824
q7096,1,d3918,56.859402
q7096,2,d1101,42.504974
q7096,3,d2919,41.457355
q7096,4,d4907,40.629040
q7096,5,d7133,40.188450
q7096,6,d4140,36.252083
q7096,7,d3569,31.383200
q7096,8,d3297,30.542294
q7096,9,d703,30.522688
q7096,10,d1996,28.753531
q7097,1,d1101,136.395416
q7097,2,d4036,104.367149
q7097,3,d3896,97.794052
q7097,4,d5870,94.081825
q7097,5,d6631,93.889297
q7097,6,d5965,92.943916
q7097,7,d6555,90.781174
q7097,8,d5660,90.317169
q7097,9,d3757,90.067528
q7097,10,d8060,90.031815
q7098,1,d1101,117.249474
q7098,2,d679,81.039673
q7098,3,d865,79.136124
q7098,4,d7989,74.433174
q7098,5,d6575,73.757919
q7098,6,d2104,71.154427
q7098,7,d4463,70.332108
q7098,8,d1337,66.000275
q7098,9,d6187,64.834778
q7098,10,d1225,63.674294
q7099,1,d6985,56.899765
q7099,2,d7743,55.056789
q7099,3,d1851,53.828564
q7099,4,d2215,53.693352
q7099,5,d1843,53.228588
q7099,6,d2154,51.061234
q7099,7,d1189,48.832939
q7099,8,d5945,48.325630
q7099,9,d6195,47.347561
q7099,10,d2805,46.250481
q7100,1,d5266,113.597099
q7100,2,d3352,102.391251
q7100,3,d8711,102.182381
q7100,4,d1947,97.984978
q7100,5,d781,87.542358
q7100,6,d4611,83.748787
q7100,7,d1101,79.876198
q7100,8,d3983,79.661293
q7100,9,d5957,78.725136
q7100,10,d1982,77.774872
q7101,1,d3592,79.911240
q7101,2,d7979,77.588394
q7101,3,d4574,64.207314
q7101,4,d1101,56.367321
q7101,5,d139,54.509945
q7101,6,d1813,53.554661
q7101,7,d394,49.195759
q7101,8,d477,48.129108
q7101,9,d7743,47.790928
q7101,10,d1858,47.067436
q7102,1,d2818,117.744133
q7102,2,d6971,108.358307
q7102,3,d7114,105.973755
q7102,4,d2673,100.911293
q7102,5,d5917,99.057663
q7102,6,d4346,98.984627
q7102,7,d4493,96.558823
q7102,8,d5012,91.079185
q7102,9,d5277,88.764412
q7102,10,d7994,87.779121
q7103,1,d3249,96.602928
q7103,2,d1101,77.094017
q7103,3,d4092,63.713898
q7103,4,d2910,62.144131
q7103,5,d7209,62.046738
q7103,6,d5965,62.046135
q7103,7,d5660,61.834728
q7103,8,d2410,61.381676
q7103,9,d5531,60.170662
q7103,10,d2452,59.885635
q7104,1,d5053,60.718266
q7104,2,d7325,58.021706
q7104,3,d6103,55.969269
q7104,4,d1101,55.521740
q7104,5,d5236,54.486309
q7104,6,d2061,52.194225
q7104,7,d6540,48.124016
q7104,8,d6397,43.624073
q7104,9,d6235,42.803417
q7104,10,d6935,42.160103
q7105,1,d2818,28.637682
q7105,2,d135,26.616121
q7105,3,d5053,24.532200
q7105,4,d5236,24.315823
q7105,5,d1101,23.824303
q7105,6,d6575,23.557632
q7105,7,d7325,23.208685
q7105,8,d4331,23.203848
q7105,9,d7994,23.068306
q7105,10,d3316,22.475933
q7106,1,d5675,80.916405
q7106,2,d6465,78.566444
q7106,3,d4072,70.934250
q7106,4,d1101,65.967102
q7106,5,d2497,59.240162
q7106,6,d8652,59.182610
q7106,7,d5969,57.266705
q7106,8,d2795,56.617847
q7106,9,d4888,55.740891
q7106,10,d6244,55.062042
q7107,1,d4665,81.295876
q7107,2,d1925,70.511887
q7107,3,d1101,70.145592
q7107,4,d8318,68.059158
q7107,5,d5992,55.843899
q7107,6,d3598,55.594986
q7107,7,d3211,53.902992
q7107,8,d3150,51.452576
q7107,9,d2919,46.481274
q7107,10,d5927,46.350624
q7108,1,d4986,92.270584
q7108,2,d2976,75.354088
q7108,3,d6595,62.097347
q7108,4,d4486,59.912754
q7108,5,d3249,53.732117
q7108,6,d1101,50.701839
q7108,7,d3530,49.973507
q7108,8,d6415,46.656303
q7108,9,d703,45.784035
q7108,10,d3297,43.711166
q7109,1,d1101,64.835579
q7109,2,d7233,56.251812
q7109,3,d2154,56.159027
q7109,4,d5236,51.090885
q7109,5,d5053,46.615482
q7109,6,d7325,46.417366
q7109,7,d6103,44.775414
q7109,8,d3316,44.628456
q7109,9,d2215,43.572701
q7109,10,d2061,41.755383
q7110,1,d1101,72.102486
q7110,2,d6384,53.677082
q7110,3,d5965,52.792156
q7110,4,d6555,51.751465
q7110,5,d7989,46.424629
q7110,6,d3316,44.905357
q7110,7,d3520,44.533859
q7110,8,d4659,43.740383
q7110,9,d6971,43.653324
q7110,10,d6631,42.434349
q7111,1,d3378,193.160980
q7111,2,d3270,147.060074
q7111,3,d3889,125.206924
q7111,4,d2681,111.184486
q7111,5,d2884,107.876389
q7111,6,d2732,100.166122
q7111,7,d4135,97.811218
q7111,8,d1101,79.526527
q7111,9,d462,75.723076
q7111,10,d4407,74.299706
q7112,1,d6668,62.180382
q7112,2,d4579,56.510166
q7112,3,d1615,52.579861
q7112,4,d1713,45.381702
q7112,5,d2864,42.570545
q7112,6,d6814,41.752426
q7112,7,d1227,41.625847
q7112,8,d4174,38.265804
q7112,9,d476,36.717945
q7112,10,d7989,36.328510
q7113,1,d4331,63.950485
q7113,2,d5053,58.269352
q7113,3,d7325,58.021706
q7113,4,d6103,55.969269
q7113,5,d5236,54.486309
q7113,6,d2061,52.194225
q7113,7,d1101,50.532753
q7113,8,d8196,46.566917
q7113,9,d6540,46.112057
q7113,10,d6869,44.616657
q7114,1,d1452,94.346069
q7114,2,d1317,93.346527
q7114,3,d258,92.661331
q7114,4,d2154,83.552635
q7114,5,d7809,77.829262
q7114,6,d8379,71.553490
q7114,7,d1083,71.303978
q7114,8,d6274,70.665657
q7114,9,d7534,69.615845
q7114,10,d4672,69.449211
q7115,1,d1626,75.386017
q7115,2,d4868,75.365776
q7115,3,d4983,66.978600
q7115,4,d1799,65.020386
q7115,5,d2546,64.987000
q7115,6,d1665,63.678444
q7115,7,d1761,63.133347
q7115,8,d1559,62.042961
q7115,9,d135,56.010715
q7115,10,d3744,53.166161
q7116,1,d1537,98.806274
q7116,2,d4331,91.769608
q7116,3,d4507,83.012772
q7116,4,d3734,83.012772
q7116,5,d1630,81.127060
q7116,6,d2705,79.285019
q7116,7,d3350,76.268570
q7116,8,d1101,73.236931
q7116,9,d4419,71.198212
q7116,10,d4479,67.776619
q7117,1,d2038,65.411018
q7117,2,d1101,55.686363
q7117,3,d6202,55.032379
q7117,4,d5731,53.138828
q7117,5,d1838,52.135658
q7117,6,d6443,50.378670
q7117,7,d4968,49.735363
q7117,8,d1640,47.821365
q7117,9,d1861,46.717308
q7117,10,d1615,46.462463
q7118,1,d1101,61.490303
q7118,2,d3316,31.055204
q7118,3,d4331,26.946129
q7118,4,d3285,23.371019
q7118,5,d4712,22.982109
q7118,6,d1737,22.472269
q7118,7,d1724,22.126623
q7118,8,d4046,22.012150
q7118,9,d47,20.320465
q7118,10,d7743,20.247810
q7119,1,d962,127.296143
q7119,2,d1261,79.988846
q7119,3,d1714,78.171120
q7119,4,d3628,68.066833
q7119,5,d7989,58.378113
q7119,6,d7119,53.706818
q7119,7,d1118,50.256184
q7119,8,d6384,49.707394
q7119,9,d2540,48.352333
q7119,10,d390,46.736740
q7120,1,d1101,80.270668
q7120,2,d6103,53.395519
q7120,3,d5053,52.442417
q7120,4,d7325,52.219536
q7120,5,d5236,50.412930
q7120,6,d2061,46.974804
q7120,7,d1929,45.744518
q7120,8,d6540,41.500851
q7120,9,d6935,39.536106
q7120,10,d3316,39.423187
q7121,1,d381,77.981621
q7121,2,d3296,74.587036
q7121,3,d3639,55.095493
q7121,4,d1614,51.864048
q7121,5,d4689,50.923859
q7121,6,d7970,49.343948
q7121,7,d3439,48.187370
q7121,8,d1239,48.004219
q7121,9,d4236,47.877419
q7121,10,d1573,47.704193
q7122,1,d1985,90.293251
q7122,2,d1851,89.563026
q7122,3,d1923,89.217110
q7122,4,d1970,88.871597
q7122,5,d1834,86.519485
q7122,6,d1870,86.147659
q7122,7,d1850,85.426353
q7122,8,d1952,84.807182
q7122,9,d1908,84.708176
q7122,10,d1847,83.444344
q7123,1,d3984,15.293196
q7123,2,d3213,14.890549
q7123,3,d961,14.375638
q7123,4,d8712,14.198295
q7123,5,d2613,14.198295
q7123,6,d2624,14.198295
q7123,7,d2939,14.155277
q7123,8,d4469,14.047611
q7123,9,d4869,13.933755
q7123,10,d2610,13.933755
q7124,1,d1101,42.884472
q7124,2,d4954,39.444790
q7124,3,d3898,34.346970
q7124,4,d2594,33.110500
q7124,5,d1626,31.622509
q7124,6,d3316,31.406765
q7124,7,d1929,31.353964
q7124,8,d4602,29.866072
q7124,9,d3694,29.020437
q7124,10,d1789,28.266882
q7125,1,d7125,89.285530
q7125,2,d1101,86.964401
q7125,3,d5571,79.885117
q7125,4,d1716,73.924339
q7125,5,d4786,66.616776
q7125,6,d7410,58.511585
q7125,7,d47,57.340569
q7125,8,d3002,55.415321
q7125,9,d3844,53.078697
q7125,10,d306,47.636162
q7126,1,d6968,73.216812
q7126,2,d4785,70.397743
q7126,3,d1778,43.274803
q7126,4,d135,38.399170
q7126,5,d1615,38.042027
q7126,6,d7743,37.318699
q7126,7,d503,36.123516
q7126,8,d4932,34.441021
q7126,9,d1101,34.434116
q7126,10,d1737,31.647022
q7127,1,d1101,87.484589
q7127,2,d7636,52.674599
q7127,3,d183,47.224499
q7127,4,d1227,44.056278
q7127,5,d484,43.899002
q7127,6,d5716,40.138863
q7127,7,d7121,39.864803
q7127,8,d1615,37.571503
q7127,9,d1965,36.893963
q7127,10,d7209,36.319069
q7128,1,d3892,84.948845
q7128,2,d2551,80.243088
q7128,3,d1709,74.994911
q7128,4,d6977,59.191971
q7128,5,d5053,58.269352
q7128,6,d7325,58.021706
q7128,7,d5236,57.924435
q7128,8,d6103,55.969269
q7128,9,d2061,52.194225
q7128,10,d3156,51.233479
q7129,1,d1101,56.495872
q7129,2,d4856,53.819027
q7129,3,d5421,51.043240
q7129,4,d2838,43.860207
q7129,5,d441,40.986782
q7129,6,d3863,37.370605
q7129,7,d7325,34.189056
q7129,8,d5053,34.091908
q7129,9,d4963,33.942005
q7129,10,d3297,33.470379
q7130,1,d6734,93.622475
q7130,2,d4665,90.706665
q7130,3,d8318,74.609169
q7130,4,d4574,66.878738
q7130,5,d1101,65.193703
q7130,6,d3932,57.854839
q7130,7,d4907,55.812462
q7130,8,d7056,54.917435
q7130,9,d3316,52.015686
q7130,10,d3569,50.398548
q7131,1,d1287,73.181114
q7131,2,d1101,72.293098
q7131,3,d2705,65.475372
q7131,4,d4331,53.512901
q7131,5,d2937,49.937355
q7131,6,d7492,49.042091
q7131,7,d6304,47.479900
q7131,8,d3350,41.027988
q7131,9,d8060,38.909714
q7131,10,d6178,38.594955
q7132,1,d7743,74.822258
q7132,2,d1101,61.543320
q7132,3,d8158,59.237324
q7132,4,d6985,55.712978
q7132,5,d2154,53.609348
q7132,6,d7024,53.142616
q7132,7,d6195,51.753075
q7132,8,d4031,50.913822
q7132,9,d1851,50.448311
q7132,10,d2805,50.216625
q7133,1,d7133,518.634338
q7133,2,d5087,119.959435
q7133,3,d1578,114.493065
q7133,4,d477,112.592079
q7133,5,d4907,106.891716
q7133,6,d2919,102.619965
q7133,7,d148,95.267426
q7133,8,d7069,87.690460
q7133,9,d539,87.502670
q7133,10,d3621,85.133118
q7134,1,d7743,86.512901
q7134,2,d2215,73.941200
q7134,3,d2154,70.852570
q7134,4,d5726,68.870819
q7134,5,d4493,63.623661
q7134,6,d1101,57.533855
q7134,7,d7233,55.968956
q7134,8,d7024,54.106350
q7134,9,d7134,53.273491
q7134,10,d503,52.161118
q7135,1,d4779,103.372658
q7135,2,d1888,98.812950
q7135,3,d5648,90.902603
q7135,4,d1287,81.457336
q7135,5,d7875,76.374374
q7135,6,d1101,68.643486
q7135,7,d2937,68.351265
q7135,8,d4027,59.015408
q7135,9,d4942,50.119873
q7135,10,d6304,47.026558
q7136,1,d1101,63.940552
q7136,2,d1615,56.343464
q7136,3,d4174,56.309803
q7136,4,d463,55.210728
q7136,5,d5705,55.117908
q7136,6,d4593,50.444397
q7136,7,d2467,49.082237
q7136,8,d250,48.966988
q7136,9,d5541,47.713692
q7136,10,d7010,45.791336
q7137,1,d1101,88.907829
q7137,2,d1799,76.335548
q7137,3,d463,73.835304
q7137,4,d1559,69.357224
q7137,5,d4593,68.774300
q7137,6,d1881,66.899422
q7137,7,d543,63.127041
q7137,8,d250,56.134186
q7137,9,d629,55.556557
q7137,10,d865,54.944889
q7138,1,d7209,49.792007
q7138,2,d3792,49.336910
q7138,3,d1101,44.980892
q7138,4,d1071,40.941238
q7138,5,d1711,38.414787
q7138,6,d1292,34.014530
q7138,7,d7297,32.887020
q7138,8,d47,31.136341
q7138,9,d7410,30.892593
q7138,10,d1697,30.463352
q7139,1,d2154,60.546314
q7139,2,d7211,54.288174
q7139,3,d1101,51.660961
q7139,4,d1452,45.413872
q7139,5,d1317,44.591042
q7139,6,d258,43.222412
q7139,7,d7233,42.426933
q7139,8,d4331,42.191307
q7139,9,d2215,38.408607
q7139,10,d7534,38.038818
q7140,1,d5050,41.842670
q7140,2,d2253,40.983150
q7140,3,d2410,38.465626
q7140,4,d5531,38.349621
q7140,5,d4268,36.925835
q7140,6,d2334,35.648117
q7140,7,d4086,35.467224
q7140,8,d4694,35.179607
q7140,9,d6551,33.568382
q7140,10,d1671,32.226883
q7141,1,d1101,50.097294
q7141,2,d2572,45.365204
q7141,3,d1671,44.507065
q7141,4,d2410,39.303860
q7141,5,d8724,38.814827
q7141,6,d4403,38.814827
q7141,7,d2588,37.430798
q7141,8,d4508,36.607040
q7141,9,d7067,36.123470
q7141,10,d4165,35.867844
q7142,1,d4039,126.844719
q7142,2,d3809,125.132553
q7142,3,d4326,115.345001
q7142,4,d5656,110.583542
q7142,5,d6192,100.012711
q7142,6,d7883,94.969559
q7142,7,d2701,93.639648
q7142,8,d2992,92.003899
q7142,9,d5726,92.003899
q7142,10,d4823,91.124763
q7143,1,d1101,118.150002
q7143,2,d5053,75.750160
q7143,3,d7325,75.428215
q7143,4,d6103,72.760048
q7143,5,d5236,71.290619
q7143,6,d865,68.942413
q7143,7,d2061,67.852493
q7143,8,d618,66.843483
q7143,9,d2104,65.528946
q7143,10,d6540,64.445793
q7144,1,d7970,79.521309
q7144,2,d4870,79.255005
q7144,3,d4017,74.679794
q7144,4,d6747,74.430885
q7144,5,d7144,72.192429
q7144,6,d8022,55.618557
q7144,7,d3941,53.829571
q7144,8,d5449,53.825920
q7144,9,d2187,49.345856
q7144,10,d1938,47.721046
q7145,1,d1101,73.543236
q7145,2,d1337,41.317638
q7145,3,d1070,39.688869
q7145,4,d2104,37.789043
q7145,5,d865,37.333683
q7145,6,d7989,33.578011
q7145,7,d6575,33.196529
q7145,8,d8358,32.343872
q7145,9,d3316,31.794653
q7145,10,d1044,31.333744
q7146,1,d1101,74.255341
q7146,2,d3316,53.192375
q7146,3,d3745,51.949966
q7146,4,d7989,50.063080
q7146,5,d2842,49.551453
q7146,6,d1929,49.260399
q7146,7,d1737,48.295128
q7146,8,d4331,47.763412
q7146,9,d846,47.743431
q7146,10,d4230,47.206814
q7147,1,d4017,74.679794
q7147,2,d93,70.637581
q7147,3,d6505,63.205177
q7147,4,d5908,61.912491
q7147,5,d3470,60.838978
q7147,6,d6971,59.453285
q7147,7,d6997,57.830685
q7147,8,d874,56.716965
q7147,9,d8022,55.618557
q7147,10,d1944,55.105892
q7148,1,d463,210.657562
q7148,2,d4626,164.241821
q7148,3,d7148,108.363068
q7148,4,d6499,96.673706
q7148,5,d2818,94.832230
q7148,6,d6885,86.506577
q7148,7,d4995,84.231575
q7148,8,d6665,75.132568
q7148,9,d1062,72.911392
q7148,10,d1709,67.839546
q7149,1,d5332,37.682026
q7149,2,d1101,35.788700
q7149,3,d7363,32.787727
q7149,4,d47,31.598373
q7149,5,d7410,30.072477
q7149,6,d6687,27.728289
q7149,7,d1063,27.621567
q7149,8,d7155,27.466070
q7149,9,d4260,27.454380
q7149,10,d4718,27.260633
q7150,1,d4561,110.410408
q7150,2,d189,87.811821
q7150,3,d8416,84.208496
q7150,4,d6917,82.513939
q7150,5,d6783,82.064476
q7150,6,d5332,81.706421
q7150,7,d1620,80.445190
q7150,8,d5222,80.188736
q7150,9,d6687,79.044746
q7150,10,d6491,78.694824
q7151,1,d8529,64.179375
q7151,2,d7209,62.106209
q7151,3,d1535,49.030090
q7151,4,d1101,42.764011
q7151,5,d1225,42.128567
q7151,6,d2104,37.183449
q7151,7,d6252,36.592331
q7151,8,d1089,36.186211
q7151,9,d5030,35.891880
q7151,10,d1263,35.158237
q7152,1,d1101,62.827938
q7152,2,d6687,62.195938
q7152,3,d4331,60.888588
q7152,4,d2937,55.291073
q7152,5,d5551,55.015625
q7152,6,d1614,53.703903
q7152,7,d3350,50.047649
q7152,8,d4171,46.451756
q7152,9,d1284,46.421574
q7152,10,d2705,45.776802
q7153,1,d4963,63.269455
q7153,2,d3473,61.477718
q7153,3,d5597,58.387222
q7153,4,d133,53.607708
q7153,5,d314,53.392776
q7153,6,d1219,50.065151
q7153,7,d5865,49.332966
q7153,8,d6006,47.829395
q7153,9,d1831,47.597309
q7153,10,d5965,47.012367
q7154,1,d1101,44.021416
q7154,2,d5870,36.804813
q7154,3,d1706,35.158409
q7154,4,d3297,32.899090
q7154,5,d5965,32.479401
q7154,6,d5660,30.781580
q7154,7,d5053,30.012049
q7154,8,d7155,29.018816
q7154,9,d5236,28.005444
q7154,10,d3561,27.964220
q7155,1,d2177,51.263538
q7155,2,d6443,41.274227
q7155,3,d4963,38.877033
q7155,4,d2299,38.249996
q7155,5,d4346,32.632915
q7155,6,d4505,32.360336
q7155,7,d3473,31.095577
q7155,8,d8177,30.353315
q7155,9,d7841,28.980330
q7155,10,d314,28.365715
q7156,1,d3186,68.877266
q7156,2,d1101,62.861458
q7156,3,d1799,60.504238
q7156,4,d4074,58.279793
q7156,5,d1936,57.698582
q7156,6,d1559,57.442299
q7156,7,d4339,57.341961
q7156,8,d1881,55.203976
q7156,9,d1986,54.860409
q7156,10,d1860,53.412006
q7157,1,d1627,88.838287
q7157,2,d1101,79.847771
q7157,3,d5236,77.844894
q7157,4,d2937,74.808380
q7157,5,d4331,70.799797
q7157,6,d4066,67.198318
q7157,7,d3297,66.658073
q7157,8,d6935,66.040329
q7157,9,d1748,65.059425
q7157,10,d135,64.769180
q7158,1,d1101,75.778526
q7158,2,d7642,51.182495
q7158,3,d6384,50.717125
q7158,4,d4244,36.465656
q7158,5,d410,35.490372
q7158,6,d8329,34.753185
q7158,7,d2949,33.839447
q7158,8,d7989,33.798256
q7158,9,d2072,33.400589
q7158,10,d4331,32.845837
q7159,1,d7162,59.377079
q7159,2,d5957,56.433292
q7159,3,d645,54.622997
q7159,4,d4348,53.857330
q7159,5,d4163,49.621731
q7159,6,d1098,48.028244
q7159,7,d1806,44.238831
q7159,8,d1686,44.238754
q7159,9,d1101,42.576351
q7159,10,d190,41.768810
q7160,1,d3898,80.820625
q7160,2,d7743,76.661377
q7160,3,d503,75.679359
q7160,4,d1737,68.963974
q7160,5,d821,68.507126
q7160,6,d2261,67.975929
q7160,7,d8580,66.607246
q7160,8,d7109,66.205223
q7160,9,d6383,66.190521
q7160,10,d7114,64.312317
q7161,1,d561,148.320923
q7161,2,d4378,141.180023
q7161,3,d8637,137.133469
q7161,4,d7246,135.289902
q7161,5,d5229,123.462517
q7161,6,d1527,123.141632
q7161,7,d8390,122.460968
q7161,8,d7192,113.869064
q7161,9,d2007,105.473549
q7161,10,d4914,105.162910
q7162,1,d4564,180.315704
q7162,2,d4131,172.378616
q7162,3,d4651,170.935974
q7162,4,d4565,156.721558
q7162,5,d7989,101.040741
q7162,6,d4230,87.350540
q7162,7,d135,85.593750
q7162,8,d3745,85.524925
q7162,9,d2937,84.958557
q7162,10,d2489,83.579590
q7163,1,d5965,146.225098
q7163,2,d1101,114.828773
q7163,3,d5543,105.869499
q7163,4,d4036,98.690697
q7163,5,d5870,98.550262
q7163,6,d3896,96.832756
q7163,7,d8060,94.942856
q7163,8,d6631,93.679665
q7163,9,d6555,89.874229
q7163,10,d2051,89.843910
q7164,1,d4331,30.191442
q7164,2,d1101,24.785559
q7164,3,d2939,19.002880
q7164,4,d4469,18.844490
q7164,5,d1239,18.729980
q7164,6,d3316,18.450825
q7164,7,d3984,17.742817
q7164,8,d4896,16.957676
q7164,9,d1630,16.591547
q7164,10,d7410,16.188194
q7165,1,d1101,72.963036
q7165,2,d865,61.524502
q7165,3,d4826,56.942547
q7165,4,d6575,56.244259
q7165,5,d8606,53.051235
q7165,6,d2104,50.022144
q7165,7,d1337,48.490494
q7165,8,d8358,47.048416
q7165,9,d669,46.301014
q7165,10,d7043,45.421581
q7166,1,d3060,94.965714
q7166,2,d5922,93.438545
q7166,3,d6444,87.036217
q7166,4,d4132,84.389534
q7166,5,d2715,82.307983
q7166,6,d4643,80.771698
q7166,7,d3934,78.843597
q7166,8,d365,64.915421
q7166,9,d3214,64.128372
q7166,10,d2302,62.895798
q7167,1,d3842,62.939701
q7167,2,d1636,59.000706
q7167,3,d4525,57.896622
q7167,4,d722,50.741276
q7167,5,d1974,47.551662
q7167,6,d4073,47.551662
q7167,7,d1101,47.328747
q7167,8,d1987,45.238506
q7167,9,d1630,44.260147
q7167,10,d387,41.845867
q7168,1,d7989,59.008148
q7168,2,d1101,56.646461
q7168,3,d6384,43.388897
q7168,4,d2540,43.047249
q7168,5,d3316,40.508404
q7168,6,d3584,39.941826
q7168,7,d447,35.128048
q7168,8,d3783,34.828392
q7168,9,d1929,34.178925
q7168,10,d1632,33.981052
q7169,1,d1943,82.578468
q7169,2,d1101,50.649002
q7169,3,d962,46.244396
q7169,4,d7169,39.122906
q7169,5,d7760,36.744076
q7169,6,d5236,36.381149
q7169,7,d137,34.462193
q7169,8,d4253,32.914631
q7169,9,d1929,32.359451
q7169,10,d1248,32.032928
q7170,1,d250,80.411224
q7170,2,d7209,65.661575
q7170,3,d1664,59.033638
q7170,4,d3973,53.369328
q7170,5,d4350,51.332417
q7170,6,d3840,49.656807
q7170,7,d2727,48.577644
q7170,8,d2704,46.090343
q7170,9,d4989,45.637638
q7170,10,d1646,45.599358
q7171,1,d7209,46.305256
q7171,2,d8529,34.648689
q7171,3,d1287,23.942726
q7171,4,d1173,19.112352
q7171,5,d7492,17.587963
q7171,6,d6304,17.027716
q7171,7,d1225,16.373253
q7171,8,d7787,15.435175
q7171,9,d961,13.254767
q7171,10,d1982,12.668800
q7172,1,d2312,87.734138
q7172,2,d3561,78.302856
q7172,3,d4433,77.787376
q7172,4,d8160,70.011314
q7172,5,d1706,63.662617
q7172,6,d264,62.219540
q7172,7,d6104,60.057980
q7172,8,d156,52.017757
q7172,9,d1671,50.543213
q7172,10,d272,48.820179
q7173,1,d2555,82.716881
q7173,2,d2688,82.363358
q7173,3,d4240,81.645348
q7173,4,d4448,81.052223
q7173,5,d2754,80.822411
q7173,6,d8707,80.559067
q7173,7,d2840,79.880684
q7173,8,d1942,76.853020
q7173,9,d3169,75.544685
q7173,10,d4336,75.539146
q7174,1,d1101,30.892290
q7174,2,d8711,26.000801
q7174,3,d312,25.201109
q7174,4,d3950,24.256260
q7174,5,d666,23.803753
q7174,6,d2937,22.453041
q7174,7,d3350,22.384739
q7174,8,d4331,22.048386
q7174,9,d444,20.833445
q7174,10,d4479,20.239586
q7175,1,d1101,56.475128
q7175,2,d4331,46.053261
q7175,3,d3316,39.628136
q7175,4,d1636,34.417080
q7175,5,d5543,31.241560
q7175,6,d3842,30.831039
q7175,7,d1070,30.728477
q7175,8,d4115,30.000916
q7175,9,d1929,28.462267
q7175,10,d5870,28.134804
q7176,1,d1101,58.758244
q7176,2,d5922,39.620934
q7176,3,d4643,39.070400
q7176,4,d6444,38.078339
q7176,5,d3297,37.250507
q7176,6,d4132,36.920422
q7176,7,d2715,36.009743
q7176,8,d7155,35.669331
q7176,9,d3060,35.484226
q7176,10,d365,33.669273
q7177,1,d1537,173.700699
q7177,2,d1630,151.312500
q7177,3,d4507,143.263947
q7177,4,d3734,143.263947
q7177,5,d2705,138.518433
q7177,6,d4419,128.925156
q7177,7,d3350,124.688339
q7177,8,d4479,121.029671
q7177,9,d3848,115.793549
q7177,10,d4222,113.962379
q7178,1,d5053,73.576454
q7178,2,d7325,69.626045
q7178,3,d6103,67.163124
q7178,4,d5236,63.779110
q7178,5,d2061,62.633068
q7178,6,d6540,55.334469
q7178,7,d6397,52.348888
q7178,8,d6235,51.364101
q7178,9,d6935,50.294403
q7178,10,d1748,48.275471
q7179,1,d817,146.400192
q7179,2,d7123,109.255554
q7179,3,d6409,96.477852
q7179,4,d1814,80.413902
q7179,5,d1101,67.045479
q7179,6,d5606,59.365009
q7179,7,d3399,54.010536
q7179,8,d1626,52.759575
q7179,9,d5611,51.142128
q7179,10,d1732,49.088856
q7180,1,d2154,104.742439
q7180,2,d7233,90.466270
q7180,3,d2215,90.361374
q7180,4,d258,90.150940
q7180,5,d930,85.101234
q7180,6,d1317,84.128365
q7180,7,d1435,82.682190
q7180,8,d1452,81.165558
q7180,9,d6133,78.643677
q7180,10,d7114,71.770088
q7181,1,d7557,31.582146
q7181,2,d1101,24.072670
q7181,3,d1761,19.559883
q7181,4,d1626,16.245192
q7181,5,d47,14.141795
q7181,6,d7410,14.039136
q7181,7,d4759,13.893121
q7181,8,d4868,13.799584
q7181,9,d1615,13.530602
q7181,10,d4593,13.355061
q7182,1,d5571,67.595093
q7182,2,d1101,48.025421
q7182,3,d3510,38.460911
q7182,4,d1716,37.144348
q7182,5,d4896,36.590931
q7182,6,d8713,31.938263
q7182,7,d47,30.399338
q7182,8,d1585,30.251520
q7182,9,d7410,30.169207
q7182,10,d4574,29.364237
q7183,1,d561,60.427036
q7183,2,d4378,56.251801
q7183,3,d8637,54.878189
q7183,4,d7246,53.655300
q7183,5,d1101,52.268661
q7183,6,d7183,51.135159
q7183,7,d2489,50.812477
q7183,8,d8390,49.891506
q7183,9,d3781,49.265957
q7183,10,d5229,48.906902
q7184,1,d8752,0.000000
q7184,2,d8751,0.000000
q7184,3,d8750,0.000000
q7184,4,d8749,0.000000
q7184,5,d8748,0.000000
q7184,6,d8747,0.000000
q7184,7,d8746,0.000000
q7184,8,d8745,0.000000
q7184,9,d8744,0.000000
q7184,10,d8743,0.000000
q7185,1,d3192,39.976509
q7185,2,d132,36.267540
q7185,3,d2413,35.005184
q7185,4,d7366,34.976536
q7185,5,d4613,34.557858
q7185,6,d1029,34.250706
q7185,7,d2322,33.138100
q7185,8,d1101,32.063648
q7185,9,d5251,31.005478
q7185,10,d3911,30.966890
q7186,1,d1101,124.316048
q7186,2,d5053,79.500404
q7186,3,d7325,75.428215
q7186,4,d1337,74.931992
q7186,5,d2104,72.968933
q7186,6,d6103,72.760048
q7186,7,d5236,68.998535
q7186,8,d679,68.501556
q7186,9,d2061,67.852493
q7186,10,d6575,64.557236
q7187,1,d6465,34.647198
q7187,2,d1101,33.094551
q7187,3,d1709,32.520638
q7187,4,d3615,29.131102
q7187,5,d1961,28.893097
q7187,6,d3034,27.852266
q7187,7,d5675,27.823238
q7187,8,d3184,26.922281
q7187,9,d555,26.565182
q7187,10,d2588,25.650314
q7188,1,d1101,117.785454
q7188,2,d865,62.121704
q7188,3,d1337,60.974873
q7188,4,d679,55.838013
q7188,5,d7989,53.566399
q7188,6,d6575,52.152630
q7188,7,d8358,49.195427
q7188,8,d1044,48.985630
q7188,9,d2104,48.848072
q7188,10,d4036,48.186455
q7189,1,d4331,57.561260
q7189,2,d1101,51.934036
q7189,3,d1991,44.358959
q7189,4,d4203,41.956409
q7189,5,d2705,41.291275
q7189,6,d7310,39.452293
q7189,7,d1337,39.426815
q7189,8,d2937,38.450653
q7189,9,d1537,37.725094
q7189,10,d6164,37.659737
q7190,1,d2154,48.740849
q7190,2,d7233,41.704308
q7190,3,d2215,39.374825
q7190,4,d1317,36.414375
q7190,5,d1452,33.223915
q7190,6,d258,31.206005
q7190,7,d7134,31.117832
q7190,8,d7534,30.910513
q7190,9,d1791,28.711912
q7190,10,d7900,28.669186
q7191,1,d7209,49.209991
q7191,2,d1101,41.941319
q7191,3,d8529,27.984226
q7191,4,d4331,25.207916
q7191,5,d1225,23.826180
q7191,6,d1929,23.502827
q7191,7,d1337,21.827007
q7191,8,d3316,21.405571
q7191,9,d6743,18.226652
q7191,10,d7787,17.025761
q7192,1,d4017,58.884521
q7192,2,d154,58.309383
q7192,3,d1101,56.067413
q7192,4,d7051,55.117065
q7192,5,d3295,54.479744
q7192,6,d6490,54.017994
q7192,7,d4914,52.183014
q7192,8,d5613,50.024773
q7192,9,d561,49.440304
q7192,10,d6343,48.915524
q7193,1,d4708,123.548393
q7193,2,d7720,46.365543
q7193,3,d6493,33.680550
q7193,4,d5093,30.317862
q7193,5,d1101,30.300201
q7193,6,d6063,24.962566
q7193,7,d47,24.638344
q7193,8,d4339,24.190321
q7193,9,d7410,24.088554
q7193,10,d4074,23.169636
q7194,1,d4665,86.490753
q7194,2,d6734,77.282013
q7194,3,d8318,72.483032
q7194,4,d3932,71.746857
q7194,5,d7505,66.395416
q7194,6,d5992,64.553841
q7194,7,d8158,61.416782
q7194,8,d3598,60.649075
q7194,9,d5656,60.318306
q7194,10,d3211,58.803265
q7195,1,d5053,93.230965
q7195,2,d7325,92.834724
q7195,3,d6103,89.550819
q7195,4,d6540,89.403046
q7195,5,d5236,86.948883
q7195,6,d2061,83.510757
q7195,7,d6235,75.260078
q7195,8,d1748,71.930916
q7195,9,d4881,71.626991
q7195,10,d6397,69.798515
q7196,1,d1101,92.370712
q7196,2,d6316,44.236595
q7196,3,d4036,43.693726
q7196,4,d2104,43.195251
q7196,5,d4331,42.088593
q7196,6,d3316,41.478348
q7196,7,d1337,40.542889
q7196,8,d5660,38.131958
q7196,9,d5053,36.788227
q7196,10,d5543,35.718449
q7197,1,d1101,56.741203
q7197,2,d8529,37.403290
q7197,3,d5543,29.341558
q7197,4,d3316,28.112379
q7197,5,d4331,27.673075
q7197,6,d135,26.925112
q7197,7,d2937,22.904083
q7197,8,d2051,22.575350
q7197,9,d4885,21.456417
q7197,10,d469,21.403278
q7198,1,d4954,46.773544
q7198,2,d1118,42.587906
q7198,3,d2469,42.279465
q7198,4,d1101,40.370705
q7198,5,d2594,35.748512
q7198,6,d1782,34.693825
q7198,7,d3316,33.339817
q7198,8,d2051,32.388203
q7198,9,d685,30.824697
q7198,10,d4322,29.804756
q7199,1,d1731,87.520851
q7199,2,d4550,79.923210
q7199,3,d5202,75.715790
q7199,4,d8499,74.886635
q7199,5,d1101,63.988747
q7199,6,d4036,55.440010
q7199,7,d5965,53.246532
q7199,8,d487,49.985538
q7199,9,d2410,48.280182
q7199,10,d7672,47.795952
q7200,1,d1101,64.516899
q7200,2,d1929,54.076523
q7200,3,d3316,41.353794
q7200,4,d7672,40.745255
q7200,5,d7642,39.105736
q7200,6,d4171,38.955177
q7200,7,d1294,35.914021
q7200,8,d555,35.877495
q7200,9,d6687,35.198715
q7200,10,d4331,34.637810
q7201,1,d1101,63.187935
q7201,2,d285,55.808731
q7201,3,d6670,52.006294
q7201,4,d5504,50.764565
q7201,5,d4201,50.531994
q7201,6,d5724,48.961811
q7201,7,d8535,48.943966
q7201,8,d6581,45.442665
q7201,9,d268,44.573219
q7201,10,d4963,39.311653
q7202,1,d7202,119.596802
q7202,2,d338,102.707329
q7202,3,d181,101.764069
q7202,4,d6642,61.676292
q7202,5,d1101,51.316460
q7202,6,d6359,41.520554
q7202,7,d7545,38.024002
q7202,8,d6206,36.694008
q7202,9,d2566,36.538998
q7202,10,d5965,35.933723
q7203,1,d1101,81.533958
q7203,2,d5460,51.689465
q7203,3,d4546,48.129517
q7203,4,d4331,47.293743
q7203,5,d4824,43.354164
q7203,6,d2937,43.164146
q7203,7,d4314,40.828171
q7203,8,d3316,40.336311
q7203,9,d5870,39.564289
q7203,10,d5103,39.324299
q7204,1,d1933,114.252403
q7204,2,d1965,108.402939
q7204,3,d1889,107.187607
q7204,4,d7042,105.987495
q7204,5,d8700,96.947960
q7204,6,d1880,94.430382
q7204,7,d1850,93.966507
q7204,8,d1909,93.691772
q7204,9,d2261,92.915771
q7204,10,d1952,90.614265
q7205,1,d6734,125.348221
q7205,2,d314,99.434357
q7205,3,d1101,97.407272
q7205,4,d2483,80.772568
q7205,5,d1287,60.765873
q7205,6,d4112,51.143501
q7205,7,d865,49.714817
q7205,8,d7155,48.089470
q7205,9,d4036,46.187840
q7205,10,d5236,45.673946
q7206,1,d1101,36.395336
q7206,2,d4331,23.569809
q7206,3,d1929,21.900639
q7206,4,d7512,20.934807
q7206,5,d47,20.780426
q7206,6,d7410,20.613543
q7206,7,d7763,19.675714
q7206,8,d4485,19.601948
q7206,9,d2491,19.587257
q7206,10,d6316,19.520918
q7207,1,d8196,62.598595
q7207,2,d3522,60.062534
q7207,3,d2072,58.739227
q7207,4,d1724,57.477047
q7207,5,d7258,57.099213
q7207,6,d1892,55.408661
q7207,7,d7034,54.773075
q7207,8,d4303,54.623009
q7207,9,d113,54.511948
q7207,10,d5653,53.794418
q7208,1,d480,72.093513
q7208,2,d4486,58.051239
q7208,3,d1615,55.544884
q7208,4,d6895,52.056801
q7208,5,d3572,50.192307
q7208,6,d1318,46.943832
q7208,7,d1101,46.751785
q7208,8,d4981,38.553452
q7208,9,d7983,36.841465
q7208,10,d4759,36.785610
q7209,1,d1101,56.669731
q7209,2,d4017,44.612885
q7209,3,d2937,42.557320
q7209,4,d4331,41.697796
q7209,5,d1337,38.652332
q7209,6,d8022,33.791733
q7209,7,d5870,31.677687
q7209,8,d5660,31.116884
q7209,9,d1929,30.152500
q7209,10,d5332,29.360861
q7210,1,d6465,42.120232
q7210,2,d5675,41.824551
q7210,3,d1101,35.908581
q7210,4,d2410,30.070320
q7210,5,d8652,29.961216
q7210,6,d2086,28.066877
q7210,7,d2134,27.133291
q7210,8,d4262,26.648186
q7210,9,d7685,26.539837
q7210,10,d3969,26.531645
q7211,1,d1933,70.866745
q7211,2,d7211,70.370987
q7211,3,d1077,69.162659
q7211,4,d7042,63.397560
q7211,5,d1101,62.837528
q7211,6,d6252,57.189976
q7211,7,d1909,56.742317
q7211,8,d1870,55.621239
q7211,9,d1855,55.326778
q7211,10,d384,55.073753
q7212,1,d6606,93.311661
q7212,2,d2410,92.464790
q7212,3,d4508,82.989655
q7212,4,d1101,81.222923
q7212,5,d6929,80.763519
q7212,6,d4165,71.511444
q7212,7,d1671,71.276459
q7212,8,d4979,70.249054
q7212,9,d8024,70.068909
q7212,10,d4671,68.273064
q7213,1,d4331,21.060074
q7213,2,d4741,20.950005
q7213,3,d4932,18.282742
q7213,4,d4339,17.878853
q7213,5,d1101,17.596533
q7213,6,d4074,17.230793
q7213,7,d1313,16.306427
q7213,8,d6128,15.848723
q7213,9,d3971,15.748668
q7213,10,d8184,15.070926
q7214,1,d1101,54.095566
q7214,2,d7642,35.213299
q7214,3,d1118,34.506187
q7214,4,d1632,34.097698
q7214,5,d7971,34.067036
q7214,6,d3009,33.390804
q7214,7,d2762,32.816486
q7214,8,d3783,31.963900
q7214,9,d54,31.643227
q7214,10,d4244,31.297577
q7215,1,d7209,85.279411
q7215,2,d4339,45.246799
q7215,3,d3331,44.379227
q7215,4,d4074,43.299847
q7215,5,d4932,42.871651
q7215,6,d1101,42.382244
q7215,7,d1727,41.147839
q7215,8,d1972,40.113781
q7215,9,d357,40.063339
q7215,10,d799,39.434139
q7216,1,d7003,77.643532
q7216,2,d4712,56.529438
q7216,3,d6521,53.957355
q7216,4,d5251,53.525600
q7216,5,d6734,47.529572
q7216,6,d4613,47.378841
q7216,7,d8612,47.191364
q7216,8,d653,45.905411
q7216,9,d314,43.502537
q7216,10,d3316,42.807030
q7217,1,d1101,51.613914
q7217,2,d1615,42.561314
q7217,3,d7989,40.918457
q7217,4,d3109,40.499802
q7217,5,d6717,40.481510
q7217,6,d1799,40.026951
q7217,7,d6398,38.586094
q7217,8,d8627,38.574982
q7217,9,d6464,38.567570
q7217,10,d1559,37.998726
q7218,1,d4314,78.775795
q7218,2,d2154,76.520241
q7218,3,d4331,67.008095
q7218,4,d1791,66.786591
q7218,5,d7534,65.238487
q7218,6,d8158,62.915241
q7218,7,d1101,61.535423
q7218,8,d258,61.376980
q7218,9,d7505,60.224571
q7218,10,d7482,59.982063
q7219,1,d805,77.881966
q7219,2,d1101,52.270763
q7219,3,d6521,41.966831
q7219,4,d4963,40.684753
q7219,5,d7003,35.447056
q7219,6,d3473,33.510567
q7219,7,d133,32.848347
q7219,8,d314,32.635952
q7219,9,d4331,30.947779
q7219,10,d5597,30.732533
q7220,1,d1101,51.076977
q7220,2,d5053,36.788227
q7220,3,d7325,34.813026
q7220,4,d5236,34.754665
q7220,5,d6103,33.581558
q7220,6,d2061,31.316538
q7220,7,d6935,30.803337
q7220,8,d5184,30.113037
q7220,9,d4522,28.690901
q7220,10,d6540,27.667234
q7221,1,d1101,45.010555
q7221,2,d8549,44.670170
q7221,3,d5053,40.788548
q7221,4,d7325,40.615196
q7221,5,d5236,39.974087
q7221,6,d6103,39.178486
q7221,7,d2061,36.535961
q7221,8,d2333,36.024094
q7221,9,d5495,34.427761
q7221,10,d4171,34.414585
q7222,1,d521,82.224289
q7222,2,d361,67.667778
q7222,3,d1101,60.976013
q7222,4,d242,58.317768
q7222,5,d1729,57.924171
q7222,6,d6540,51.222404
q7222,7,d543,48.965656
q7222,8,d1227,48.045692
q7222,9,d4174,46.658009
q7222,10,d6235,44.980644
q7223,1,d1970,77.093796
q7223,2,d6857,72.291237
q7223,3,d1830,71.479919
q7223,4,d1952,71.158562
q7223,5,d1909,70.971863
q7223,6,d1853,70.574722
q7223,7,d1933,69.986473
q7223,8,d1899,69.351051
q7223,9,d1826,69.114059
q7223,10,d1880,69.055237
q7224,1,d2154,63.092918
q7224,2,d2215,44.648922
q7224,3,d1101,42.801083
q7224,4,d7233,42.222404
q7224,5,d8379,37.918217
q7224,6,d3316,34.567329
q7224,7,d4331,32.190357
q7224,8,d1239,31.289333
q7224,9,d2001,31.043545
q7224,10,d194,28.355566
q7225,1,d817,69.990242
q7225,2,d7123,69.410698
q7225,3,d1101,68.582382
q7225,4,d3322,37.263054
q7225,5,d8158,31.410948
q7225,6,d339,28.397974
q7225,7,d3316,27.309776
q7225,8,d4156,26.719688
q7225,9,d3557,25.625469
q7225,10,d1791,23.997595
q7226,1,d1537,69.867500
q7226,2,d4331,65.078346
q7226,3,d3350,63.120644
q7226,4,d2705,59.233383
q7226,5,d8529,58.934059
q7226,6,d1630,56.999290
q7226,7,d1101,56.679771
q7226,8,d3734,56.383209
q7226,9,d4507,56.383209
q7226,10,d4419,56.338287
q7227,1,d2154,108.532082
q7227,2,d7482,96.792732
q7227,3,d5460,93.741493
q7227,4,d4268,91.436401
q7227,5,d1317,85.929573
q7227,6,d5236,80.261436
q7227,7,d258,79.503830
q7227,8,d4546,77.582489
q7227,9,d1791,77.357010
q7227,10,d4824,77.266693
q7228,1,d306,44.694962
q7228,2,d4543,38.143044
q7228,3,d4796,37.810024
q7228,4,d1671,36.114578
q7228,5,d712,32.357666
q7228,6,d4165,32.079136
q7228,7,d4013,32.010117
q7228,8,d7270,31.745405
q7228,9,d3420,31.113749
q7228,10,d4839,30.883839
q7229,1,d2795,48.829853
q7229,2,d1101,42.405518
q7229,3,d4471,37.298752
q7229,4,d2497,34.490818
q7229,5,d4072,33.152569
q7229,6,d2918,32.874184
q7229,7,d3465,32.743023
q7229,8,d3115,32.465260
q7229,9,d3297,32.430595
q7229,10,d2586,31.374445
q7230,1,d1101,41.374893
q7230,2,d7989,37.362785
q7230,3,d2762,35.916164
q7230,4,d4244,34.665558
q7230,5,d7971,34.180492
q7230,6,d3226,33.682957
q7230,7,d6384,32.834702
q7230,8,d54,32.824017
q7230,9,d2540,31.648045
q7230,10,d895,31.020638
q7231,1,d3625,59.162571
q7231,2,d645,44.798710
q7231,3,d3041,40.843723
q7231,4,d7450,37.533836
q7231,5,d3455,35.798752
q7231,6,d2923,35.673695
q7231,7,d1101,34.407951
q7231,8,d3316,31.464603
q7231,9,d2370,31.374866
q7231,10,d273,29.516884
q7232,1,d1101,67.552643
q7232,2,d4770,63.169960
q7232,3,d1848,58.232201
q7232,4,d1707,55.165009
q7232,5,d3080,42.376873
q7232,6,d2099,39.067226
q7232,7,d2506,37.705681
q7232,8,d2823,36.064148
q7232,9,d4824,35.966839
q7232,10,d2104,35.800041
q7233,1,d2154,120.426414
q7233,2,d2215,83.650497
q7233,3,d1791,77.996758
q7233,4,d7233,77.624840
q7233,5,d7534,68.510757
q7233,6,d8158,61.322437
q7233,7,d6356,60.695312
q7233,8,d8612,56.327923
q7233,9,d1295,53.402710
q7233,10,d7134,51.746712
q7234,1,d1101,70.639297
q7234,2,d2104,45.776024
q7234,3,d6575,41.773571
q7234,4,d6465,39.870640
q7234,5,d3969,36.349136
q7234,6,d7400,36.341808
q7234,7,d1070,35.035686
q7234,8,d8606,34.676308
q7234,9,d4036,34.430080
q7234,10,d1337,34.389103
q7235,1,d1101,67.430374
q7235,2,d865,42.493164
q7235,3,d2104,42.360638
q7235,4,d6575,41.134411
q7235,5,d1337,40.366077
q7235,6,d8606,39.969730
q7235,7,d543,39.433002
q7235,8,d669,35.321186
q7235,9,d8358,35.170494
q7235,10,d1044,34.608044
q7236,1,d7236,82.242172
q7236,2,d7969,75.382645
q7236,3,d3378,68.496330
q7236,4,d5142,57.453922
q7236,5,d8050,56.823765
q7236,6,d6594,54.787891
q7236,7,d3639,53.596630
q7236,8,d2841,52.564068
q7236,9,d3427,52.329109
q7236,10,d3570,47.444061
q7237,1,d4938,114.171677
q7237,2,d8248,96.900993
q7237,3,d5965,70.354401
q7237,4,d1101,63.189415
q7237,5,d4769,57.993919
q7237,6,d5870,51.435173
q7237,7,d5606,48.087009
q7237,8,d4036,47.867050
q7237,9,d3896,47.171852
q7237,10,d8060,46.250999
q7238,1,d1101,60.792747
q7238,2,d3842,56.580788
q7238,3,d4525,50.104164
q7238,4,d1636,49.167255
q7238,5,d4331,43.027634
q7238,6,d1974,41.549232
q7238,7,d3059,40.159550
q7238,8,d4073,39.626385
q7238,9,d1987,37.698757
q7238,10,d722,37.326626
q7239,1,d3557,24.451817
q7239,2,d1936,22.591726
q7239,3,d5192,20.305899
q7239,4,d8021,19.466051
q7239,5,d3984,19.116495
q7239,6,d4576,19.028976
q7239,7,d3213,18.613186
q7239,8,d7410,18.392698
q7239,9,d47,18.136892
q7239,10,d1101,18.010527
q7240,1,d4144,86.724182
q7240,2,d1777,86.076096
q7240,3,d3555,81.542480
q7240,4,d2702,79.411224
q7240,5,d3735,76.151154
q7240,6,d1949,75.508110
q7240,7,d5234,73.740105
q7240,8,d2695,68.154839
q7240,9,d3522,66.758919
q7240,10,d1748,62.042450
q7241,1,d1101,46.723087
q7241,2,d1942,35.287880
q7241,3,d1804,32.125397
q7241,4,d1832,31.949884
q7241,5,d6743,30.806988
q7241,6,d1337,29.907375
q7241,7,d1991,29.827257
q7241,8,d7310,28.923803
q7241,9,d2253,28.613398
q7241,10,d2937,28.274477
q7242,1,d6415,76.121376
q7242,2,d3249,59.009598
q7242,3,d1101,54.612610
q7242,4,d4986,54.309460
q7242,5,d6595,47.170139
q7242,6,d2976,43.956551
q7242,7,d4555,41.804867
q7242,8,d2452,39.923752
q7242,9,d7733,37.693760
q7242,10,d5965,36.291180
q7243,1,d3910,21.268782
q7243,2,d1029,19.954651
q7243,3,d1804,18.531044
q7243,4,d7702,17.605019
q7243,5,d1101,15.934275
q7243,6,d3011,15.551162
q7243,7,d2669,15.318293
q7243,8,d4250,15.032781
q7243,9,d3316,14.862833
q7243,10,d2253,14.808788
q7244,1,d7521,103.808212
q7244,2,d3025,92.266289
q7244,3,d3616,88.775032
q7244,4,d6574,88.279083
q7244,5,d4329,81.438286
q7244,6,d645,81.375946
q7244,7,d7162,80.803307
q7244,8,d1806,79.978104
q7244,9,d1098,72.325439
q7244,10,d4348,67.434509
q7245,1,d1101,58.427208
q7245,2,d3487,46.247086
q7245,3,d2148,42.098778
q7245,4,d4615,41.669369
q7245,5,d1955,41.489529
q7245,6,d6316,41.310707
q7245,7,d4409,38.113613
q7245,8,d7287,37.142078
q7245,9,d3316,36.665264
q7245,10,d445,36.403145
q7246,1,d561,65.920403
q7246,2,d4378,64.473022
q7246,3,d8637,62.299534
q7246,4,d7246,60.082630
q7246,5,d1527,56.986584
q7246,6,d320,56.159187
q7246,7,d8390,54.427097
q7246,8,d4983,53.935177
q7246,9,d5229,53.352985
q7246,10,d1789,52.610489
q7247,1,d4665,111.486168
q7247,2,d8318,92.304688
q7247,3,d4327,66.392487
q7247,4,d7056,56.289124
q7247,5,d3598,55.594986
q7247,6,d3211,53.902992
q7247,7,d5992,51.311451
q7247,8,d1261,50.739567
q7247,9,d3932,49.765442
q7247,10,d1925,49.318012
q7248,1,d4510,90.517685
q7248,2,d4475,73.146194
q7248,3,d1101,52.171474
q7248,4,d5611,49.698730
q7248,5,d5606,48.087009
q7248,6,d4803,44.881664
q7248,7,d7989,38.164097
q7248,8,d1737,34.722404
q7248,9,d7743,33.831493
q7248,10,d4961,33.220253
q7249,1,d1101,35.544857
q7249,2,d2928,35.439266
q7249,3,d3316,25.253807
q7249,4,d3285,23.478874
q7249,5,d2937,20.861370
q7249,6,d1737,20.110615
q7249,7,d1029,19.883371
q7249,8,d4099,19.648851
q7249,9,d4331,18.834709
q7249,10,d8713,18.680227
q7250,1,d1357,92.470383
q7250,2,d1101,87.382027
q7250,3,d2937,78.048912
q7250,4,d4262,74.614914
q7250,5,d2489,73.468018
q7250,6,d3316,73.310684
q7250,7,d4230,72.513100
q7250,8,d3896,70.473404
q7250,9,d7989,68.170258
q7250,10,d4036,67.467545
q7251,1,d4322,250.021225
q7251,2,d4954,249.185516
q7251,3,d1615,218.977570
q7251,4,d2594,197.623856
q7251,5,d1118,194.642960
q7251,6,d1755,173.849152
q7251,7,d3479,173.712509
q7251,8,d2469,168.227112
q7251,9,d1782,167.031601
q7251,10,d4395,167.003937
q7252,1,d1101,80.450356
q7252,2,d7233,70.450607
q7252,3,d1435,66.893555
q7252,4,d930,62.324024
q7252,5,d6133,61.103794
q7252,6,d2154,57.313713
q7252,7,d7108,54.607414
q7252,8,d6293,54.550949
q7252,9,d6188,52.668945
q7252,10,d7114,51.787384
q7253,1,d1101,70.999077
q7253,2,d1636,63.657673
q7253,3,d3842,59.224873
q7253,4,d4073,57.717190
q7253,5,d6206,51.571091
q7253,6,d1974,47.551662
q7253,7,d722,47.221405
q7253,8,d1987,47.119240
q7253,9,d286,47.061951
q7253,10,d4525,46.754761
q7254,1,d7254,125.374443
q7254,2,d1101,79.886086
q7254,3,d2947,54.839054
q7254,4,d4364,52.564911
q7254,5,d2816,51.919277
q7254,6,d4680,51.377979
q7254,7,d3988,50.243458
q7254,8,d4215,49.668701
q7254,9,d6525,49.240261
q7254,10,d4664,49.157959
q7255,1,d4331,66.640099
q7255,2,d3350,59.710835
q7255,3,d5053,58.269352
q7255,4,d7325,58.021706
q7255,5,d6103,55.969269
q7255,6,d5236,54.486309
q7255,7,d8529,52.269596
q7255,8,d1537,52.224701
q7255,9,d2061,52.194225
q7255,10,d2705,51.450329
q7256,1,d1006,58.461311
q7256,2,d8379,57.141872
q7256,3,d1452,56.704826
q7256,4,d4672,54.089996
q7256,5,d769,53.478298
q7256,6,d561,49.440304
q7256,7,d1077,49.071861
q7256,8,d5909,47.655022
q7256,9,d4378,47.493156
q7256,10,d1047,46.635029
q7257,1,d1101,73.401230
q7257,2,d1888,64.783188
q7257,3,d4779,60.430138
q7257,4,d4027,58.696030
q7257,5,d5648,58.314209
q7257,6,d5053,55.748558
q7257,7,d7875,54.339890
q7257,8,d2937,50.756130
q7257,9,d4942,50.119873
q7257,10,d7325,46.417366
q7258,1,d6734,48.713650
q7258,2,d1101,41.988831
q7258,3,d5870,38.393383
q7258,4,d6971,38.217430
q7258,5,d6555,38.199139
q7258,6,d3896,36.961876
q7258,7,d6631,36.343449
q7258,8,d4036,35.556179
q7258,9,d8060,35.193115
q7258,10,d5660,33.556534
q7259,1,d1101,67.608475
q7259,2,d5053,60.741871
q7259,3,d7325,58.021706
q7259,4,d6103,55.969269
q7259,5,d5236,53.340267
q7259,6,d2061,52.194225
q7259,7,d6540,50.072193
q7259,8,d1337,48.789852
q7259,9,d1748,47.831608
q7259,10,d6235,44.763420
q7260,1,d2154,78.843170
q7260,2,d258,66.580566
q7260,3,d1452,61.576427
q7260,4,d7534,60.616398
q7260,5,d8072,59.995857
q7260,6,d1791,57.278522
q7260,7,d1414,56.959728
q7260,8,d1317,56.856041
q7260,9,d6274,55.208633
q7260,10,d7134,52.187572
q7261,1,d311,22.298195
q7261,2,d3316,21.487993
q7261,3,d5095,21.239403
q7261,4,d4331,20.881287
q7261,5,d1101,20.696627
q7261,6,d1029,20.690718
q7261,7,d8067,20.576845
q7261,8,d1551,19.610565
q7261,9,d1068,18.567364
q7261,10,d2489,18.428314
q7262,1,d4945,50.732933
q7262,2,d5044,31.649603
q7262,3,d560,30.576096
q7262,4,d1101,27.742939
q7262,5,d2104,23.524269
q7262,6,d3922,22.923971
q7262,7,d6575,21.849737
q7262,8,d5358,21.596581
q7262,9,d5733,21.557943
q7262,10,d1928,20.363209
q7263,1,d4897,50.949276
q7263,2,d1101,44.017925
q7263,3,d7558,39.748398
q7263,4,d1942,38.823429
q7263,5,d3842,37.313633
q7263,6,d2755,34.623413
q7263,7,d120,34.594772
q7263,8,d8707,34.244473
q7263,9,d1930,33.575581
q7263,10,d4240,33.556011
q7264,1,d1101,83.589600
q7264,2,d3297,80.856293
q7264,3,d4665,76.291901
q7264,4,d4574,73.461143
q7264,5,d3932,65.881416
q7264,6,d5992,65.383202
q7264,7,d4907,59.537041
q7264,8,d3569,55.998386
q7264,9,d4331,55.304924
q7264,10,d4896,53.238136
q7265,1,d1101,76.685410
q7265,2,d1627,75.399460
q7265,3,d2322,70.240906
q7265,4,d1724,61.546768
q7265,5,d6737,61.519920
q7265,6,d6540,58.100998
q7265,7,d5053,57.417122
q7265,8,d6235,53.089661
q7265,9,d5236,52.705013
q7265,10,d7325,52.219536
q7266,1,d6465,53.549831
q7266,2,d8060,47.979893
q7266,3,d5543,40.121090
q7266,4,d2410,39.708214
q7266,5,d4036,39.411896
q7266,6,d2051,38.602482
q7266,7,d1101,38.118713
q7266,8,d5675,37.549728
q7266,9,d712,36.046684
q7266,10,d5965,35.546738
q7267,1,d6734,85.115440
q7267,2,d4665,76.944183
q7267,3,d1101,75.455132
q7267,4,d8318,64.060493
q7267,5,d7056,47.993019
q7267,6,d3598,45.486809
q7267,7,d3211,44.102448
q7267,8,d2569,42.769791
q7267,9,d3932,42.731483
q7267,10,d1925,41.841476
q7268,1,d1671,29.239168
q7268,2,d8606,24.734783
q7268,3,d6465,23.608267
q7268,4,d5675,23.572985
q7268,5,d1101,22.593546
q7268,6,d5716,21.881083
q7268,7,d7121,21.698940
q7268,8,d2224,21.192162
q7268,9,d7410,21.083187
q7268,10,d47,21.023960
q7269,1,d6631,63.322880
q7269,2,d8711,62.979996
q7269,3,d2690,60.776253
q7269,4,d175,57.296764
q7269,5,d7125,55.981285
q7269,6,d3844,55.483932
q7269,7,d2199,54.507442
q7269,8,d4690,54.114956
q7269,9,d4745,53.625343
q7269,10,d2880,53.287151
q7270,1,d1101,93.863808
q7270,2,d4036,75.304413
q7270,3,d1337,71.025688
q7270,4,d865,70.748108
q7270,5,d1044,68.161674
q7270,6,d8358,67.514381
q7270,7,d679,63.758381
q7270,8,d8606,54.203270
q7270,9,d1639,53.358154
q7270,10,d4839,51.171719
q7271,1,d7271,117.211029
q7271,2,d1101,55.868095
q7271,3,d5053,47.839939
q7271,4,d7325,46.417366
q7271,5,d5236,46.339550
q7271,6,d6103,44.775414
q7271,7,d2061,41.755383
q7271,8,d1748,40.240768
q7271,9,d7251,39.556683
q7271,10,d6540,37.895622
q7272,1,d2154,57.034031
q7272,2,d2215,44.361557
q7272,3,d1101,40.220367
q7272,4,d7743,40.194607
q7272,5,d7233,39.646935
q7272,6,d1843,31.731079
q7272,7,d1851,30.460106
q7272,8,d6985,29.823404
q7272,9,d7534,29.212368
q7272,10,d7024,28.571306
q7273,1,d7724,72.619270
q7273,2,d7722,70.416924
q7273,3,d7273,68.947235
q7273,4,d1809,64.596664
q7273,5,d3316,54.133446
q7273,6,d4986,37.426777
q7273,7,d1882,36.055771
q7273,8,d7161,30.245007
q7273,9,d1944,29.558834
q7273,10,d1101,27.995783
q7274,1,d6133,101.934647
q7274,2,d1435,97.032600
q7274,3,d7233,94.158981
q7274,4,d930,92.306000
q7274,5,d8488,80.698372
q7274,6,d6188,78.867111
q7274,7,d2154,75.544296
q7274,8,d7108,75.493729
q7274,9,d5529,71.655884
q7274,10,d1297,69.235008
q7275,1,d1881,88.152153
q7275,2,d1799,82.003380
q7275,3,d1559,81.388847
q7275,4,d1101,80.871574
q7275,5,d4174,75.957970
q7275,6,d4593,75.738762
q7275,7,d8352,72.113701
q7275,8,d463,69.970001
q7275,9,d1392,69.755013
q7275,10,d4983,61.982090
q7276,1,d4779,167.289978
q7276,2,d1888,151.927368
q7276,3,d5648,135.220551
q7276,4,d7875,104.747398
q7276,5,d2937,89.652718
q7276,6,d4027,76.008896
q7276,7,d4942,68.345276
q7276,8,d1101,55.866684
q7276,9,d1107,53.357349
q7276,10,d3179,52.106480
q7277,1,d1101,40.642921
q7277,2,d2410,39.608845
q7277,3,d4508,35.440830
q7277,4,d4839,35.305729
q7277,5,d5606,35.242825
q7277,6,d6929,33.096298
q7277,7,d1949,32.751198
q7277,8,d5611,31.719469
q7277,9,d4331,31.193966
q7277,10,d4036,30.956739
q7278,1,d1101,67.160225
q7278,2,d8021,66.323814
q7278,3,d4331,62.833824
q7278,4,d6128,59.974800
q7278,5,d3316,53.416584
q7278,6,d7215,51.758232
q7278,7,d2051,50.516190
q7278,8,d4230,49.293388
q7278,9,d1636,49.167255
q7278,10,d3238,49.075165
q7279,1,d4331,70.349373
q7279,2,d5053,64.096291
q7279,3,d7325,63.823875
q7279,4,d6103,61.566196
q7279,5,d5236,60.851772
q7279,6,d1101,58.279530
q7279,7,d2061,57.413647
q7279,8,d2705,53.559856
q7279,9,d6540,52.652046
q7279,10,d1748,49.899708
q7280,1,d1955,58.377853
q7280,2,d7287,50.804607
q7280,3,d6316,46.813560
q7280,4,d1101,40.444668
q7280,5,d3487,35.432690
q7280,6,d4579,32.543999
q7280,7,d142,30.071173
q7280,8,d1907,30.044292
q7280,9,d6965,29.769678
q7280,10,d3121,29.238682
q7281,1,d7271,124.931160
q7281,2,d1101,62.355373
q7281,3,d5312,54.058952
q7281,4,d3316,45.373421
q7281,5,d2881,44.975033
q7281,6,d3399,40.644314
q7281,7,d4588,39.795307
q7281,8,d1659,38.624424
q7281,9,d3194,38.445965
q7281,10,d3831,38.329575
q7282,1,d1101,24.519981
q7282,2,d7989,24.312119
q7282,3,d4410,21.796814
q7282,4,d4285,21.668097
q7282,5,d4399,20.266817
q7282,6,d3009,19.540392
q7282,7,d54,19.409973
q7282,8,d1118,18.523539
q7282,9,d8329,18.387489
q7282,10,d4775,17.928795
q7283,1,d1704,50.241653
q7283,2,d2406,48.096779
q7283,3,d2572,39.800690
q7283,4,d3022,39.655636
q7283,5,d1650,37.176407
q7283,6,d6214,37.053169
q7283,7,d139,35.858509
q7283,8,d477,35.710373
q7283,9,d3370,35.630600
q7283,10,d153,34.653549
q7284,1,d2154,107.880424
q7284,2,d1317,81.081535
q7284,3,d258,79.833847
q7284,4,d1452,78.926720
q7284,5,d7534,76.865524
q7284,6,d7233,76.378525
q7284,7,d7134,70.270561
q7284,8,d1791,69.030632
q7284,9,d2215,65.675072
q7284,10,d5053,64.391640
q7285,1,d133,73.279968
q7285,2,d5834,70.537186
q7285,3,d4963,65.611702
q7285,4,d1219,65.084694
q7285,5,d5865,64.132858
q7285,6,d5597,62.992519
q7285,7,d1831,62.627956
q7285,8,d6006,62.178215
q7285,9,d1603,61.297005
q7285,10,d3473,60.461315
q7286,1,d7286,326.292053
q7286,2,d2968,233.833878
q7286,3,d3908,214.308578
q7286,4,d4660,143.259476
q7286,5,d381,122.426994
q7286,6,d3865,122.084557
q7286,7,d4952,102.589294
q7286,8,d4875,90.675751
q7286,9,d1101,82.443703
q7286,10,d3829,81.066605
q7287,1,d6342,72.108025
q7287,2,d6530,64.985786
q7287,3,d4896,57.333031
q7287,4,d1313,50.806889
q7287,5,d4178,47.908894
q7287,6,d1101,45.021137
q7287,7,d2715,43.732182
q7287,8,d6465,42.974667
q7287,9,d2410,41.406414
q7287,10,d4614,41.253124
q7288,1,d1101,46.773170
q7288,2,d2572,29.448654
q7288,3,d8606,29.229908
q7288,4,d6575,27.947342
q7288,5,d5053,26.960974
q7288,6,d2410,26.636604
q7288,7,d6465,26.319996
q7288,8,d4918,26.243452
q7288,9,d4627,25.632046
q7288,10,d2588,25.377766
q7289,1,d1101,100.556831
q7289,2,d1287,81.950714
q7289,3,d1630,81.073074
q7289,4,d2949,79.833344
q7289,5,d1537,73.406876
q7289,6,d6384,70.120071
q7289,7,d4659,68.131027
q7289,8,d669,61.998264
q7289,9,d4297,60.948658
q7289,10,d2072,58.455620
q7290,1,d3297,80.160637
q7290,2,d3500,56.747505
q7290,3,d1980,54.395432
q7290,4,d703,50.871151
q7290,5,d1101,50.171124
q7290,6,d1287,48.889771
q7290,7,d1711,48.651737
q7290,8,d3527,47.093128
q7290,9,d3378,43.850746
q7290,10,d7155,42.679100
q7291,1,d8379,82.592751
q7291,2,d769,79.140862
q7291,3,d5963,74.328629
q7291,4,d4672,67.261543
q7291,5,d1791,66.798500
q7291,6,d7943,66.351654
q7291,7,d384,63.014858
q7291,8,d7190,61.563915
q7291,9,d7114,61.541023
q7291,10,d258,59.996677
q7292,1,d1101,40.625786
q7292,2,d7209,38.488770
q7292,3,d8529,25.959135
q7292,4,d1287,25.926924
q7292,5,d5870,24.168516
q7292,6,d5053,23.307743
q7292,7,d7325,23.208685
q7292,8,d4171,22.688108
q7292,9,d6103,22.387705
q7292,10,d5236,22.023735
q7293,1,d1101,136.721207
q7293,2,d679,95.064713
q7293,3,d1337,92.686104
q7293,4,d865,90.664513
q7293,5,d1044,87.812439
q7293,6,d669,85.648483
q7293,7,d8358,83.006714
q7293,8,d2104,77.708237
q7293,9,d7989,68.732033
q7293,10,d895,62.733086
q7294,1,d7294,145.717087
q7294,2,d1101,97.406631
q7294,3,d1603,83.061646
q7294,4,d4963,75.442474
q7294,5,d4331,74.677048
q7294,6,d5834,73.928040
q7294,7,d5597,66.066536
q7294,8,d1219,65.084694
q7294,9,d24,64.595436
q7294,10,d3473,64.498650
q7295,1,d3792,114.786102
q7295,2,d1101,82.653404
q7295,3,d1929,64.610344
q7295,4,d2456,62.186111
q7295,5,d1697,60.569164
q7295,6,d12,58.473930
q7295,7,d1392,58.056648
q7295,8,d6593,51.363407
q7295,9,d5750,51.148792
q7295,10,d8658,50.004803
q7296,1,d1101,36.966526
q7296,2,d6687,32.496887
q7296,3,d7989,31.984161
q7296,4,d5332,28.826632
q7296,5,d3745,28.131714
q7296,6,d1929,27.821110
q7296,7,d135,26.226429
q7296,8,d8416,26.058928
q7296,9,d2937,24.457399
q7296,10,d201,23.839327
q7297,1,d6133,73.690880
q7297,2,d3999,70.144623
q7297,3,d6876,69.826080
q7297,4,d6620,64.253403
q7297,5,d1101,57.553703
q7297,6,d1435,57.307274
q7297,7,d7108,55.102104
q7297,8,d7233,51.327553
q7297,9,d8060,50.265163
q7297,10,d1297,48.606682
q7298,1,d7642,62.264660
q7298,2,d4244,57.585258
q7298,3,d410,55.270226
q7298,4,d1117,52.326622
q7298,5,d6025,51.863209
q7298,6,d8529,50.392113
q7298,7,d6384,49.867249
q7298,8,d8329,48.955330
q7298,9,d3022,48.940662
q7298,10,d7195,48.305573
q7299,1,d5053,67.749519
q7299,2,d1101,66.975677
q7299,3,d7325,63.823875
q7299,4,d6103,61.566196
q7299,5,d5236,59.705730
q7299,6,d2061,57.413647
q7299,7,d6540,50.723263
q7299,8,d6397,47.986481
q7299,9,d6235,47.083759
q7299,10,d4881,46.462982
q7300,1,d1615,84.625336
q7300,2,d7983,69.955475
q7300,3,d1101,56.969238
q7300,4,d6464,46.528862
q7300,5,d4331,46.098072
q7300,6,d7989,45.263519
q7300,7,d3316,43.171291
q7300,8,d3486,43.065735
q7300,9,d2285,41.984493
q7300,10,d5696,41.926380
q7301,1,d1101,58.647747
q7301,2,d4331,53.155678
q7301,3,d3316,38.395187
q7301,4,d7471,31.093395
q7301,5,d135,30.869270
q7301,6,d6003,30.772781
q7301,7,d7537,30.510937
q7301,8,d4824,30.128944
q7301,9,d942,30.074753
q7301,10,d47,29.403421
q7302,1,d1101,47.973404
q7302,2,d6443,40.690338
q7302,3,d2287,40.390060
q7302,4,d7841,35.583500
q7302,5,d2177,32.465508
q7302,6,d3800,27.717188
q7302,7,d3836,27.548153
q7302,8,d2299,26.996380
q7302,9,d2503,26.979359
q7302,10,d1402,25.239201
q7303,1,d1101,113.888229
q7303,2,d5995,109.646332
q7303,3,d7209,67.398819
q7303,4,d1287,63.071018
q7303,5,d3316,51.339775
q7303,6,d560,50.410721
q7303,7,d5965,50.033173
q7303,8,d1929,46.980137
q7303,9,d5870,45.793350
q7303,10,d5271,45.342369
q7304,1,d4378,69.344147
q7304,2,d1867,57.650074
q7304,3,d561,43.946938
q7304,4,d8637,43.642689
q7304,5,d3781,43.107712
q7304,6,d1101,41.311035
q7304,7,d4240,39.790112
q7304,8,d7246,39.777931
q7304,9,d2864,38.691120
q7304,10,d1716,37.264172
q7305,1,d7209,83.850410
q7305,2,d6316,38.702106
q7305,3,d6304,28.818022
q7305,4,d1955,26.597397
q7305,5,d4561,26.322369
q7305,6,d7287,26.193258
q7305,7,d6668,25.718643
q7305,8,d6814,23.858528
q7305,9,d4615,20.834684
q7305,10,d1713,20.374760
q7306,1,d6133,57.707947
q7306,2,d7108,55.203197
q7306,3,d930,51.698444
q7306,4,d6188,51.550980
q7306,5,d5529,51.182774
q7306,6,d7743,50.599312
q7306,7,d1435,50.210526
q7306,8,d1297,48.877495
q7306,9,d503,44.436981
q7306,10,d8488,43.159752
q7307,1,d4892,52.888767
q7307,2,d1711,50.263512
q7307,3,d8419,48.266918
q7307,4,d4655,43.517254
q7307,5,d7727,42.165863
q7307,6,d1788,40.192154
q7307,7,d1653,37.236763
q7307,8,d7209,35.991108
q7307,9,d2739,35.038902
q7307,10,d4837,34.663322
q7308,1,d4230,291.708130
q7308,2,d3238,279.335938
q7308,3,d3745,258.275909
q7308,4,d805,241.599319
q7308,5,d4331,230.477371
q7308,6,d3316,221.539124
q7308,7,d4574,220.499023
q7308,8,d2489,213.910034
q7308,9,d4816,188.709167
q7308,10,d347,181.534241
q7309,1,d5965,92.648674
q7309,2,d1101,66.283791
q7309,3,d4156,62.037544
q7309,4,d5531,60.219376
q7309,5,d1681,60.089298
q7309,6,d8696,54.545235
q7309,7,d555,54.257507
q7309,8,d2370,54.089859
q7309,9,d689,53.274712
q7309,10,d5543,51.440632
q7310,1,d8707,142.724579
q7310,2,d1101,122.732597
q7310,3,d2448,111.930481
q7310,4,d4999,110.002991
q7310,5,d4077,109.457207
q7310,6,d1942,92.640472
q7310,7,d5965,89.907707
q7310,8,d4431,88.658615
q7310,9,d3936,88.481079
q7310,10,d5543,82.848137
q7311,1,d1101,133.380585
q7311,2,d5087,119.959435
q7311,3,d7133,118.387009
q7311,4,d543,104.627167
q7311,5,d7069,87.690460
q7311,6,d5965,81.437263
q7311,7,d1045,81.296303
q7311,8,d6971,73.705719
q7311,9,d4036,71.767555
q7311,10,d1544,71.598030
q7312,1,d1101,56.229164
q7312,2,d7209,50.330765
q7312,3,d1632,48.110043
q7312,4,d2324,42.565693
q7312,5,d390,42.322510
q7312,6,d2762,41.290092
q7312,7,d4331,40.512558
q7312,8,d5965,35.214443
q7312,9,d5053,34.961613
q7312,10,d7325,34.813026
q7313,1,d1101,100.969589
q7313,2,d1337,57.001064
q7313,3,d679,55.144905
q7313,4,d865,51.384727
q7313,5,d2104,46.895779
q7313,6,d1044,46.126114
q7313,7,d6575,41.699871
q7313,8,d8358,41.503349
q7313,9,d669,39.071274
q7313,10,d1070,38.397289
q7314,1,d3080,77.857262
q7314,2,d2622,74.906921
q7314,3,d1318,68.087700
q7314,4,d7550,63.056053
q7314,5,d8145,62.189423
q7314,6,d1624,61.943295
q7314,7,d4863,60.094105
q7314,8,d2897,57.678429
q7314,9,d5300,55.305077
q7314,10,d1101,51.753716
q7315,1,d250,72.841782
q7315,2,d7209,61.660198
q7315,3,d2532,59.041065
q7315,4,d3314,56.635860
q7315,5,d8164,52.264843
q7315,6,d7636,51.352432
q7315,7,d315,50.724415
q7315,8,d1646,49.697613
q7315,9,d4767,46.391235
q7315,10,d1704,45.570732
q7316,1,d5053,52.442417
q7316,2,d7325,52.219536
q7316,3,d5236,50.412930
q7316,4,d6103,50.372341
q7316,5,d2061,46.974804
q7316,6,d4881,42.510612
q7316,7,d6540,41.500851
q7316,8,d6935,39.536106
q7316,9,d6397,39.261665
q7316,10,d1748,38.959278
q7317,1,d1623,78.210030
q7317,2,d7017,64.625359
q7317,3,d1101,61.414822
q7317,4,d2842,47.450924
q7317,5,d2716,46.255039
q7317,6,d2104,45.117626
q7317,7,d311,44.764080
q7317,8,d315,44.173912
q7317,9,d629,43.870899
q7317,10,d5915,43.696087
q7318,1,d8196,65.004189
q7318,2,d7955,62.067795
q7318,3,d7202,59.268833
q7318,4,d4043,58.371281
q7318,5,d1101,56.993717
q7318,6,d1724,56.281200
q7318,7,d7258,56.074425
q7318,8,d1949,56.027081
q7318,9,d6206,55.717022
q7318,10,d3522,54.695438
q7319,1,d3954,60.031036
q7319,2,d4897,59.022064
q7319,3,d1942,58.541367
q7319,4,d4448,57.700455
q7319,5,d2555,57.000019
q7319,6,d2840,56.903309
q7319,7,d1101,55.757603
q7319,8,d4240,55.154495
q7319,9,d2755,51.622345
q7319,10,d6903,51.349686
q7320,1,d1101,113.210037
q7320,2,d8606,71.280548
q7320,3,d865,69.078201
q7320,4,d6575,68.603088
q7320,5,d4036,65.787071
q7320,6,d1337,65.048714
q7320,7,d1044,61.847954
q7320,8,d8358,61.181526
q7320,9,d3420,60.957172
q7320,10,d679,57.653709
q7321,1,d1101,113.668724
q7321,2,d1337,84.605911
q7321,3,d1276,84.294762
q7321,4,d1566,83.544037
q7321,5,d1044,81.361046
q7321,6,d2104,80.858109
q7321,7,d8091,77.923515
q7321,8,d1626,76.172806
q7321,9,d1312,74.862144
q7321,10,d8606,73.806252
q7322,1,d2572,100.310379
q7322,2,d4918,94.634895
q7322,3,d1101,94.156754
q7322,4,d4627,85.971138
q7322,5,d6465,77.750687
q7322,6,d2799,67.177536
q7322,7,d3420,67.085670
q7322,8,d3754,66.265785
q7322,9,d3228,63.681835
q7322,10,d2501,63.141190
q7323,1,d6968,6.656074
q7323,2,d4785,6.399794
q7323,3,d293,4.293845
q7323,4,d8233,3.396296
q7323,5,d2946,3.377433
q7323,6,d1461,3.293815
q7323,7,d7883,3.242839
q7323,8,d1278,3.182342
q7323,9,d6264,3.164143
q7323,10,d7061,3.145153
q7324,1,d5460,71.241600
q7324,2,d1101,69.191139
q7324,3,d4546,65.487335
q7324,4,d3297,60.153278
q7324,5,d7209,58.818447
q7324,6,d4268,56.524139
q7324,7,d1677,56.384399
q7324,8,d4824,56.247307
q7324,9,d5103,55.890247
q7324,10,d953,52.904526
q7325,1,d1639,50.692871
q7325,2,d4839,40.116993
q7325,3,d7721,39.469936
q7325,4,d2410,39.192848
q7325,5,d4508,37.653198
q7325,6,d4406,37.409641
q7325,7,d6465,36.717850
q7325,8,d4165,35.837902
q7325,9,d281,35.632942
q7325,10,d6929,35.529907
q7326,1,d1101,34.960320
q7326,2,d4331,29.653233
q7326,3,d1929,29.185871
q7326,4,d3316,26.572296
q7326,5,d135,24.929661
q7326,6,d2937,23.920837
q7326,7,d7989,20.226950
q7326,8,d189,19.823650
q7326,9,d3476,19.559299
q7326,10,d4689,19.175312
q7327,1,d8529,97.874725
q7327,2,d236,59.622459
q7327,3,d1101,56.844448
q7327,4,d1225,55.432213
q7327,5,d4331,53.597984
q7327,6,d4896,50.364632
q7327,7,d5113,48.873978
q7327,8,d3350,48.178478
q7327,9,d5609,47.784286
q7327,10,d2077,46.445576
q7328,1,d1101,73.460159
q7328,2,d2937,62.412231
q7328,3,d2104,44.548805
q7328,4,d4331,43.974327
q7328,5,d6575,43.415573
q7328,6,d3316,39.722466
q7328,7,d1537,39.591972
q7328,8,d7989,37.461842
q7328,9,d865,34.608131
q7328,10,d1627,33.176540
q7329,1,d1101,50.385204
q7329,2,d1748,48.315708
q7329,3,d6103,42.201664
q7329,4,d5236,41.120129
q7329,5,d5053,40.788548
q7329,6,d7325,40.615196
q7329,7,d2061,37.898148
q7329,8,d8529,36.025990
q7329,9,d6540,35.302593
q7329,10,d6935,32.961433
q7330,1,d1749,143.194382
q7330,2,d1287,113.066757
q7330,3,d5251,106.164169
q7330,4,d6754,97.941277
q7330,5,d4970,96.599388
q7330,6,d2746,94.729897
q7330,7,d2193,88.209099
q7330,8,d1101,82.136131
q7330,9,d6304,76.728859
q7330,10,d7492,70.561012
q7331,1,d1101,95.118301
q7331,2,d6884,80.780540
q7331,3,d6316,79.874893
q7331,4,d5236,62.675770
q7331,5,d5053,58.269352
q7331,6,d7325,58.021706
q7331,7,d679,57.272743
q7331,8,d1955,57.112133
q7331,9,d6103,55.969269
q7331,10,d7287,54.534336
q7332,1,d5656,130.796234
q7332,2,d7883,114.284286
q7332,3,d2701,110.755295
q7332,4,d2992,108.820557
q7332,5,d5726,108.820557
q7332,6,d5369,106.714531
q7332,7,d4473,105.895233
q7332,8,d4823,102.074837
q7332,9,d4620,97.622673
q7332,10,d1101,93.464882
q7333,1,d2688,104.635635
q7333,2,d4240,100.492378
q7333,3,d4448,96.702026
q7333,4,d2700,95.839600
q7333,5,d2754,95.415123
q7333,6,d2555,94.927132
q7333,7,d2840,94.106575
q7333,8,d1942,91.179359
q7333,9,d4336,90.670822
q7333,10,d3169,89.422729
q7334,1,d1101,53.410839
q7334,2,d4566,46.465702
q7334,3,d8529,35.241810
q7334,4,d5541,35.136166
q7334,5,d4885,31.920826
q7334,6,d7989,26.327936
q7334,7,d679,25.485264
q7334,8,d5053,23.307743
q7334,9,d895,23.297787
q7334,10,d7325,23.208685
q7335,1,d4875,66.109497
q7335,2,d4660,58.344467
q7335,3,d4574,57.690437
q7335,4,d1101,51.583824
q7335,5,d3129,50.364964
q7335,6,d3853,48.492283
q7335,7,d2495,47.997879
q7335,8,d4952,47.101936
q7335,9,d3748,47.091522
q7335,10,d3865,45.015797
q7336,1,d8527,85.809311
q7336,2,d7114,80.724846
q7336,3,d4493,58.936592
q7336,4,d1989,58.360859
q7336,5,d5917,55.933941
q7336,6,d8196,55.466618
q7336,7,d3522,53.039833
q7336,8,d1949,51.744717
q7336,9,d2673,50.895611
q7336,10,d285,50.600910
q7337,1,d3328,110.187279
q7337,2,d1101,102.192574
q7337,3,d7337,100.665619
q7337,4,d1461,86.357475
q7337,5,d6133,82.576584
q7337,6,d6584,79.122864
q7337,7,d7675,70.940102
q7337,8,d4546,69.597168
q7337,9,d1929,65.729424
q7337,10,d4204,64.831245
q7338,1,d1101,72.046104
q7338,2,d481,61.499214
q7338,3,d4896,45.303814
q7338,4,d6244,45.069004
q7338,5,d1737,44.575653
q7338,6,d6368,44.496132
q7338,7,d5716,44.231262
q7338,8,d6003,44.120499
q7338,9,d7121,43.837818
q7338,10,d5134,43.288441
q7339,1,d7489,81.131332
q7339,2,d4262,69.285278
q7339,3,d242,67.863098
q7339,4,d7202,61.652199
q7339,5,d3234,59.502899
q7339,6,d1101,59.068439
q7339,7,d6431,57.390800
q7339,8,d3916,54.836624
q7339,9,d6685,49.861458
q7339,10,d8196,48.537880
q7340,1,d1101,131.045776
q7340,2,d2937,81.720276
q7340,3,d1537,79.388809
q7340,4,d4036,76.882469
q7340,5,d865,75.247223
q7340,6,d5660,69.397964
q7340,7,d2705,68.859497
q7340,8,d1337,66.951843
q7340,9,d2104,63.242222
q7340,10,d7989,57.548534
q7341,1,d1101,57.091629
q7341,2,d3316,56.184631
q7341,3,d1967,47.345009
q7341,4,d5995,47.332127
q7341,5,d2266,46.553913
q7341,6,d879,43.462029
q7341,7,d183,43.075542
q7341,8,d1786,42.165859
q7341,9,d484,41.774689
q7341,10,d649,41.505768
q7342,1,d1101,38.202873
q7342,2,d4003,38.119087
q7342,3,d1011,36.168072
q7342,4,d2939,34.703342
q7342,5,d2937,33.831451
q7342,6,d1640,33.369087
q7342,7,d4718,31.673830
q7342,8,d3179,31.515400
q7342,9,d6087,30.291027
q7342,10,d5870,30.186024
q7343,1,d1101,89.526344
q7343,2,d1881,76.771126
q7343,3,d1799,73.184639
q7343,4,d1559,70.859612
q7343,5,d1337,59.248550
q7343,6,d865,58.643806
q7343,7,d1044,57.736057
q7343,8,d679,57.678123
q7343,9,d463,55.647602
q7343,10,d6316,55.220432
q7344,1,d4767,129.331589
q7344,2,d250,126.391998
q7344,3,d1646,120.903755
q7344,4,d5358,114.572830
q7344,5,d1861,85.831413
q7344,6,d1101,78.662941
q7344,7,d2727,70.658394
q7344,8,d2929,70.287094
q7344,9,d3652,66.758438
q7344,10,d4989,66.382019
q7345,1,d5606,73.775375
q7345,2,d2919,66.927765
q7345,3,d5611,62.507042
q7345,4,d1287,59.815296
q7345,5,d7133,53.333263
q7345,6,d7352,51.764633
q7345,7,d4938,48.730835
q7345,8,d4907,46.279564
q7345,9,d7492,44.011673
q7345,10,d8248,43.546886
q7346,1,d1101,114.333069
q7346,2,d5053,81.577095
q7346,3,d7325,81.230385
q7346,4,d6103,78.356972
q7346,5,d5236,76.510040
q7346,6,d2061,73.071915
q7346,7,d6540,71.307068
q7346,8,d1748,62.707771
q7346,9,d6397,61.073704
q7346,10,d6235,59.924786
q7347,1,d2215,220.359268
q7347,2,d7108,186.495850
q7347,3,d7233,185.131012
q7347,4,d930,180.944580
q7347,5,d6133,179.727386
q7347,6,d5529,179.139664
q7347,7,d1435,170.411636
q7347,8,d1297,167.710770
q7347,9,d2172,161.990326
q7347,10,d6188,155.288574
q7348,1,d1101,84.136925
q7348,2,d152,72.371078
q7348,3,d865,66.905022
q7348,4,d1337,65.225525
q7348,5,d1044,62.557552
q7348,6,d3002,62.462925
q7348,7,d8358,57.675293
q7348,8,d2104,55.761379
q7348,9,d679,54.714924
q7348,10,d4826,51.803623
q7349,1,d1101,24.931656
q7349,2,d3984,22.939795
q7349,3,d3213,22.335823
q7349,4,d961,21.563457
q7349,5,d7410,21.497286
q7349,6,d2939,21.232914
q7349,7,d47,21.180002
q7349,8,d4469,21.071415
q7349,9,d1239,20.143349
q7349,10,d1671,19.819109
q7350,1,d3950,82.862129
q7350,2,d666,77.362198
q7350,3,d1101,73.016792
q7350,4,d444,70.204025
q7350,5,d2937,45.704826
q7350,6,d1929,44.764042
q7350,7,d2674,44.371689
q7350,8,d4331,39.655357
q7350,9,d7743,35.708961
q7350,10,d4171,35.090031
q7351,1,d1881,77.949844
q7351,2,d1392,76.201340
q7351,3,d8352,71.959160
q7351,4,d4983,65.390045
q7351,5,d1559,63.544411
q7351,6,d1799,63.040241
q7351,7,d4039,61.120468
q7351,8,d4593,55.983665
q7351,9,d1101,54.959667
q7351,10,d4868,54.056686
q7352,1,d1101,57.262512
q7352,2,d7989,54.197067
q7352,3,d2104,38.070564
q7352,4,d5053,36.788231
q7352,5,d3316,36.164883
q7352,6,d4331,35.819611
q7352,7,d7325,34.813026
q7352,8,d2937,34.445240
q7352,9,d895,34.003700
q7352,10,d5236,33.608624
q7353,1,d1101,97.678116
q7353,2,d1162,84.365181
q7353,3,d3068,68.693398
q7353,4,d2893,62.397358
q7353,5,d5236,59.945950
q7353,6,d7133,59.837223
q7353,7,d5053,58.269352
q7353,8,d7325,58.021706
q7353,9,d2104,57.601234
q7353,10,d6103,55.969269
q7354,1,d3378,126.576164
q7354,2,d3889,117.634346
q7354,3,d3270,114.250061
q7354,4,d4135,112.809906
q7354,5,d2732,98.894707
q7354,6,d7133,95.484001
q7354,7,d5087,86.637367
q7354,8,d462,82.788986
q7354,9,d6763,79.691025
q7354,10,d332,79.594818
q7355,1,d1615,50.671112
q7355,2,d1761,46.859283
q7355,3,d3744,39.154243
q7355,4,d7642,38.455025
q7355,5,d7983,38.131607
q7355,6,d1294,37.500336
q7355,7,d3316,37.283787
q7355,8,d7636,36.547615
q7355,9,d7199,36.218601
q7355,10,d3080,36.176121
q7356,1,d2154,107.946289
q7356,2,d7534,76.077637
q7356,3,d7134,73.741806
q7356,4,d1791,73.194145
q7356,5,d1317,73.133247
q7356,6,d1452,69.156296
q7356,7,d258,68.965813
q7356,8,d7233,67.593765
q7356,9,d1101,66.041901
q7356,10,d2215,59.908470
q7357,1,d1101,57.487251
q7357,2,d7989,45.132912
q7357,3,d5053,40.441460
q7357,4,d679,39.839088
q7357,5,d7325,34.813026
q7357,6,d895,34.682938
q7357,7,d6103,33.581558
q7357,8,d3920,33.370609
q7357,9,d1276,32.015049
q7357,10,d1337,31.964806
q7358,1,d1101,102.756744
q7358,2,d679,75.162117
q7358,3,d7989,71.850716
q7358,4,d895,61.359795
q7358,5,d962,59.892719
q7358,6,d1337,59.248550
q7358,7,d2104,58.025219
q7358,8,d1276,55.244957
q7358,9,d865,53.789265
q7358,10,d5053,52.442417
q7359,1,d3420,101.155418
q7359,2,d7270,85.456421
q7359,3,d2972,78.772919
q7359,4,d2410,69.111809
q7359,5,d1101,67.997276
q7359,6,d4508,64.484634
q7359,7,d1671,64.105705
q7359,8,d4165,63.834343
q7359,9,d3484,63.716152
q7359,10,d5958,63.246727
q7360,1,d5922,102.211662
q7360,2,d4784,86.887840
q7360,3,d3328,63.841003
q7360,4,d6444,59.837387
q7360,5,d4132,58.017803
q7360,6,d2715,56.586739
q7360,7,d2302,56.409416
q7360,8,d4643,54.210705
q7360,9,d3934,51.842651
q7360,10,d3060,50.801357
q7361,1,d4779,128.834412
q7361,2,d1888,111.819946
q7361,3,d5648,105.593796
q7361,4,d1101,87.850471
q7361,5,d2937,84.414520
q7361,6,d4036,67.423538
q7361,7,d1907,56.539303
q7361,8,d3896,55.428665
q7361,9,d5660,55.386913
q7361,10,d5965,54.956001
q7362,1,d4954,95.075081
q7362,2,d1748,92.417107
q7362,3,d1782,92.167908
q7362,4,d4395,89.333549
q7362,5,d1615,80.862114
q7362,6,d1101,79.723289
q7362,7,d4322,79.611740
q7362,8,d2594,74.266563
q7362,9,d1118,72.717575
q7362,10,d2240,69.355118
q7363,1,d7233,64.173553
q7363,2,d2215,50.376984
q7363,3,d2154,50.342476
q7363,4,d6133,44.726768
q7363,5,d1101,43.859386
q7363,6,d6356,42.019836
q7363,7,d7108,41.722576
q7363,8,d7534,41.038250
q7363,9,d1435,40.733124
q7363,10,d6188,39.907837
q7364,1,d1101,37.400848
q7364,2,d2818,29.073786
q7364,3,d3316,27.409552
q7364,4,d4346,23.268671
q7364,5,d7743,21.208136
q7364,6,d2489,21.075640
q7364,7,d7994,20.996288
q7364,8,d2700,20.391771
q7364,9,d1737,20.268019
q7364,10,d6575,19.903959
q7365,1,d8529,82.224243
q7365,2,d453,60.459373
q7365,3,d1644,55.357506
q7365,4,d338,52.445160
q7365,5,d1084,52.303867
q7365,6,d7615,51.717419
q7365,7,d5546,49.645065
q7365,8,d149,47.887463
q7365,9,d1101,46.674583
q7365,10,d5053,46.615482
q7366,1,d7366,114.469368
q7366,2,d132,66.490494
q7366,3,d3911,59.602543
q7366,4,d293,56.442665
q7366,5,d1746,54.739460
q7366,6,d4425,53.209492
q7366,7,d2783,43.195766
q7366,8,d7925,41.179989
q7366,9,d1865,40.984261
q7366,10,d4613,36.597652
q7367,1,d3898,51.299458
q7367,2,d287,36.623150
q7367,3,d4226,30.280252
q7367,4,d6486,28.908756
q7367,5,d189,25.869125
q7367,6,d7209,24.122921
q7367,7,d1101,21.310282
q7367,8,d7557,20.186834
q7367,9,d4331,19.767771
q7367,10,d3316,19.481863
q7368,1,d7636,56.458870
q7368,2,d1881,48.324112
q7368,3,d1392,45.169521
q7368,4,d7630,44.879333
q7368,5,d1559,43.487350
q7368,6,d1799,42.617603
q7368,7,d463,38.144726
q7368,8,d629,37.937077
q7368,9,d1813,36.799149
q7368,10,d1120,35.303909
q7369,1,d1435,65.828659
q7369,2,d6133,63.678108
q7369,3,d6188,57.469093
q7369,4,d8488,54.553181
q7369,5,d930,52.846767
q7369,6,d7209,49.018921
q7369,7,d5529,48.479916
q7369,8,d1297,48.156723
q7369,9,d7108,45.653709
q7369,10,d7233,45.155983
q7370,1,d7209,32.049194
q7370,2,d1525,23.753786
q7370,3,d400,20.856565
q7370,4,d5581,19.894138
q7370,5,d393,19.506601
q7370,6,d536,18.922974
q7370,7,d8158,18.604296
q7370,8,d3316,18.544954
q7370,9,d189,18.290705
q7370,10,d481,17.500101
q7371,1,d4665,82.139061
q7371,2,d8318,68.484367
q7371,3,d3932,53.634235
q7371,4,d3598,52.844589
q7371,5,d3211,49.002720
q7371,6,d6734,46.732216
q7371,7,d5992,45.901386
q7371,8,d1925,45.684830
q7371,9,d4327,37.169121
q7371,10,d1915,35.169807
q7372,1,d1784,99.601639
q7372,2,d1705,86.799561
q7372,3,d3799,85.275734
q7372,4,d2500,77.897209
q7372,5,d123,77.030396
q7372,6,d1782,74.568542
q7372,7,d4318,68.535713
q7372,8,d8527,65.767090
q7372,9,d4395,59.994133
q7372,10,d4954,55.893654
q7373,1,d250,56.831074
q7373,2,d7209,35.991108
q7373,3,d4691,29.343731
q7373,4,d7239,29.050329
q7373,5,d1646,27.560535
q7373,6,d7213,27.467497
q7373,7,d2826,23.681278
q7373,8,d4281,23.439699
q7373,9,d3983,23.299915
q7373,10,d5234,23.213930
q7374,1,d1029,21.645929
q7374,2,d189,20.428823
q7374,3,d8169,20.181564
q7374,4,d138,20.114264
q7374,5,d1101,18.906008
q7374,6,d3316,18.385839
q7374,7,d1551,17.902624
q7374,8,d2392,17.574858
q7374,9,d134,17.051691
q7374,10,d7471,16.037724
q7375,1,d7209,103.971962
q7375,2,d1287,35.914089
q7375,3,d5862,34.146881
q7375,4,d6304,29.563055
q7375,5,d1585,26.827866
q7375,6,d7492,26.381945
q7375,7,d4307,24.002766
q7375,8,d2939,23.543396
q7375,9,d1239,23.413160
q7375,10,d4469,23.327389
q7376,1,d7376,53.861729
q7376,2,d3415,52.939140
q7376,3,d2453,52.405144
q7376,4,d457,51.500580
q7376,5,d210,45.398098
q7376,6,d496,42.980843
q7376,7,d257,39.541843
q7376,8,d561,38.453571
q7376,9,d4378,37.589508
q7376,10,d8637,37.354904
q7377,1,d3867,33.363411
q7377,2,d1769,31.668125
q7377,3,d4590,26.035679
q7377,4,d4688,26.026403
q7377,5,d2979,24.937307
q7377,6,d3620,24.300900
q7377,7,d1721,24.185843
q7377,8,d4984,22.289886
q7377,9,d4968,22.107141
q7377,10,d1640,22.049620
q7378,1,d3864,36.039303
q7378,2,d3796,35.866291
q7378,3,d3856,34.870331
q7378,4,d7841,33.177856
q7378,5,d1892,30.680866
q7378,6,d1748,27.350529
q7378,7,d6490,27.331036
q7378,8,d1949,27.094482
q7378,9,d805,26.261486
q7378,10,d4766,26.180103
q7379,1,d5656,40.105618
q7379,2,d1287,39.947002
q7379,3,d7209,38.310364
q7379,4,d7856,35.153587
q7379,5,d2154,34.742058
q7379,6,d1920,34.081676
q7379,7,d2701,33.960526
q7379,8,d5726,33.367279
q7379,9,d2992,33.367279
q7379,10,d7883,33.266758
q7380,1,d4963,83.858040
q7380,2,d3473,82.098763
q7380,3,d5597,75.292404
q7380,4,d314,74.607910
q7380,5,d133,74.427856
q7380,6,d1219,55.071667
q7380,7,d5865,54.266262
q7380,8,d6006,52.612335
q7380,9,d1755,52.506908
q7380,10,d1603,52.491016
q7381,1,d7209,48.632381
q7381,2,d8549,45.713078
q7381,3,d8527,42.239174
q7381,4,d2500,41.459286
q7381,5,d1784,36.265705
q7381,6,d1101,36.099224
q7381,7,d6960,36.007511
q7381,8,d5471,34.773258
q7381,9,d4395,34.311722
q7381,10,d3799,32.841801
q7382,1,d4703,27.300674
q7382,2,d7209,26.055628
q7382,3,d4453,25.420359
q7382,4,d2494,23.024904
q7382,5,d7741,21.652649
q7382,6,d4659,21.158726
q7382,7,d3243,21.042034
q7382,8,d8549,20.947033
q7382,9,d2842,20.519566
q7382,10,d1101,20.074335
q7383,1,d2715,107.520187
q7383,2,d6555,46.527012
q7383,3,d6631,46.356426
q7383,4,d6971,45.009197
q7383,5,d3796,42.982738
q7383,6,d4036,42.845798
q7383,7,d5870,42.571224
q7383,8,d3182,42.033600
q7383,9,d3896,41.798920
q7383,10,d4967,39.909824
q7384,1,d7209,47.472752
q7384,2,d749,31.635418
q7384,3,d480,30.659851
q7384,4,d4331,23.559336
q7384,5,d178,22.376625
q7384,6,d2532,21.651049
q7384,7,d1858,21.270252
q7384,8,d1101,20.837376
q7384,9,d557,20.753277
q7384,10,d5238,20.698475
q7385,1,d1630,27.539520
q7385,2,d1537,25.237137
q7385,3,d6384,24.849552
q7385,4,d3734,22.910376
q7385,5,d4507,22.910376
q7385,6,d4331,21.154829
q7385,7,d2949,20.451546
q7385,8,d2072,20.179140
q7385,9,d669,20.074953
q7385,10,d4171,19.915010
q7386,1,d6133,57.718388
q7386,2,d7233,44.937271
q7386,3,d1435,42.049088
q7386,4,d2215,41.611359
q7386,5,d930,41.358753
q7386,6,d5529,40.946217
q7386,7,d1297,40.715019
q7386,8,d7108,40.581074
q7386,9,d6188,40.149647
q7386,10,d2172,36.359581
q7387,1,d7209,25.223963
q7387,2,d8578,24.740314
q7387,3,d2250,24.708170
q7387,4,d1515,24.465332
q7387,5,d5705,24.437635
q7387,6,d3136,24.348354
q7387,7,d7452,23.998535
q7387,8,d7372,23.963223
q7387,9,d1196,23.951992
q7387,10,d4350,23.890375
q7388,1,d4419,30.437044
q7388,2,d3956,29.748993
q7388,3,d3338,25.669382
q7388,4,d1627,24.644436
q7388,5,d4479,24.205936
q7388,6,d1537,24.166008
q7388,7,d3350,23.708237
q7388,8,d5675,23.548412
q7388,9,d3848,23.158703
q7388,10,d1029,22.816652
q7389,1,d4262,69.285278
q7389,2,d4827,67.364616
q7389,3,d1101,55.228001
q7389,4,d3234,54.402912
q7389,5,d7743,53.671204
q7389,6,d242,52.924210
q7389,7,d2588,43.219086
q7389,8,d467,40.541584
q7389,9,d2489,38.159584
q7389,10,d7209,38.114891
q7390,1,d8158,69.284615
q7390,2,d1232,47.874950
q7390,3,d8379,37.981087
q7390,4,d4646,35.465878
q7390,5,d2638,34.842934
q7390,6,d3631,34.615753
q7390,7,d4599,32.887669
q7390,8,d6187,32.184727
q7390,9,d235,32.163662
q7390,10,d1227,31.331572
q7391,1,d1477,36.592194
q7391,2,d4924,36.461605
q7391,3,d3588,36.196758
q7391,4,d2979,34.599625
q7391,5,d4084,31.041189
q7391,6,d3620,30.889088
q7391,7,d5054,28.668293
q7391,8,d471,28.299356
q7391,9,d7762,27.864784
q7391,10,d194,27.627232
q7392,1,d1174,57.084797
q7392,2,d1567,48.808998
q7392,3,d8172,47.996395
q7392,4,d1231,46.492474
q7392,5,d1789,45.363743
q7392,6,d7500,45.063034
q7392,7,d7417,44.500034
q7392,8,d7763,44.258892
q7392,9,d5527,43.361397
q7392,10,d4928,42.951206
q7393,1,d4096,80.179184
q7393,2,d6384,71.851936
q7393,3,d2949,71.402145
q7393,4,d4659,65.524025
q7393,5,d5733,63.127373
q7393,6,d2072,62.352661
q7393,7,d1537,62.282944
q7393,8,d2104,62.076603
q7393,9,d3734,61.887875
q7393,10,d4507,61.887875
q7394,1,d1101,72.938080
q7394,2,d5087,66.644127
q7394,3,d7133,62.272652
q7394,4,d6465,53.314880
q7394,5,d2776,49.787395
q7394,6,d243,49.235188
q7394,7,d2104,49.204414
q7394,8,d7069,48.716927
q7394,9,d152,48.173538
q7394,10,d2410,47.280220
q7395,1,d7233,92.980301
q7395,2,d2154,89.677872
q7395,3,d2215,73.483353
q7395,4,d6356,56.026443
q7395,5,d7534,52.317333
q7395,6,d7134,50.412064
q7395,7,d7108,48.482426
q7395,8,d1706,47.847446
q7395,9,d3561,47.631004
q7395,10,d6133,45.538925
q7396,1,d1101,60.163162
q7396,2,d3500,48.549988
q7396,3,d3539,47.564926
q7396,4,d6575,47.546425
q7396,5,d8606,45.496796
q7396,6,d2410,44.939781
q7396,7,d3131,42.640079
q7396,8,d4508,42.077942
q7396,9,d2973,41.746338
q7396,10,d2086,41.679016
q7397,1,d1101,49.181679
q7397,2,d1929,46.774551
q7397,3,d4331,37.683708
q7397,4,d521,30.834110
q7397,5,d3285,28.805510
q7397,6,d4613,28.380541
q7397,7,d3316,27.749969
q7397,8,d7133,25.779675
q7397,9,d4689,24.898403
q7397,10,d469,24.509247
q7398,1,d962,35.828148
q7398,2,d1101,32.044655
q7398,3,d1117,31.205463
q7398,4,d5391,27.236038
q7398,5,d1435,25.409161
q7398,6,d436,24.670269
q7398,7,d8529,24.476425
q7398,8,d4331,24.441971
q7398,9,d7492,23.646397
q7398,10,d5053,23.307743
q7399,1,d5053,127.498390
q7399,2,d7325,116.043404
q7399,3,d6103,111.938515
q7399,4,d5236,111.264694
q7399,5,d2061,104.388443
q7399,6,d6540,94.123238
q7399,7,d6235,87.536697
q7399,8,d6397,87.248131
q7399,9,d6935,86.973564
q7399,10,d1748,85.760567
q7400,1,d561,89.469055
q7400,2,d7192,85.245125
q7400,3,d4378,83.075752
q7400,4,d7246,79.971603
q7400,5,d8637,79.822830
q7400,6,d1527,75.260155
q7400,7,d8390,72.569466
q7400,8,d5229,71.137314
q7400,9,d4914,70.969803
q7400,10,d2007,62.502865
q7401,1,d1101,146.959991
q7401,2,d1337,97.997810
q7401,3,d6575,82.039658
q7401,4,d4718,73.781403
q7401,5,d865,70.665840
q7401,6,d2104,69.089577
q7401,7,d1748,63.469528
q7401,8,d8358,62.789230
q7401,9,d1044,61.847958
q7401,10,d2631,59.711910
q7402,1,d2928,87.593140
q7402,2,d3900,74.919128
q7402,3,d1101,65.690269
q7402,4,d3316,63.069054
q7402,5,d4230,57.763741
q7402,6,d1929,54.444691
q7402,7,d3745,53.885586
q7402,8,d2489,53.486137
q7402,9,d4574,53.444206
q7402,10,d2937,53.426903
q7403,1,d2151,85.921768
q7403,2,d4130,82.114365
q7403,3,d6986,74.334114
q7403,4,d4115,71.788139
q7403,5,d6944,70.518105
q7403,6,d1101,70.040123
q7403,7,d3539,68.532532
q7403,8,d5965,63.688763
q7403,9,d4796,62.515228
q7403,10,d4759,62.369400
q7404,1,d7325,87.443092
q7404,2,d5053,87.250969
q7404,3,d5236,81.094208
q7404,4,d6103,78.356972
q7404,5,d1287,74.683754
q7404,6,d2061,73.071915
q7404,7,d6935,70.268730
q7404,8,d6540,66.907433
q7404,9,d6397,66.445312
q7404,10,d6235,64.784653
q7405,1,d1101,25.139038
q7405,2,d1929,20.425591
q7405,3,d2864,19.764751
q7405,4,d3984,19.116495
q7405,5,d3213,18.613186
q7405,6,d961,17.969547
q7405,7,d2939,17.694096
q7405,8,d4469,17.559513
q7405,9,d1239,16.786123
q7405,10,d1671,16.515924
q7406,1,d4963,105.169571
q7406,2,d6443,103.283539
q7406,3,d3473,102.294235
q7406,4,d5597,98.334167
q7406,5,d7117,95.558456
q7406,6,d1219,90.117271
q7406,7,d1831,89.826088
q7406,8,d5865,88.799339
q7406,9,d133,87.046501
q7406,10,d314,86.405090
q7407,1,d7209,107.586800
q7407,2,d3500,44.509388
q7407,3,d1980,38.488140
q7407,4,d1101,36.220322
q7407,5,d3270,27.480719
q7407,6,d1653,26.001635
q7407,7,d6619,23.371723
q7407,8,d5965,23.213562
q7407,9,d3378,23.162878
q7407,10,d1967,21.651928
q7408,1,d3864,105.406792
q7408,2,d3856,89.482727
q7408,3,d1101,84.955269
q7408,4,d543,83.476273
q7408,5,d7202,66.818535
q7408,6,d6248,66.798576
q7408,7,d7258,62.867054
q7408,8,d6235,61.265930
q7408,9,d7819,61.054832
q7408,10,d6540,60.683830
q7409,1,d1101,55.257137
q7409,2,d3316,35.167614
q7409,3,d2937,28.707264
q7409,4,d6825,27.630474
q7409,5,d4613,27.602610
q7409,6,d4643,26.370716
q7409,7,d2895,25.985662
q7409,8,d4712,25.254402
q7409,9,d4331,25.044033
q7409,10,d8196,24.761017
q7410,1,d7847,136.770325
q7410,2,d5053,122.365639
q7410,3,d5236,121.943748
q7410,4,d7325,121.845573
q7410,5,d6103,117.535439
q7410,6,d2061,109.607864
q7410,7,d1101,104.736000
q7410,8,d6540,101.758598
q7410,9,d1748,94.966469
q7410,10,d6235,93.746895
q7411,1,d5236,97.090439
q7411,2,d1101,86.322678
q7411,3,d1405,84.451340
q7411,4,d7155,71.854424
q7411,5,d1640,70.321045
q7411,6,d3427,64.764946
q7411,7,d1526,63.814117
q7411,8,d6248,63.265106
q7411,9,d8590,62.548763
q7411,10,d3201,61.615242
q7412,1,d1101,55.257137
q7412,2,d3316,35.167614
q7412,3,d2937,28.707264
q7412,4,d6825,27.630474
q7412,5,d4613,27.602610
q7412,6,d2895,25.985662
q7412,7,d1929,25.398964
q7412,8,d4331,25.044033
q7412,9,d8196,24.761017
q7412,10,d446,24.625074
q7413,1,d1101,77.167213
q7413,2,d2410,43.233257
q7413,3,d2937,39.987270
q7413,4,d1337,38.893345
q7413,5,d1737,36.444508
q7413,6,d2104,36.214439
q7413,7,d6575,35.691238
q7413,8,d4036,35.027664
q7413,9,d2588,34.790379
q7413,10,d2705,34.429749
q7414,1,d2622,302.720062
q7414,2,d8145,254.411224
q7414,3,d4863,239.598923
q7414,4,d2897,235.957321
q7414,5,d4036,209.582245
q7414,6,d1318,207.879105
q7414,7,d5513,186.902100
q7414,8,d5965,186.736877
q7414,9,d3896,184.275818
q7414,10,d1395,181.094208
q7415,1,d1101,42.571350
q7415,2,d5053,23.307743
q7415,3,d7325,23.208685
q7415,4,d6103,22.387705
q7415,5,d5236,22.023735
q7415,6,d1070,21.070498
q7415,7,d2061,20.877691
q7415,8,d865,20.098650
q7415,9,d1337,19.834049
q7415,10,d3316,19.812418
q7416,1,d3984,38.232990
q7416,2,d1671,38.121143
q7416,3,d3213,37.226372
q7416,4,d2939,37.004055
q7416,5,d4469,36.717983
q7416,6,d961,35.939098
q7416,7,d1239,34.941910
q7416,8,d4896,34.891743
q7416,9,d8606,34.811413
q7416,10,d7410,33.211288
q7417,1,d1101,59.619804
q7417,2,d7209,37.478695
q7417,3,d3916,30.094078
q7417,4,d1287,27.531786
q7417,5,d5124,24.626865
q7417,6,d6384,23.819132
q7417,7,d2104,23.603643
q7417,8,d3316,23.500814
q7417,9,d4331,23.477894
q7417,10,d8529,23.099125
q7418,1,d4907,105.273376
q7418,2,d7133,96.679398
q7418,3,d2919,88.883385
q7418,4,d3569,77.332870
q7418,5,d3918,75.812538
q7418,6,d4140,68.001572
q7418,7,d1996,65.722359
q7418,8,d1107,56.685234
q7418,9,d1101,55.728065
q7418,10,d7418,48.990231
q7419,1,d7209,124.153870
q7419,2,d1101,71.871689
q7419,3,d4331,50.607769
q7419,4,d1287,46.197548
q7419,5,d7492,45.320297
q7419,6,d6304,43.876659
q7419,7,d236,40.809792
q7419,8,d152,38.232494
q7419,9,d2705,36.062088
q7419,10,d1627,34.982994
q7420,1,d1101,92.882011
q7420,2,d2104,48.647766
q7420,3,d4036,42.543026
q7420,4,d1337,40.366074
q7420,5,d6575,40.314159
q7420,6,d2937,38.003113
q7420,7,d7989,36.182159
q7420,8,d543,36.128090
q7420,9,d5965,36.121395
q7420,10,d3316,35.920067
q7421,1,d4855,53.301292
q7421,2,d1748,46.829494
q7421,3,d1949,45.438343
q7421,4,d1101,42.392117
q7421,5,d3898,40.817619
q7421,6,d8727,40.723240
q7421,7,d7258,38.639328
q7421,8,d3522,37.858040
q7421,9,d2702,37.302315
q7421,10,d8196,37.149517
q7422,1,d1101,75.092758
q7422,2,d1089,41.355671
q7422,3,d1263,40.180843
q7422,4,d1185,40.118874
q7422,5,d2104,38.040203
q7422,6,d6429,38.031727
q7422,7,d8721,36.306034
q7422,8,d865,36.122204
q7422,9,d1337,36.115421
q7422,10,d6575,36.045715
q7423,1,d2622,131.100372
q7423,2,d8145,121.271820
q7423,3,d4863,101.164032
q7423,4,d2897,99.626366
q7423,5,d2828,79.878014
q7423,6,d2763,74.697144
q7423,7,d4383,73.505257
q7423,8,d1101,71.327667
q7423,9,d2724,66.120071
q7423,10,d4730,65.184479
q7424,1,d1101,48.188362
q7424,2,d3316,23.363079
q7424,3,d243,23.003876
q7424,4,d236,22.998966
q7424,5,d1929,21.375074
q7424,6,d2937,19.592163
q7424,7,d6971,18.552986
q7424,8,d1398,18.359642
q7424,9,d2154,17.998180
q7424,10,d5870,17.510227
q7425,1,d1536,53.258564
q7425,2,d553,52.208252
q7425,3,d2864,46.274490
q7425,4,d6066,36.565624
q7425,5,d7425,36.315956
q7425,6,d7222,35.129517
q7425,7,d6540,33.820713
q7425,8,d3297,33.625458
q7425,9,d2099,33.278809
q7425,10,d4968,32.122101
q7426,1,d1101,63.789383
q7426,2,d4331,53.548134
q7426,3,d4715,43.158943
q7426,4,d685,41.925022
q7426,5,d3402,40.869186
q7426,6,d1929,40.680733
q7426,7,d1542,39.938271
q7426,8,d3593,39.617508
q7426,9,d5765,38.457237
q7426,10,d4951,38.454494
q7427,1,d1101,112.303024
q7427,2,d865,56.606113
q7427,3,d840,56.237724
q7427,4,d6575,54.612270
q7427,5,d1537,54.305225
q7427,6,d5702,54.011829
q7427,7,d679,52.615627
q7427,8,d2104,52.352840
q7427,9,d1337,50.670471
q7427,10,d7209,48.187256
q7428,1,d962,41.456596
q7428,2,d1117,40.880329
q7428,3,d1101,40.218689
q7428,4,d347,36.360500
q7428,5,d4896,35.973289
q7428,6,d436,29.692850
q7428,7,d1664,28.926432
q7428,8,d4331,28.346428
q7428,9,d7209,25.938467
q7428,10,d6384,25.706434
q7429,1,d1101,63.570442
q7429,2,d4543,56.981621
q7429,3,d4796,54.473701
q7429,4,d1716,51.672676
q7429,5,d4148,51.128395
q7429,6,d4013,49.570580
q7429,7,d5053,48.442101
q7429,8,d3844,48.054161
q7429,9,d306,47.175621
q7429,10,d7325,46.417366
q7430,1,d193,70.937347
q7430,2,d1101,70.217758
q7430,3,d2960,58.769909
q7430,4,d6192,56.942978
q7430,5,d1622,53.309036
q7430,6,d458,52.698696
q7430,7,d257,47.373001
q7430,8,d361,45.901466
q7430,9,d3172,45.836216
q7430,10,d3613,44.583168
q7431,1,d1965,52.016319
q7431,2,d7743,47.817520
q7431,3,d1101,43.010612
q7431,4,d4679,41.565670
q7431,5,d7024,40.051449
q7431,6,d7042,38.846226
q7431,7,d8546,36.050282
q7431,8,d1843,35.908363
q7431,9,d2805,35.679398
q7431,10,d6195,35.629707
q7432,1,d4643,109.218201
q7432,2,d1665,106.089035
q7432,3,d805,102.247810
q7432,4,d3864,97.007156
q7432,5,d1101,86.831467
q7432,6,d1747,64.528732
q7432,7,d5656,60.531479
q7432,8,d4620,56.965473
q7432,9,d135,54.373249
q7432,10,d4823,54.248901
q7433,1,d1101,19.971470
q7433,2,d3984,19.116495
q7433,3,d1671,18.887568
q7433,4,d3213,18.613186
q7433,5,d961,17.969547
q7433,6,d2939,17.694096
q7433,7,d4469,17.559513
q7433,8,d1239,16.786123
q7433,9,d4150,16.318329
q7433,10,d1969,16.318329
q7434,1,d4610,57.844296
q7434,2,d1101,51.937950
q7434,3,d3536,49.145370
q7434,4,d5053,47.747917
q7434,5,d3285,44.495281
q7434,6,d2700,41.237282
q7434,7,d3144,40.757942
q7434,8,d5236,35.900707
q7434,9,d7325,34.813026
q7434,10,d6103,33.581558
q7435,1,d1101,72.439903
q7435,2,d6876,57.125660
q7435,3,d865,54.397442
q7435,4,d3999,51.867718
q7435,5,d2154,50.031712
q7435,6,d7233,46.141834
q7435,7,d2104,40.894360
q7435,8,d6575,38.449589
q7435,9,d1337,37.588154
q7435,10,d1044,37.357620
q7436,1,d1101,101.262611
q7436,2,d5053,79.403389
q7436,3,d7325,75.428215
q7436,4,d6103,72.760048
q7436,5,d5236,68.998535
q7436,6,d2061,67.852493
q7436,7,d6540,59.945675
q7436,8,d8529,57.747818
q7436,9,d6397,56.711296
q7436,10,d6235,55.644444
q7437,1,d1101,128.176117
q7437,2,d5053,75.750160
q7437,3,d7325,75.428215
q7437,4,d5236,75.166481
q7437,5,d6103,72.760048
q7437,6,d2061,67.852493
q7437,7,d2937,67.575027
q7437,8,d4036,65.292831
q7437,9,d1287,63.625629
q7437,10,d865,63.527107
q7438,1,d1101,57.099712
q7438,2,d4463,49.399994
q7438,3,d3258,47.087540
q7438,4,d6025,46.696270
q7438,5,d6384,43.054230
q7438,6,d6187,41.679333
q7438,7,d216,41.626320
q7438,8,d1859,40.527550
q7438,9,d7989,39.785088
q7438,10,d2676,38.437469
q7439,1,d4566,98.860695
q7439,2,d5541,58.560276
q7439,3,d4885,53.201366
q7439,4,d4406,49.839729
q7439,5,d7685,47.020103
q7439,6,d217,45.858330
q7439,7,d6606,45.655689
q7439,8,d1101,45.533405
q7439,9,d4896,42.370903
q7439,10,d4403,41.767952
q7440,1,d1101,138.497391
q7440,2,d4036,92.226974
q7440,3,d6384,91.575813
q7440,4,d1003,84.993767
q7440,5,d6631,84.703690
q7440,6,d5543,84.638153
q7440,7,d1630,80.281464
q7440,8,d5965,78.927437
q7440,9,d3896,78.791374
q7440,10,d6971,78.504570
q7441,1,d2154,61.765232
q7441,2,d5053,60.192982
q7441,3,d7325,59.976040
q7441,4,d1435,58.720909
q7441,5,d8550,56.674187
q7441,6,d1101,56.608326
q7441,7,d4679,56.025822
q7441,8,d6103,55.969269
q7441,9,d5236,55.632351
q7441,10,d791,55.187176
q7442,1,d1101,63.302692
q7442,2,d4171,43.528103
q7442,3,d1915,34.810455
q7442,4,d4331,34.776985
q7442,5,d47,34.341919
q7442,6,d7410,33.103775
q7442,7,d1239,32.464355
q7442,8,d2939,32.236904
q7442,9,d4469,31.950157
q7442,10,d1525,31.665802
q7443,1,d1101,112.093903
q7443,2,d541,71.710136
q7443,3,d6,71.601334
q7443,4,d593,68.367989
q7443,5,d629,64.458557
q7443,6,d865,57.588173
q7443,7,d1737,57.529217
q7443,8,d1337,56.647446
q7443,9,d6575,56.525616
q7443,10,d548,55.488487
q7444,1,d1101,68.509781
q7444,2,d4331,60.522305
q7444,3,d2705,45.776802
q7444,4,d3350,42.031296
q7444,5,d4419,41.825428
q7444,6,d4115,39.953453
q7444,7,d4479,38.729496
q7444,8,d1537,38.665615
q7444,9,d3848,37.053925
q7444,10,d1627,36.838284
q7445,1,d6444,80.846024
q7445,2,d358,66.278542
q7445,3,d3792,62.718502
q7445,4,d5922,62.261467
q7445,5,d4132,61.396900
q7445,6,d5061,60.448166
q7445,7,d5464,60.009125
q7445,8,d2739,59.924534
q7445,9,d2715,56.586739
q7445,10,d7919,55.197460
q7446,1,d1677,68.597061
q7446,2,d3830,62.981270
q7446,3,d2261,56.742119
q7446,4,d2341,47.482388
q7446,5,d7960,46.106728
q7446,6,d1749,43.010727
q7446,7,d4593,42.164845
q7446,8,d249,41.326481
q7446,9,d250,41.104782
q7446,10,d1227,39.799324
q7447,1,d1101,60.765167
q7447,2,d4331,30.490284
q7447,3,d4718,28.329699
q7447,4,d1929,27.560213
q7447,5,d2600,27.432161
q7447,6,d2631,27.432161
q7447,7,d4260,27.063543
q7447,8,d1627,26.764627
q7447,9,d2802,26.535782
q7447,10,d3120,26.355694
q7448,1,d1101,76.961990
q7448,2,d6606,71.708725
q7448,3,d2572,67.500648
q7448,4,d6281,66.239754
q7448,5,d613,62.662403
q7448,6,d4614,60.541145
q7448,7,d4918,59.422371
q7448,8,d4627,58.939220
q7448,9,d3420,55.860069
q7448,10,d2799,54.797760
q7449,1,d4378,206.780273
q7449,2,d3940,185.053787
q7449,3,d561,181.281097
q7449,4,d7246,165.539108
q7449,5,d8637,164.634583
q7449,6,d1527,152.167633
q7449,7,d8390,149.674545
q7449,8,d7192,146.891037
q7449,9,d5229,146.720688
q7449,10,d4914,139.871384
q7450,1,d1101,32.414871
q7450,2,d4896,27.880182
q7450,3,d4331,25.996460
q7450,4,d3316,25.164511
q7450,5,d4156,24.308529
q7450,6,d1929,23.346680
q7450,7,d5954,22.511898
q7450,8,d6986,19.701181
q7450,9,d1716,19.597542
q7450,10,d3520,18.587139
q7451,1,d8064,120.684784
q7451,2,d1768,112.845360
q7451,3,d298,90.069046
q7451,4,d1646,89.249588
q7451,5,d7155,88.892090
q7451,6,d250,83.790237
q7451,7,d3186,83.631310
q7451,8,d3297,76.088165
q7451,9,d4360,74.817596
q7451,10,d3983,72.115486
q7452,1,d1749,59.208805
q7452,2,d2038,50.835472
q7452,3,d6754,48.867226
q7452,4,d5251,39.769859
q7452,5,d5513,39.454178
q7452,6,d4411,36.102264
q7452,7,d4277,34.790604
q7452,8,d1101,34.722797
q7452,9,d1395,34.585201
q7452,10,d6844,33.445751
q7453,1,d1101,75.544708
q7453,2,d1716,65.411957
q7453,3,d722,51.903336
q7453,4,d306,50.577606
q7453,5,d2719,50.134434
q7453,6,d1636,49.167255
q7453,7,d3379,49.151306
q7453,8,d4148,47.098965
q7453,9,d3810,46.793636
q7453,10,d3842,46.494297
q7454,1,d6737,72.057304
q7454,2,d2322,71.115616
q7454,3,d1724,69.009003
q7454,4,d1748,61.639885
q7454,5,d1101,57.611153
q7454,6,d2987,57.297852
q7454,7,d2426,53.027588
q7454,8,d3522,49.788086
q7454,9,d8196,47.241879
q7454,10,d1949,46.407524
q7455,1,d4665,151.911469
q7455,2,d8318,126.436905
q7455,3,d4327,96.064468
q7455,4,d3598,85.919533
q7455,5,d4859,84.306221
q7455,6,d3211,83.304611
q7455,7,d3262,82.769508
q7455,8,d3932,81.343117
q7455,9,d1925,80.158508
q7455,10,d7056,70.621193
q7456,1,d1101,76.011833
q7456,2,d4395,66.450859
q7456,3,d7989,54.485565
q7456,4,d1782,53.019440
q7456,5,d3689,50.136097
q7456,6,d8527,48.476257
q7456,7,d201,48.438530
q7456,8,d2500,47.107548
q7456,9,d1337,46.940056
q7456,10,d3459,45.761364
q7457,1,d3473,108.890060
q7457,2,d1101,93.647728
q7457,3,d1881,83.913475
q7457,4,d1799,75.545761
q7457,5,d1559,65.468201
q7457,6,d3541,64.630081
q7457,7,d865,61.574261
q7457,8,d2937,59.859268
q7457,9,d314,57.921505
q7457,10,d4963,57.719200
q7458,1,d1101,84.201019
q7458,2,d2844,79.534805
q7458,3,d7209,72.368759
q7458,4,d865,54.862625
q7458,5,d2104,52.345913
q7458,6,d2937,51.547588
q7458,7,d1405,49.114281
q7458,8,d6575,48.642838
q7458,9,d1225,48.465393
q7458,10,d7989,46.463570
q7459,1,d1047,57.293427
q7459,2,d1101,41.708069
q7459,3,d6734,37.714184
q7459,4,d314,37.287888
q7459,5,d4331,28.512491
q7459,6,d2937,26.634169
q7459,7,d6575,26.216181
q7459,8,d1070,25.273096
q7459,9,d4896,24.746628
q7459,10,d2104,24.499855
q7460,1,d1101,48.193344
q7460,2,d7989,41.757671
q7460,3,d7642,40.848816
q7460,4,d4410,35.431522
q7460,5,d5251,34.816315
q7460,6,d1118,33.588791
q7460,7,d469,32.995163
q7460,8,d1929,32.781876
q7460,9,d4861,29.728270
q7460,10,d4285,29.475691
q7461,1,d1101,68.474800
q7461,2,d4029,65.502556
q7461,3,d1029,64.075348
q7461,4,d5965,58.992928
q7461,5,d5870,54.366707
q7461,6,d6971,53.605148
q7461,7,d3896,51.724533
q7461,8,d4036,50.823639
q7461,9,d8060,48.735664
q7461,10,d6631,48.562485
q7462,1,d1101,57.417202
q7462,2,d6133,54.993526
q7462,3,d6188,50.090248
q7462,4,d1297,48.156723
q7462,5,d1435,46.724083
q7462,6,d930,46.528599
q7462,7,d5529,46.064495
q7462,8,d2172,45.964939
q7462,9,d7108,45.653709
q7462,10,d7743,41.119186
q7463,1,d1101,128.109619
q7463,2,d2104,77.883812
q7463,3,d4331,73.315933
q7463,4,d3345,71.956276
q7463,5,d516,71.943733
q7463,6,d3316,69.574059
q7463,7,d865,69.151772
q7463,8,d1044,67.034241
q7463,9,d1337,66.471687
q7463,10,d7536,66.149895
q7464,1,d1101,47.973404
q7464,2,d2287,40.390060
q7464,3,d6443,36.837173
q7464,4,d7841,35.583500
q7464,5,d2177,32.465508
q7464,6,d3800,27.717188
q7464,7,d3836,27.548153
q7464,8,d2299,26.996380
q7464,9,d2503,26.979359
q7464,10,d2937,26.482237
q7465,1,d2154,53.643036
q7465,2,d2215,42.438931
q7465,3,d7233,40.260422
q7465,4,d6985,38.099308
q7465,5,d7534,37.861141
q7465,6,d258,37.675808
q7465,7,d6293,37.363239
q7465,8,d7743,35.946156
q7465,9,d1101,35.800426
q7465,10,d5053,34.961613
q7466,1,d3832,47.342907
q7466,2,d8114,46.300667
q7466,3,d1101,40.039799
q7466,4,d4782,39.299850
q7466,5,d560,37.136688
q7466,6,d5801,36.721165
q7466,7,d332,34.710861
q7466,8,d4127,33.713837
q7466,9,d5053,29.134678
q7466,10,d7325,29.010857
q7467,1,d3062,6.364686
q7467,2,d3781,6.158244
q7467,3,d1717,5.901312
q7467,4,d4413,5.531915
q7467,5,d267,5.425307
q7467,6,d1101,5.275396
q7467,7,d3261,5.133414
q7467,8,d1849,5.042741
q7467,9,d4968,5.011510
q7467,10,d1613,4.513340
q7468,1,d1640,22.809811
q7468,2,d135,19.176443
q7468,3,d3745,18.586613
q7468,4,d2950,18.103662
q7468,5,d4706,18.088039
q7468,6,d1984,17.588745
q7468,7,d4105,17.584402
q7468,8,d4861,16.338478
q7468,9,d3736,16.297060
q7468,10,d4171,15.877827
q7469,1,d7469,25.022066
q7469,2,d1639,24.787392
q7469,3,d367,24.516935
q7469,4,d4097,24.143814
q7469,5,d328,21.397896
q7469,6,d4839,18.670086
q7469,7,d3781,18.474731
q7469,8,d353,18.175219
q7469,9,d243,17.352598
q7469,10,d421,17.312330
q7470,1,d3781,12.316488
q7470,2,d1640,11.397238
q7470,3,d1709,9.738799
q7470,4,d3983,9.427401
q7470,5,d4655,8.326345
q7470,6,d6965,8.187113
q7470,7,d1101,8.138457
q7470,8,d3984,7.646598
q7470,9,d3213,7.445274
q7470,10,d6593,7.311635
q7471,1,d2899,153.728058
q7471,2,d4319,153.148148
q7471,3,d4594,150.692612
q7471,4,d293,150.432098
q7471,5,d923,147.384613
q7471,6,d39,146.879501
q7471,7,d4667,146.879501
q7471,8,d3567,146.879501
q7471,9,d3628,146.240082
q7471,10,d748,146.069473
q7472,1,d7209,120.228081
q7472,2,d1799,54.873981
q7472,3,d1559,50.329918
q7472,4,d1287,47.231144
q7472,5,d4848,47.124821
q7472,6,d5635,43.461525
q7472,7,d4174,43.078175
q7472,8,d1881,41.454880
q7472,9,d5263,41.256454
q7472,10,d7217,39.636097
q7473,1,d6524,134.902405
q7473,2,d498,70.362289
q7473,3,d453,61.095387
q7473,4,d3815,55.155029
q7473,5,d8658,53.851326
q7473,6,d1071,53.571323
q7473,7,d3983,53.205627
q7473,8,d5142,52.620411
q7473,9,d6965,51.949635
q7473,10,d2838,51.921547
q7474,1,d7209,77.916313
q7474,2,d4770,41.084908
q7474,3,d401,29.599861
q7474,4,d1862,26.731321
q7474,5,d5058,25.937635
q7474,6,d1707,25.075006
q7474,7,d1939,25.015930
q7474,8,d1787,24.598438
q7474,9,d1848,21.162317
q7474,10,d6876,20.899065
q7475,1,d7209,39.680790
q7475,2,d5391,26.057270
q7475,3,d1089,25.847294
q7475,4,d1535,25.448606
q7475,5,d8185,25.173117
q7475,6,d1263,25.113026
q7475,7,d5956,24.866928
q7475,8,d7492,24.546656
q7475,9,d152,23.115372
q7475,10,d993,23.043234
q7476,1,d4954,80.113800
q7476,2,d1789,68.322327
q7476,3,d3035,67.207832
q7476,4,d3790,63.225960
q7476,5,d2702,62.531544
q7476,6,d4823,56.828465
q7476,7,d123,56.097416
q7476,8,d1623,54.441971
q7476,9,d2842,54.142117
q7476,10,d6163,53.154953
q7477,1,d8527,53.321068
q7477,2,d2500,51.171509
q7477,3,d6960,45.190254
q7477,4,d8549,45.108261
q7477,5,d4395,42.119186
q7477,6,d1794,40.618935
q7477,7,d1784,40.303768
q7477,8,d3799,39.667332
q7477,9,d6862,39.605255
q7477,10,d7969,38.795830
q7478,1,d1708,59.461082
q7478,2,d2350,52.072151
q7478,3,d1815,51.982716
q7478,4,d1828,51.772141
q7478,5,d3966,47.042465
q7478,6,d2808,46.462086
q7478,7,d7787,44.204529
q7478,8,d7410,44.180954
q7478,9,d3018,43.927124
q7478,10,d7209,43.194729
q7479,1,d6991,56.673923
q7479,2,d3350,50.511280
q7479,3,d8223,49.288815
q7479,4,d3359,46.152901
q7479,5,d4202,43.573807
q7479,6,d4479,43.570683
q7479,7,d7986,43.542416
q7479,8,d4419,43.538574
q7479,9,d1537,43.498817
q7479,10,d4331,43.135338
q7480,1,d4174,70.588692
q7480,2,d496,65.437248
q7480,3,d5656,60.424892
q7480,4,d320,55.255920
q7480,5,d457,53.437695
q7480,6,d2453,53.108643
q7480,7,d2701,51.166428
q7480,8,d2992,50.272621
q7480,9,d5726,50.272621
q7480,10,d7883,50.121170
q7481,1,d7209,36.764194
q7481,2,d4331,32.416618
q7481,3,d8529,24.476425
q7481,4,d3316,24.297756
q7481,5,d1029,22.642042
q7481,6,d1929,21.123505
q7481,7,d135,20.987803
q7481,8,d1117,20.813990
q7481,9,d1225,19.642715
q7481,10,d2489,17.972923
q7482,1,d4717,45.299957
q7482,2,d480,45.243061
q7482,3,d192,39.544086
q7482,4,d8717,39.163109
q7482,5,d5952,38.985329
q7482,6,d4413,38.501778
q7482,7,d4486,38.289787
q7482,8,d4617,37.357304
q7482,9,d1771,36.880489
q7482,10,d469,36.282806
q7483,1,d4665,102.782776
q7483,2,d8318,84.307365
q7483,3,d7056,67.121307
q7483,4,d1261,57.233204
q7483,5,d6734,56.205101
q7483,6,d3598,41.932194
q7483,7,d703,40.696918
q7483,8,d3297,40.277130
q7483,9,d236,34.498451
q7483,10,d3263,34.392223
q7484,1,d3815,77.062881
q7484,2,d1844,74.479141
q7484,3,d2838,71.660591
q7484,4,d7484,70.823219
q7484,5,d2642,70.666359
q7484,6,d8658,69.237427
q7484,7,d5142,66.850533
q7484,8,d3889,66.531181
q7484,9,d1392,66.475471
q7484,10,d6202,65.985588
q7485,1,d7209,60.441986
q7485,2,d1174,58.531487
q7485,3,d1231,53.192940
q7485,4,d8172,52.796036
q7485,5,d1567,52.429058
q7485,6,d7500,49.569336
q7485,7,d7417,48.950039
q7485,8,d5527,47.697536
q7485,9,d4928,47.246326
q7485,10,d6039,46.746765
q7486,1,d250,48.526257
q7486,2,d7209,48.245838
q7486,3,d205,41.913849
q7486,4,d354,40.948814
q7486,5,d1978,39.505550
q7486,6,d1858,38.436802
q7486,7,d315,37.027531
q7486,8,d7485,36.942459
q7486,9,d2532,36.857956
q7486,10,d6214,36.261539
q7487,1,d8527,110.061180
q7487,2,d3799,102.931976
q7487,3,d2500,100.230164
q7487,4,d1784,97.323135
q7487,5,d4395,96.360443
q7487,6,d6960,87.804138
q7487,7,d7969,80.630249
q7487,8,d1705,80.628265
q7487,9,d4318,78.480316
q7487,10,d3466,76.140793
q7488,1,d8379,59.192532
q7488,2,d2154,50.815025
q7488,3,d236,43.096977
q7488,4,d7209,41.925201
q7488,5,d7943,35.834244
q7488,6,d3316,34.149948
q7488,7,d1398,32.129372
q7488,8,d6994,28.999027
q7488,9,d7233,27.331850
q7488,10,d930,26.237949
q7489,1,d7209,61.273655
q7489,2,d4967,36.885597
q7489,3,d3796,30.701954
q7489,4,d3182,30.024002
q7489,5,d7489,27.043777
q7489,6,d3609,26.159925
q7489,7,d4766,22.410467
q7489,8,d312,21.957325
q7489,9,d2051,21.299583
q7489,10,d5965,20.716059
q7490,1,d7209,48.960342
q7490,2,d4331,27.530607
q7490,3,d189,16.945637
q7490,4,d3316,16.754198
q7490,5,d3835,16.631132
q7490,6,d1101,15.934275
q7490,7,d439,15.845198
q7490,8,d6465,15.077096
q7490,9,d311,15.070732
q7490,10,d1813,14.555977
q7491,1,d4779,30.072725
q7491,2,d2700,27.847425
q7491,3,d8590,27.390541
q7491,4,d189,26.500626
q7491,5,d6594,26.326002
q7491,6,d3427,26.148674
q7491,7,d8486,25.794420
q7491,8,d8387,25.794420
q7491,9,d4499,25.765287
q7491,10,d5103,25.463301
q7492,1,d6133,97.135925
q7492,2,d930,87.334969
q7492,3,d4954,85.937088
q7492,4,d1435,84.883209
q7492,5,d7233,84.021202
q7492,6,d5529,81.892441
q7492,7,d7108,81.162148
q7492,8,d1297,78.741676
q7492,9,d6188,76.850014
q7492,10,d7492,74.692047
q7493,1,d7209,48.632381
q7493,2,d8529,23.099125
q7493,3,d2818,19.784124
q7493,4,d7741,19.458843
q7493,5,d7814,18.838041
q7493,6,d3080,18.701370
q7493,7,d6082,18.268616
q7493,8,d1029,17.583176
q7493,9,d4268,17.136173
q7493,10,d4824,17.123796
q7494,1,d4331,69.238243
q7494,2,d1627,59.977448
q7494,3,d3233,47.066174
q7494,4,d1630,45.534981
q7494,5,d2058,44.533592
q7494,6,d3350,43.900467
q7494,7,d1537,42.558300
q7494,8,d3711,40.539444
q7494,9,d4479,38.729496
q7494,10,d4419,38.700954
q7495,1,d2786,18.891617
q7495,2,d4576,17.981817
q7495,3,d7085,17.257215
q7495,4,d279,15.315142
q7495,5,d2965,15.286283
q7495,6,d4791,15.225617
q7495,7,d1697,14.628991
q7495,8,d4619,13.955665
q7495,9,d7006,13.838287
q7495,10,d3779,13.524624
q7496,1,d1287,30.996601
q7496,2,d3297,28.854126
q7496,3,d4106,28.729412
q7496,4,d3733,26.929853
q7496,5,d4977,26.477528
q7496,6,d1517,24.797894
q7496,7,d2856,24.588333
q7496,8,d4331,23.514637
q7496,9,d7471,22.192863
q7496,10,d3257,22.017735
q7497,1,d7497,89.606575
q7497,2,d2925,79.992096
q7497,3,d6845,55.328251
q7497,4,d1287,53.541733
q7497,5,d5124,49.092339
q7497,6,d5577,43.475670
q7497,7,d6167,37.858746
q7497,8,d7492,37.547340
q7497,9,d7209,36.377651
q7497,10,d6304,36.351299
q7498,1,d7258,46.204433
q7498,2,d8019,44.047314
q7498,3,d6206,43.827690
q7498,4,d7202,42.588531
q7498,5,d8196,41.383251
q7498,6,d599,41.285965
q7498,7,d3737,40.117958
q7498,8,d7955,39.569340
q7498,9,d7870,36.188385
q7498,10,d1729,35.135098
q7499,1,d7209,49.792011
q7499,2,d4331,37.821190
q7499,3,d2913,36.667366
q7499,4,d6965,32.856155
q7499,5,d3983,29.547926
q7499,6,d5536,28.311062
q7499,7,d1929,27.116886
q7499,8,d3316,27.023041
q7499,9,d7762,26.934566
q7499,10,d3345,26.830629
q7500,1,d5917,47.059101
q7500,2,d4331,37.533787
q7500,3,d5012,35.591450
q7500,4,d1101,32.684090
q7500,5,d7114,31.509218
q7500,6,d3104,31.301165
q7500,7,d8527,31.028542
q7500,8,d7209,31.021168
q7500,9,d4329,30.907793
q7500,10,d6521,30.806053
q7501,1,d1174,40.568188
q7501,2,d1567,35.570011
q7501,3,d8172,33.597473
q7501,4,d1231,33.121452
q7501,5,d2090,32.550167
q7501,6,d7763,31.644543
q7501,7,d7500,31.544127
q7501,8,d1789,31.268799
q7501,9,d7417,31.150021
q7501,10,d5527,30.352978
q7502,1,d7209,36.377651
q7502,2,d2818,34.154720
q7502,3,d152,33.933800
q7502,4,d1029,32.506489
q7502,5,d7702,30.808783
q7502,6,d2832,30.745266
q7502,7,d4346,28.993055
q7502,8,d5386,27.824047
q7502,9,d316,27.773045
q7502,10,d6276,27.363392
q7503,1,d7209,48.245838
q7503,2,d1029,46.936741
q7503,3,d4839,39.931400
q7503,4,d4331,39.692528
q7503,5,d1929,37.846466
q7503,6,d152,35.550362
q7503,7,d1101,35.481895
q7503,8,d3694,34.473003
q7503,9,d4478,34.455811
q7503,10,d3316,33.912125
q7504,1,d2939,24.546707
q7504,2,d1920,22.595245
q7504,3,d1640,22.266325
q7504,4,d7056,22.092937
q7504,5,d250,21.373018
q7504,6,d2896,20.961643
q7504,7,d5726,20.592388
q7504,8,d5656,20.106102
q7504,9,d3652,18.976559
q7504,10,d7943,18.896927
q7505,1,d4622,99.264519
q7505,2,d2205,89.463745
q7505,3,d7209,84.564919
q7505,4,d4980,84.038467
q7505,5,d1287,67.922638
q7505,6,d7492,53.214020
q7505,7,d6304,51.518932
q7505,8,d6642,50.034107
q7505,9,d7553,48.942299
q7505,10,d4574,47.005188
q7506,1,d7209,60.500568
q7506,2,d8169,40.363129
q7506,3,d7202,31.430843
q7506,4,d1748,30.309141
q7506,5,d2072,30.095194
q7506,6,d4303,29.648184
q7506,7,d5653,29.485188
q7506,8,d3107,29.272808
q7506,9,d8196,28.885296
q7506,10,d6490,28.238766
q7507,1,d3203,78.303535
q7507,2,d1784,64.026733
q7507,3,d1084,64.024574
q7507,4,d5505,63.802170
q7507,5,d4555,63.452511
q7507,6,d1705,56.625443
q7507,7,d1670,56.417500
q7507,8,d4058,54.767189
q7507,9,d3932,53.992764
q7507,10,d7811,50.337986
q7508,1,d7209,72.755302
q7508,2,d4786,51.649891
q7508,3,d7545,44.878029
q7508,4,d3553,43.129444
q7508,5,d4579,40.930004
q7508,6,d7734,39.484837
q7508,7,d3597,38.233761
q7508,8,d1955,37.456043
q7508,9,d3983,35.722710
q7508,10,d5833,35.596024
q7509,1,d250,74.007706
q7509,2,d1646,73.583817
q7509,3,d242,64.678139
q7509,4,d4767,59.161598
q7509,5,d4691,46.420372
q7509,6,d3652,45.916759
q7509,7,d2727,44.161495
q7509,8,d7209,42.311741
q7509,9,d4989,41.488762
q7509,10,d2704,41.257698
q7510,1,d7209,24.122921
q7510,2,d2818,19.348021
q7510,3,d4331,18.052263
q7510,4,d1804,17.683077
q7510,5,d3145,16.753572
q7510,6,d3316,15.774144
q7510,7,d3011,15.551162
q7510,8,d1101,15.523194
q7510,9,d1991,14.790422
q7510,10,d2469,14.646621
q7511,1,d7209,36.377651
q7511,2,d1287,35.914089
q7511,3,d6316,33.427437
q7511,4,d7287,28.392420
q7511,5,d7492,26.381945
q7511,6,d4615,26.043356
q7511,7,d3616,26.033239
q7511,8,d6304,25.541574
q7511,9,d4409,23.821009
q7511,10,d3983,22.569620
q7512,1,d2215,43.421112
q7512,2,d7233,42.953087
q7512,3,d7134,40.313858
q7512,4,d7743,39.153400
q7512,5,d1083,38.070415
q7512,6,d1189,37.165527
q7512,7,d1843,36.634563
q7512,8,d2154,35.496120
q7512,9,d2172,35.136280
q7512,10,d6985,35.057983
q7513,1,d7209,83.850410
q7513,2,d1640,42.564133
q7513,3,d2081,37.317093
q7513,4,d6202,32.844048
q7513,5,d7642,32.843903
q7513,6,d2979,32.208897
q7513,7,d250,31.894144
q7513,8,d1646,31.687622
q7513,9,d4590,28.958740
q7513,10,d4688,28.730042
q7514,1,d3432,137.405136
q7514,2,d4946,115.434410
q7514,3,d3106,83.415352
q7514,4,d3822,67.637985
q7514,5,d4373,64.449532
q7514,6,d4612,58.868206
q7514,7,d3288,55.226547
q7514,8,d4091,53.870289
q7514,9,d4821,53.693550
q7514,10,d3568,40.886196
q7515,1,d7209,24.122919
q7515,2,d4331,22.152895
q7515,3,d189,20.325430
q7515,4,d4952,18.805382
q7515,5,d4485,18.103310
q7515,6,d47,17.317492
q7515,7,d7410,16.546856
q7515,8,d1101,15.769482
q7515,9,d3916,14.843405
q7515,10,d4896,14.652125
q7516,1,d4103,31.456451
q7516,2,d3316,31.051451
q7516,3,d3745,27.727114
q7516,4,d765,26.833168
q7516,5,d4230,26.266195
q7516,6,d4582,25.814278
q7516,7,d2732,24.486065
q7516,8,d3345,23.841501
q7516,9,d3775,23.101711
q7516,10,d4331,22.515945
q7517,1,d3655,64.335297
q7517,2,d3206,62.098377
q7517,3,d3130,60.848190
q7517,4,d3261,60.360508
q7517,5,d2963,57.382469
q7517,6,d3905,56.809456
q7517,7,d4669,56.680901
q7517,8,d3572,52.741146
q7517,9,d2531,42.767181
q7517,10,d436,32.557125
q7518,1,d1287,63.889729
q7518,2,d7492,53.214020
q7518,3,d6304,51.518932
q7518,4,d4907,38.617516
q7518,5,d4622,31.020163
q7518,6,d1116,28.801727
q7518,7,d4668,28.711315
q7518,8,d3569,27.999193
q7518,9,d2205,27.957420
q7518,10,d6642,27.280355
q7519,1,d3796,54.938171
q7519,2,d3864,54.058952
q7519,3,d3856,50.661407
q7519,4,d3182,47.633438
q7519,5,d4967,43.259243
q7519,6,d4766,40.101357
q7519,7,d4331,21.134773
q7519,8,d1101,17.821930
q7519,9,d1697,15.649330
q7519,10,d4164,15.512429
q7520,1,d3626,31.737402
q7520,2,d3811,31.093361
q7520,3,d3931,30.677996
q7520,4,d4410,29.873949
q7520,5,d6777,27.751362
q7520,6,d6172,27.266571
q7520,7,d2950,26.962046
q7520,8,d7630,26.765560
q7520,9,d4761,26.739933
q7520,10,d3391,26.255392
q7521,1,d8711,122.571800
q7521,2,d6304,111.242470
q7521,3,d781,103.778603
q7521,4,d3352,96.897552
q7521,5,d1947,95.102379
q7521,6,d6440,91.875862
q7521,7,d4975,91.875862
q7521,8,d7492,89.290207
q7521,9,d1287,83.799553
q7521,10,d4442,80.332100
q7522,1,d8529,31.925068
q7522,2,d2842,29.621120
q7522,3,d2702,28.323441
q7522,4,d1537,27.502893
q7522,5,d1630,27.433260
q7522,6,d476,26.576086
q7522,7,d3555,26.364395
q7522,8,d6638,25.741667
q7522,9,d3951,25.724674
q7522,10,d123,25.196283
q7523,1,d7209,36.705612
q7523,2,d1287,25.547590
q7523,3,d1029,24.448490
q7523,4,d7492,22.419168
q7523,5,d7410,19.034271
q7523,6,d4147,18.569353
q7523,7,d1101,18.427050
q7523,8,d47,18.301266
q7523,9,d6304,17.027716
q7523,10,d5124,16.409195
q7524,1,d7209,38.849125
q7524,2,d1627,32.633198
q7524,3,d4485,25.568415
q7524,4,d4331,25.330664
q7524,5,d3489,24.104452
q7524,6,d4171,23.936649
q7524,7,d2807,22.638811
q7524,8,d4265,22.372543
q7524,9,d192,22.329151
q7524,10,d189,22.193623
q7525,1,d7417,55.206890
q7525,2,d1174,54.671085
q7525,3,d1567,53.589649
q7525,4,d7763,53.060970
q7525,5,d8172,52.796036
q7525,6,d7500,52.012276
q7525,7,d2090,49.026337
q7525,8,d1231,47.849861
q7525,9,d5527,47.697536
q7525,10,d4928,47.246326
q7526,1,d8024,40.581532
q7526,2,d2728,40.078770
q7526,3,d7067,37.268570
q7526,4,d7209,36.377651
q7526,5,d4614,32.167934
q7526,6,d3373,31.981869
q7526,7,d650,31.627031
q7526,8,d3192,31.573708
q7526,9,d4165,31.255051
q7526,10,d4826,31.190063
q7527,1,d7209,86.360741
q7527,2,d7702,77.453003
q7527,3,d3861,66.536308
q7527,4,d2676,58.643566
q7527,5,d2673,49.562370
q7527,6,d1047,41.474056
q7527,7,d5277,39.453533
q7527,8,d1647,37.645401
q7527,9,d4493,36.580902
q7527,10,d3499,35.469330
q7528,1,d7528,83.472115
q7528,2,d4432,49.905289
q7528,3,d1794,48.481079
q7528,4,d2695,47.309864
q7528,5,d3946,44.674015
q7528,6,d3746,42.430439
q7528,7,d4305,42.416172
q7528,8,d4772,41.449055
q7528,9,d1346,39.911411
q7528,10,d3092,39.798260
q7529,1,d1101,56.683990
q7529,2,d962,35.207966
q7529,3,d4659,33.652885
q7529,4,d5965,33.410213
q7529,5,d1117,30.495836
q7529,6,d5822,29.273664
q7529,7,d4463,28.389994
q7529,8,d5870,26.888493
q7529,9,d6384,25.706434
q7529,10,d3522,24.854870
q7530,1,d4769,80.021378
q7530,2,d1925,40.151184
q7530,3,d6778,31.591488
q7530,4,d1501,30.368324
q7530,5,d8567,30.283703
q7530,6,d5585,26.928663
q7530,7,d8486,25.996212
q7530,8,d8387,25.996212
q7530,9,d6858,25.331322
q7530,10,d3412,25.230030
q7531,1,d7531,167.422699
q7531,2,d1593,104.022385
q7531,3,d7669,94.616852
q7531,4,d7736,91.497139
q7531,5,d1030,88.730438
q7531,6,d1528,87.538696
q7531,7,d990,84.148125
q7531,8,d620,84.148125
q7531,9,d4022,83.747635
q7531,10,d2569,83.705093
q7532,1,d1537,67.795441
q7532,2,d7081,58.917198
q7532,3,d7031,58.760147
q7532,4,d4507,56.531998
q7532,5,d3734,56.531998
q7532,6,d4419,53.583511
q7532,7,d3350,53.563652
q7532,8,d1101,51.812065
q7532,9,d1630,51.405407
q7532,10,d4479,48.411869
q7533,1,d5460,60.052330
q7533,2,d4695,58.236206
q7533,3,d953,57.520611
q7533,4,d7536,49.203922
q7533,5,d4331,45.698338
q7533,6,d5184,45.036942
q7533,7,d1537,44.914314
q7533,8,d1627,43.406010
q7533,9,d1673,39.510834
q7533,10,d4546,39.425964
q7534,1,d3932,54.337860
q7534,2,d4907,52.615501
q7534,3,d3569,50.398548
q7534,4,d4668,49.527203
q7534,5,d5992,46.556889
q7534,6,d4665,46.459385
q7534,7,d6642,39.962173
q7534,8,d4574,39.710819
q7534,9,d6734,38.616642
q7534,10,d1101,37.883022
q7535,1,d4932,62.964310
q7535,2,d1313,61.428848
q7535,3,d4174,60.002811
q7535,4,d1101,57.746727
q7535,5,d4074,56.714161
q7535,6,d1121,56.243507
q7535,7,d7983,55.700489
q7535,8,d1986,55.287777
q7535,9,d1936,53.676514
q7535,10,d1860,52.909672
q7536,1,d1101,60.696472
q7536,2,d3285,52.330570
q7536,3,d3111,49.272446
q7536,4,d2509,45.390011
q7536,5,d6499,43.535278
q7536,6,d3295,41.282936
q7536,7,d6614,39.194210
q7536,8,d6065,38.682163
q7536,9,d4803,37.884762
q7536,10,d4012,34.287666
q7537,1,d7537,135.128357
q7537,2,d942,126.573044
q7537,3,d1101,103.836166
q7537,4,d8288,83.526787
q7537,5,d8569,78.386681
q7537,6,d6064,76.354973
q7537,7,d2104,75.178062
q7537,8,d2201,72.680405
q7537,9,d1274,71.107162
q7537,10,d6301,68.120338
q7538,1,d1101,67.683632
q7538,2,d8054,63.975185
q7538,3,d6290,57.901272
q7538,4,d8555,54.803719
q7538,5,d5053,53.921944
q7538,6,d7466,53.131641
q7538,7,d8011,52.194225
q7538,8,d8083,50.592323
q7538,9,d7325,46.417366
q7538,10,d8024,45.351540
q7539,1,d1748,49.418488
q7539,2,d1101,46.685207
q7539,3,d2639,43.825340
q7539,4,d4918,40.242874
q7539,5,d2572,37.496796
q7539,6,d3522,37.059971
q7539,7,d5053,36.788227
q7539,8,d1724,36.106274
q7539,9,d4119,34.976261
q7539,10,d6206,34.921673
q7540,1,d2809,52.057308
q7540,2,d1101,45.844120
q7540,3,d7536,42.124283
q7540,4,d5184,38.701496
q7540,5,d1673,34.762627
q7540,6,d4331,26.899452
q7540,7,d703,25.435574
q7540,8,d3297,24.853085
q7540,9,d5460,24.725080
q7540,10,d7155,23.460859
q7541,1,d930,72.334503
q7541,2,d6133,69.461746
q7541,3,d1435,68.068428
q7541,4,d5529,66.537605
q7541,5,d7108,65.944252
q7541,6,d1297,65.825859
q7541,7,d6188,62.696037
q7541,8,d2172,61.224426
q7541,9,d8488,54.958210
q7541,10,d6620,49.538742
q7542,1,d1101,24.069389
q7542,2,d1294,20.295681
q7542,3,d555,20.261669
q7542,4,d7672,19.290039
q7542,5,d3316,18.375744
q7542,6,d7642,16.770016
q7542,7,d1961,16.290138
q7542,8,d47,15.627609
q7542,9,d4718,15.619883
q7542,10,d1898,15.274953
q7543,1,d1101,74.187439
q7543,2,d6575,49.188564
q7543,3,d8606,48.869617
q7543,4,d3445,48.667099
q7543,5,d4979,48.648033
q7543,6,d1337,47.294609
q7543,7,d6606,45.196686
q7543,8,d2104,43.316761
q7543,9,d865,43.078693
q7543,10,d4566,42.260876
q7544,1,d1101,64.421906
q7544,2,d555,42.101101
q7544,3,d6025,41.657261
q7544,4,d6735,38.119488
q7544,5,d6308,37.612331
q7544,6,d2104,37.523968
q7544,7,d1029,37.054348
q7544,8,d5965,36.763584
q7544,9,d5251,36.300770
q7544,10,d2745,36.273270
q7545,1,d1101,105.554802
q7545,2,d2154,101.801651
q7545,3,d1435,83.821014
q7545,4,d6133,81.411865
q7545,5,d8488,81.286758
q7545,6,d7534,78.051651
q7545,7,d6188,75.756393
q7545,8,d6985,75.475464
q7545,9,d7827,73.139557
q7545,10,d5945,69.439766
q7546,1,d1101,77.663719
q7546,2,d865,57.040730
q7546,3,d2104,49.611279
q7546,4,d1044,48.093071
q7546,5,d6575,44.714958
q7546,6,d1337,43.741936
q7546,7,d8358,38.676727
q7546,8,d1070,37.673599
q7546,9,d669,37.202629
q7546,10,d679,36.400909
q7547,1,d1101,82.235222
q7547,2,d1219,69.035065
q7547,3,d5236,61.362564
q7547,4,d4735,60.070164
q7547,5,d2451,59.975487
q7547,6,d5053,58.269352
q7547,7,d7325,58.021706
q7547,8,d6103,55.969269
q7547,9,d2061,53.556412
q7547,10,d3892,52.972355
q7548,1,d817,119.945259
q7548,2,d6409,93.954102
q7548,3,d7123,90.696884
q7548,4,d561,78.482315
q7548,5,d1814,76.706612
q7548,6,d4378,72.848152
q7548,7,d1287,72.797806
q7548,8,d8637,69.844971
q7548,9,d7246,69.611382
q7548,10,d1527,66.703613
q7549,1,d1101,85.441513
q7549,2,d4566,64.631508
q7549,3,d865,53.586658
q7549,4,d1337,53.271580
q7549,5,d679,53.126328
q7549,6,d2104,48.175507
q7549,7,d5541,46.848221
q7549,8,d8358,45.009583
q7549,9,d1117,44.543343
q7549,10,d6575,44.080853
q7550,1,d805,70.432518
q7550,2,d1287,59.201107
q7550,3,d1101,48.094288
q7550,4,d5053,46.615482
q7550,5,d7325,46.417366
q7550,6,d5236,45.193508
q7550,7,d6103,44.775414
q7550,8,d2061,41.755383
q7550,9,d6304,40.419498
q7550,10,d6540,36.889645
q7551,1,d1101,87.419731
q7551,2,d7209,61.273655
q7551,3,d5919,47.157639
q7551,4,d4779,44.675297
q7551,5,d5648,43.866379
q7551,6,d3790,41.871506
q7551,7,d476,41.356277
q7551,8,d2631,41.235840
q7551,9,d2600,41.235840
q7551,10,d2937,40.862091
q7552,1,d1101,47.084888
q7552,2,d2410,41.002083
q7552,3,d7067,40.968258
q7552,4,d2086,40.333565
q7552,5,d8024,39.690601
q7552,6,d8724,38.814827
q7552,7,d4403,38.814827
q7552,8,d6465,37.877392
q7552,9,d5236,37.484486
q7552,10,d5675,37.079121
q7553,1,d4665,153.995819
q7553,2,d1101,143.783386
q7553,3,d8318,127.917900
q7553,4,d6316,97.021065
q7553,5,d1925,85.992615
q7553,6,d679,81.918518
q7553,7,d3598,80.061226
q7553,8,d1337,79.923737
q7553,9,d1955,76.456223
q7553,10,d4036,76.453011
q7554,1,d1101,83.535736
q7554,2,d669,59.129059
q7554,3,d865,56.974300
q7554,4,d679,53.807629
q7554,5,d1630,52.425972
q7554,6,d1337,50.947319
q7554,7,d1044,50.634731
q7554,8,d1537,48.423847
q7554,9,d4331,47.790863
q7554,10,d6306,45.687782
q7555,1,d1101,84.319038
q7555,2,d865,53.295040
q7555,3,d5236,43.412212
q7555,4,d1337,42.269211
q7555,5,d5053,40.788548
q7555,6,d7325,40.615196
q7555,7,d6540,40.553001
q7555,8,d669,40.450813
q7555,9,d6103,39.178486
q7555,10,d1225,38.674370
q7556,1,d1101,124.197647
q7556,2,d5797,89.044441
q7556,3,d1135,87.790092
q7556,4,d5236,80.458954
q7556,5,d5101,77.584328
q7556,6,d5053,75.750160
q7556,7,d7325,75.428215
q7556,8,d1752,73.014740
q7556,9,d6103,72.760048
q7556,10,d1748,70.907402
q7557,1,d2622,81.244904
q7557,2,d2897,60.254509
q7557,3,d1318,56.693268
q7557,4,d8145,54.345680
q7557,5,d5962,50.881512
q7557,6,d4863,49.445263
q7557,7,d1101,48.741058
q7557,8,d5236,40.257008
q7557,9,d7155,39.193481
q7557,10,d7492,38.412823
q7558,1,d4665,134.087814
q7558,2,d8318,112.723175
q7558,3,d3598,101.081810
q7558,4,d3211,98.005417
q7558,5,d1925,89.669128
q7558,6,d1915,79.857475
q7558,7,d3932,70.339607
q7558,8,d5992,67.943062
q7558,9,d4327,59.143364
q7558,10,d1854,57.771141
q7559,1,d3796,151.720352
q7559,2,d4766,122.383324
q7559,3,d7841,88.553009
q7559,4,d4967,85.575272
q7559,5,d3182,84.067192
q7559,6,d3061,79.451309
q7559,7,d1845,78.188568
q7559,8,d2642,77.931671
q7559,9,d1101,74.647606
q7559,10,d6206,74.060165
q7560,1,d4574,123.019554
q7560,2,d1101,114.135155
q7560,3,d6965,95.046669
q7560,4,d3933,94.045380
q7560,5,d679,92.358719
q7560,6,d454,88.771790
q7560,7,d6316,82.668304
q7560,8,d7287,75.148308
q7560,9,d1955,74.857193
q7560,10,d142,70.166077
q7561,1,d2960,86.122910
q7561,2,d458,78.820419
q7561,3,d1622,76.745216
q7561,4,d6192,74.427528
q7561,5,d193,68.179214
q7561,6,d3613,68.094559
q7561,7,d2534,51.128571
q7561,8,d1101,50.695389
q7561,9,d1747,40.721062
q7561,10,d4331,39.236099
q7562,1,d1945,46.915504
q7562,2,d2679,46.455521
q7562,3,d1101,44.988678
q7562,4,d712,40.299709
q7562,5,d4331,37.646397
q7562,6,d4171,37.609722
q7562,7,d3316,36.516041
q7562,8,d1929,36.185200
q7562,9,d3705,36.030762
q7562,10,d1722,34.785069
q7563,1,d1135,43.895042
q7563,2,d1101,43.625847
q7563,3,d1752,40.413651
q7563,4,d1432,25.647026
q7563,5,d805,23.243660
q7563,6,d4331,22.489929
q7563,7,d5765,18.604170
q7563,8,d47,17.985456
q7563,9,d2104,17.805384
q7563,10,d5870,17.510227
q7564,1,d1101,90.567284
q7564,2,d8067,68.700417
q7564,3,d135,61.491001
q7564,4,d8574,57.640350
q7564,5,d1654,56.572544
q7564,6,d2882,56.532864
q7564,7,d6128,56.517445
q7564,8,d3805,56.331074
q7564,9,d3099,55.774712
q7564,10,d1058,55.026688
q7565,1,d1101,79.443970
q7565,2,d1929,48.416588
q7565,3,d7471,37.649883
q7565,4,d4331,35.535572
q7565,5,d969,33.874504
q7565,6,d1722,32.256004
q7565,7,d4171,31.800785
q7565,8,d8089,30.747608
q7565,9,d2559,30.671055
q7565,10,d3316,30.519440
q7566,1,d1101,93.192047
q7566,2,d1537,70.793861
q7566,3,d1287,66.715584
q7566,4,d1630,54.236805
q7566,5,d7492,53.214020
q7566,6,d6304,51.518932
q7566,7,d4331,51.255898
q7566,8,d2937,50.528175
q7566,9,d236,48.186295
q7566,10,d4479,47.728222
q7567,1,d3473,80.238640
q7567,2,d1101,70.608986
q7567,3,d4779,67.200996
q7567,4,d3203,61.524204
q7567,5,d1888,60.868557
q7567,6,d5648,59.280548
q7567,7,d2937,57.759602
q7567,8,d4963,54.186611
q7567,9,d5000,50.126770
q7567,10,d314,49.580841
q7568,1,d1101,89.378471
q7568,2,d765,85.866127
q7568,3,d4582,82.605698
q7568,4,d1337,58.473797
q7568,5,d2572,57.410141
q7568,6,d2104,56.054245
q7568,7,d8606,55.558571
q7568,8,d8358,50.662819
q7568,9,d1044,50.509796
q7568,10,d865,50.035179
q7569,1,d1101,41.573124
q7569,2,d5236,40.917725
q7569,3,d6019,35.251873
q7569,4,d5053,34.696285
q7569,5,d2501,33.846176
q7569,6,d5903,32.889359
q7569,7,d6032,32.028412
q7569,8,d7621,31.812939
q7569,9,d1865,31.671297
q7569,10,d6540,31.298161
q7570,1,d4870,84.706467
q7570,2,d2215,84.564919
q7570,3,d1101,76.582672
q7570,4,d2922,70.637360
q7570,5,d1937,67.096565
q7570,6,d7233,66.288879
q7570,7,d6726,66.221458
q7570,8,d1935,65.082161
q7570,9,d2160,62.947899
q7570,10,d1497,59.600777
q7571,1,d1101,118.553719
q7571,2,d7209,101.594124
q7571,3,d1337,83.510071
q7571,4,d679,80.427292
q7571,5,d1044,73.927650
q7571,6,d865,71.345306
q7571,7,d8358,69.661392
q7571,8,d5053,61.320423
q7571,9,d7325,58.021706
q7571,10,d2104,57.570103
q7572,1,d1101,76.339706
q7572,2,d2991,63.191864
q7572,3,d7979,45.391068
q7572,4,d3237,40.944191
q7572,5,d2489,39.146088
q7572,6,d3285,38.358067
q7572,7,d1929,37.764702
q7572,8,d4331,36.904667
q7572,9,d7209,35.604565
q7572,10,d2700,35.517273
q7573,1,d1101,79.621948
q7573,2,d1936,54.136055
q7573,3,d3186,53.320351
q7573,4,d4339,51.074276
q7573,5,d4576,50.568359
q7573,6,d799,49.845093
q7573,7,d3331,49.509735
q7573,8,d4074,48.805817
q7573,9,d2169,48.461414
q7573,10,d5053,48.442097
q7574,1,d1615,108.102005
q7574,2,d4983,77.856316
q7574,3,d1626,77.272934
q7574,4,d3744,73.306496
q7574,5,d1774,71.280540
q7574,6,d7983,71.030899
q7574,7,d4325,69.231613
q7574,8,d4868,63.387642
q7574,9,d1761,61.109875
q7574,10,d1832,56.195625
q7575,1,d1101,110.996140
q7575,2,d865,73.805649
q7575,3,d8529,70.674683
q7575,4,d1337,66.000282
q7575,5,d1225,62.675297
q7575,6,d679,62.453384
q7575,7,d8358,58.354904
q7575,8,d1044,56.353764
q7575,9,d2104,54.385418
q7575,10,d6575,49.140949
q7576,1,d1101,57.125435
q7576,2,d2104,35.380718
q7576,3,d8114,30.729975
q7576,4,d1337,28.412130
q7576,5,d4262,26.648186
q7576,6,d1044,26.457279
q7576,7,d560,26.108606
q7576,8,d8606,24.481735
q7576,9,d5801,24.369654
q7576,10,d6575,24.349854
q7577,1,d1101,110.368256
q7577,2,d4675,100.787163
q7577,3,d4036,94.710091
q7577,4,d5543,85.770584
q7577,5,d3840,85.495186
q7577,6,d5660,85.488525
q7577,7,d7258,83.070145
q7577,8,d2702,82.622284
q7577,9,d6248,78.411957
q7577,10,d6638,76.383430
q7578,1,d1101,83.757919
q7578,2,d6575,40.737957
q7578,3,d1070,40.559055
q7578,4,d3316,40.264145
q7578,5,d1615,39.461586
q7578,6,d5053,38.614845
q7578,7,d1559,38.548466
q7578,8,d1799,38.363918
q7578,9,d629,37.878117
q7578,10,d2104,37.444164
q7579,1,d5957,85.541550
q7579,2,d7162,51.594864
q7579,3,d1947,46.077103
q7579,4,d5266,46.004417
q7579,5,d645,43.956799
q7579,6,d225,43.514118
q7579,7,d4348,43.085861
q7579,8,d5204,40.688587
q7579,9,d5200,40.652473
q7579,10,d1686,40.293736
q7580,1,d5391,27.892673
q7580,2,d148,26.741573
q7580,3,d1711,25.877739
q7580,4,d760,25.865837
q7580,5,d7841,24.284758
q7580,6,d2939,23.850479
q7580,7,d4469,23.641369
q7580,8,d1101,22.655838
q7580,9,d5956,22.616604
q7580,10,d1239,21.646872
q7581,1,d1101,119.634338
q7581,2,d865,68.933739
q7581,3,d2937,65.186432
q7581,4,d3316,62.238579
q7581,5,d2104,59.760162
q7581,6,d7989,58.722397
q7581,7,d6575,55.567448
q7581,8,d5236,54.997097
q7581,9,d1337,54.399960
q7581,10,d5053,54.269032
q7582,1,d1392,50.037735
q7582,2,d1101,44.695827
q7582,3,d1799,42.203312
q7582,4,d8352,40.269279
q7582,5,d4983,40.071938
q7582,6,d1881,39.833576
q7582,7,d4593,37.367020
q7582,8,d463,34.172855
q7582,9,d1559,33.987869
q7582,10,d4039,31.697229
q7583,1,d1101,36.728531
q7583,2,d4025,31.536928
q7583,3,d1348,26.409407
q7583,4,d1964,25.720383
q7583,5,d5053,23.307743
q7583,6,d7325,23.208685
q7583,7,d6103,22.387705
q7583,8,d5870,22.172007
q7583,9,d1644,22.093258
q7583,10,d5236,22.023735
q7584,1,d7584,162.960587
q7584,2,d1101,88.926193
q7584,3,d1337,49.718906
q7584,4,d865,48.823704
q7584,5,d2469,46.638088
q7584,6,d8358,45.009583
q7584,7,d1044,43.961193
q7584,8,d1789,43.561531
q7584,9,d4036,42.510006
q7584,10,d679,42.505581
q7585,1,d1101,110.511330
q7585,2,d5606,104.162285
q7585,3,d5611,85.236870
q7585,4,d2960,81.707977
q7585,5,d1070,76.582001
q7585,6,d458,72.588745
q7585,7,d1622,70.821991
q7585,8,d7352,70.588142
q7585,9,d6192,68.300049
q7585,10,d2937,64.252090
q7586,1,d1101,91.552002
q7586,2,d7209,47.859295
q7586,3,d809,42.473690
q7586,4,d1337,41.805145
q7586,5,d865,37.333683
q7586,6,d846,36.819672
q7586,7,d7989,36.380943
q7586,8,d851,35.419022
q7586,9,d7438,33.931553
q7586,10,d1070,32.967281
q7587,1,d1101,58.160149
q7587,2,d4174,46.049053
q7587,3,d463,43.419613
q7587,4,d5726,41.184784
q7587,5,d3316,40.395676
q7587,6,d5656,40.212204
q7587,7,d1799,39.878063
q7587,8,d1737,38.652134
q7587,9,d1559,38.390377
q7587,10,d4983,36.664555
q7588,1,d1101,96.612717
q7588,2,d2937,52.088093
q7588,3,d1929,48.109116
q7588,4,d865,46.098152
q7588,5,d6575,45.083588
q7588,6,d2104,43.598679
q7588,7,d1070,42.068604
q7588,8,d1337,41.140827
q7588,9,d4171,41.074009
q7588,10,d2489,39.598049
q7589,1,d4763,70.054680
q7589,2,d1101,59.119801
q7589,3,d4907,52.640144
q7589,4,d5236,49.069370
q7589,5,d5053,48.442097
q7589,6,d7325,46.417366
q7589,7,d3569,44.798710
q7589,8,d6103,44.775414
q7589,9,d6935,43.999283
q7589,10,d5832,43.177761
q7590,1,d1101,88.479874
q7590,2,d1117,53.489334
q7590,3,d7989,49.704567
q7590,4,d865,48.567585
q7590,5,d962,48.005394
q7590,6,d1537,47.928471
q7590,7,d5053,46.615482
q7590,8,d7325,46.417366
q7590,9,d679,46.227360
q7590,10,d5236,45.193508
q7591,1,d1101,104.584404
q7591,2,d679,93.949585
q7591,3,d6316,76.818535
q7591,4,d7287,66.845108
q7591,5,d1955,62.576317
q7591,6,d2104,59.867607
q7591,7,d1337,59.248550
q7591,8,d5236,57.091663
q7591,9,d865,56.156364
q7591,10,d6965,52.982475
q7592,1,d1101,90.008133
q7592,2,d5053,87.404030
q7592,3,d7325,87.032555
q7592,4,d5236,85.167587
q7592,5,d6103,83.953896
q7592,6,d2061,78.291336
q7592,7,d6540,70.293114
q7592,8,d1748,68.265839
q7592,9,d6935,67.220200
q7592,10,d6397,65.436111
q7593,1,d1101,76.718796
q7593,2,d863,67.721153
q7593,3,d720,47.177570
q7593,4,d5965,44.855846
q7593,5,d4036,43.693722
q7593,6,d2937,40.573120
q7593,7,d5660,38.853989
q7593,8,d543,37.190205
q7593,9,d1737,36.025185
q7593,10,d5870,35.210915
q7594,1,d1101,113.334061
q7594,2,d1337,79.559906
q7594,3,d865,71.162361
q7594,4,d679,59.287498
q7594,5,d6575,59.057236
q7594,6,d2104,56.912041
q7594,7,d8358,55.528282
q7594,8,d1044,53.079460
q7594,9,d7989,52.554131
q7594,10,d4036,47.035759
q7595,1,d1101,73.146683
q7595,2,d2048,45.436066
q7595,3,d846,43.176208
q7595,4,d865,42.061138
q7595,5,d1646,40.781929
q7595,6,d4875,39.899132
q7595,7,d679,36.198223
q7595,8,d6575,35.855350
q7595,9,d1337,35.163857
q7595,10,d1070,34.867638
q7596,1,d1101,105.733490
q7596,2,d2104,58.094593
q7596,3,d1337,56.647446
q7596,4,d865,56.000523
q7596,5,d6575,53.350708
q7596,6,d1070,52.361401
q7596,7,d1044,51.440395
q7596,8,d679,50.047295
q7596,9,d4273,48.592308
q7596,10,d8358,48.515816
q7597,1,d5053,58.269352
q7597,2,d7325,58.021706
q7597,3,d6103,55.969269
q7597,4,d5236,53.340267
q7597,5,d2061,52.194225
q7597,6,d6540,46.112057
q7597,7,d6397,43.624073
q7597,8,d1748,43.608063
q7597,9,d6235,42.803417
q7597,10,d8612,41.133789
q7598,1,d1101,80.794037
q7598,2,d7271,70.273781
q7598,3,d3973,43.343925
q7598,4,d2937,42.520802
q7598,5,d3652,41.934937
q7598,6,d4350,40.904591
q7598,7,d250,40.334621
q7598,8,d1640,39.755981
q7598,9,d2727,39.745346
q7598,10,d4691,38.004654
q7599,1,d7114,98.471741
q7599,2,d6293,73.448616
q7599,3,d1989,66.296593
q7599,4,d6188,58.399738
q7599,5,d7233,58.048351
q7599,6,d1435,55.508953
q7599,7,d2154,51.654598
q7599,8,d1101,51.459328
q7599,9,d5917,51.240860
q7599,10,d930,49.111134
q7600,1,d1101,44.426949
q7600,2,d5053,34.961613
q7600,3,d7325,34.813026
q7600,4,d6103,33.581558
q7600,5,d2061,31.316538
q7600,6,d5236,31.316538
q7600,7,d6540,28.792267
q7600,8,d6397,26.174442
q7600,9,d6235,25.682051
q7600,10,d1748,24.216606
q7601,1,d1101,80.539673
q7601,2,d1392,72.542351
q7601,3,d1881,59.160999
q7601,4,d1799,56.482365
q7601,5,d1559,55.543602
q7601,6,d8352,54.130325
q7601,7,d463,51.859428
q7601,8,d1227,51.604797
q7601,9,d4593,47.636295
q7601,10,d4983,46.723736
q7602,1,d1101,115.263054
q7602,2,d865,71.620804
q7602,3,d1337,69.175743
q7602,4,d4208,68.168152
q7602,5,d4482,66.536308
q7602,6,d2104,64.373680
q7602,7,d1044,57.321274
q7602,8,d8358,56.207893
q7602,9,d6575,55.120152
q7602,10,d2937,53.873688
q7603,1,d4438,122.608246
q7603,2,d3203,100.675972
q7603,3,d1101,98.675995
q7603,4,d865,68.530754
q7603,5,d2104,66.904320
q7603,6,d4036,64.695244
q7603,7,d1337,59.248550
q7603,8,d1044,57.736057
q7603,9,d6575,51.795895
q7603,10,d8358,51.342438
q7604,1,d1101,77.786606
q7604,2,d5053,64.096291
q7604,3,d7325,63.823875
q7604,4,d5236,61.997814
q7604,5,d6103,61.566196
q7604,6,d2061,57.413647
q7604,7,d7989,55.878201
q7604,8,d6187,53.417362
q7604,9,d6540,51.848293
q7604,10,d6935,48.764141
q7605,1,d4855,49.700718
q7605,2,d6668,39.514004
q7605,3,d1101,39.455818
q7605,4,d2937,37.860840
q7605,5,d6814,35.787792
q7605,6,d5266,34.336189
q7605,7,d1713,30.562138
q7605,8,d1739,28.677921
q7605,9,d1615,26.999281
q7605,10,d3316,24.780081
q7606,1,d4665,123.271759
q7606,2,d8318,101.169281
q7606,3,d7056,83.475441
q7606,4,d1261,71.519577
q7606,5,d3932,50.293167
q7606,6,d7155,49.830410
q7606,7,d1101,47.220665
q7606,8,d5992,46.297176
q7606,9,d5000,43.600098
q7606,10,d3263,40.645351
q7607,1,d5259,67.350899
q7607,2,d1101,64.301819
q7607,3,d3378,55.820541
q7607,4,d5238,51.716934
q7607,5,d1929,47.610355
q7607,6,d3270,46.091949
q7607,7,d7401,44.147892
q7607,8,d8026,43.962700
q7607,9,d4135,42.158379
q7607,10,d5236,40.652042
q7608,1,d1101,69.100777
q7608,2,d7608,63.103676
q7608,3,d3420,58.816071
q7608,4,d865,58.434460
q7608,5,d8606,53.953922
q7608,6,d2104,53.316444
q7608,7,d6575,52.226795
q7608,8,d3754,49.875553
q7608,9,d2972,49.131676
q7608,10,d1337,47.117798
q7609,1,d1101,104.038368
q7609,2,d5053,93.230965
q7609,3,d7325,92.834724
q7609,4,d5726,90.371635
q7609,5,d6103,89.550819
q7609,6,d5236,85.802841
q7609,7,d5656,85.397629
q7609,8,d2061,83.510757
q7609,9,d6540,75.678413
q7609,10,d4493,72.875237
q7610,1,d6737,159.568115
q7610,2,d2322,151.183548
q7610,3,d2987,125.013466
q7610,4,d2426,115.696518
q7610,5,d1101,86.196327
q7610,6,d952,78.428589
q7610,7,d5053,69.544540
q7610,8,d1724,67.016731
q7610,9,d1627,65.406044
q7610,10,d2128,62.105942
q7611,1,d5606,105.728470
q7611,2,d1101,105.178314
q7611,3,d5611,85.236870
q7611,4,d2960,81.707977
q7611,5,d458,72.588745
q7611,6,d1622,70.821991
q7611,7,d7352,70.588142
q7611,8,d5053,69.923225
q7611,9,d7325,69.626045
q7611,10,d5236,69.509323
q7612,1,d257,213.494232
q7612,2,d193,184.827484
q7612,3,d3664,150.265732
q7612,4,d161,141.866592
q7612,5,d2469,115.667946
q7612,6,d1626,100.068649
q7612,7,d3100,90.445755
q7612,8,d5652,89.426888
q7612,9,d3356,75.194290
q7612,10,d555,72.123466
q7613,1,d1101,54.030495
q7613,2,d5053,40.441460
q7613,3,d5236,35.192402
q7613,4,d7325,34.813026
q7613,5,d6103,33.581558
q7613,6,d6443,32.984009
q7613,7,d2177,32.465508
q7613,8,d3316,32.401173
q7613,9,d2061,31.316538
q7613,10,d7841,30.758129
q7614,1,d476,81.461426
q7614,2,d2469,75.586609
q7614,3,d8529,70.674683
q7614,4,d5236,66.729080
q7614,5,d1626,65.156097
q7614,6,d1734,64.811646
q7614,7,d4845,64.054008
q7614,8,d315,62.367935
q7614,9,d5053,62.116611
q7614,10,d1858,61.664005
q7615,1,d1101,78.066978
q7615,2,d2970,55.627354
q7615,3,d1455,54.990906
q7615,4,d1771,54.143425
q7615,5,d1047,52.805389
q7615,6,d3868,51.299175
q7615,7,d1769,48.188892
q7615,8,d3316,45.997959
q7615,9,d2928,42.715740
q7615,10,d1481,41.875298
q7616,1,d1101,43.318096
q7616,2,d7989,35.939640
q7616,3,d5564,34.230824
q7616,4,d3316,31.125324
q7616,5,d1929,30.414570
q7616,6,d2937,30.248547
q7616,7,d572,29.308134
q7616,8,d846,26.866665
q7616,9,d6718,25.921768
q7616,10,d6536,25.782804
q7617,1,d2453,140.465149
q7617,2,d1101,139.421906
q7617,3,d457,138.538925
q7617,4,d4036,138.018402
q7617,5,d2051,127.135628
q7617,6,d3415,125.730469
q7617,7,d496,125.250549
q7617,8,d257,119.941101
q7617,9,d3896,117.534798
q7617,10,d5870,115.918243
q7618,1,d3924,194.881531
q7618,2,d8120,178.809753
q7618,3,d5153,172.601044
q7618,4,d1,154.249329
q7618,5,d3453,100.255463
q7618,6,d4994,99.735550
q7618,7,d1101,99.086998
q7618,8,d4963,87.390549
q7618,9,d4712,77.217300
q7618,10,d1185,73.534904
q7619,1,d3639,194.227539
q7619,2,d3943,184.006058
q7619,3,d5053,177.949417
q7619,4,d2731,163.743927
q7619,5,d1461,154.756470
q7619,6,d3297,154.184601
q7619,7,d3285,145.113037
q7619,8,d7883,144.480972
q7619,9,d3417,141.046860
q7619,10,d1594,137.530624
q7620,1,d3792,58.671173
q7620,2,d1101,55.670181
q7620,3,d3297,49.399445
q7620,4,d7155,45.654514
q7620,5,d158,43.170471
q7620,6,d8108,42.672859
q7620,7,d692,40.944191
q7620,8,d12,38.666847
q7620,9,d8060,38.188938
q7620,10,d5660,38.078632
q7621,1,d1636,108.167961
q7621,2,d3842,102.709679
q7621,3,d1974,98.715157
q7621,4,d4525,92.982307
q7621,5,d4073,87.178047
q7621,6,d1630,85.542053
q7621,7,d1987,84.817986
q7621,8,d280,82.852448
q7621,9,d722,82.118591
q7621,10,d387,76.717415
q7622,1,d1615,117.014427
q7622,2,d1101,111.574081
q7622,3,d1227,111.202881
q7622,4,d7983,101.673286
q7622,5,d7126,101.254944
q7622,6,d3486,99.626816
q7622,7,d3453,97.249443
q7622,8,d3297,94.381569
q7622,9,d1121,91.759445
q7622,10,d3749,79.737259
q7623,1,d1101,68.109871
q7623,2,d4036,36.764488
q7623,3,d543,35.486019
q7623,4,d5870,34.729862
q7623,5,d3896,32.550240
q7623,6,d4593,32.158497
q7623,7,d5543,30.176382
q7623,8,d5965,29.996021
q7623,9,d6631,29.868481
q7623,10,d8612,28.774900
q7624,1,d1101,109.460251
q7624,2,d1337,90.694992
q7624,3,d865,89.608871
q7624,4,d8358,80.180092
q7624,5,d1044,78.569229
q7624,6,d8606,77.115059
q7624,7,d679,75.967720
q7624,8,d4826,71.129158
q7624,9,d6575,69.776779
q7624,10,d1225,67.900887
q7625,1,d1101,49.450729
q7625,2,d7209,37.537273
q7625,3,d7989,32.112713
q7625,4,d3316,31.575571
q7625,5,d4331,29.750017
q7625,6,d4542,24.419373
q7625,7,d555,23.597658
q7625,8,d8529,23.099125
q7625,9,d47,22.260120
q7625,10,d2540,22.226368
q7626,1,d1929,50.507389
q7626,2,d5611,45.296925
q7626,3,d1101,42.975178
q7626,4,d6103,36.604736
q7626,5,d469,35.186806
q7626,6,d5053,34.961613
q7626,7,d1748,34.955627
q7626,8,d7325,34.813026
q7626,9,d5236,34.754665
q7626,10,d3973,34.577057
q7627,1,d1101,61.535282
q7627,2,d3870,52.296448
q7627,3,d1739,44.283092
q7627,4,d865,34.884319
q7627,5,d2104,31.937355
q7627,6,d484,31.735546
q7627,7,d400,31.519505
q7627,8,d1787,30.782043
q7627,9,d3423,29.967281
q7627,10,d6575,29.559925
q7628,1,d4770,9.017477
q7628,2,d401,8.568623
q7628,3,d4281,7.751083
q7628,4,d7628,7.364453
q7628,5,d3890,6.170417
q7628,6,d3781,6.158244
q7628,7,d4297,5.831080
q7628,8,d1939,5.564213
q7628,9,d3091,5.334154
q7628,10,d1707,5.015001
q7629,1,d7629,59.725990
q7629,2,d1751,56.772724
q7629,3,d3499,55.876160
q7629,4,d4538,45.433273
q7629,5,d2892,37.987537
q7629,6,d4419,36.987808
q7629,7,d3350,35.240593
q7629,8,d3547,34.795330
q7629,9,d1627,34.359970
q7629,10,d1346,33.916447
q7630,1,d7636,7.935248
q7630,2,d4576,7.515438
q7630,3,d148,7.488615
q7630,4,d3213,7.464292
q7630,5,d4350,7.220779
q7630,6,d1929,7.011135
q7630,7,d3973,6.824837
q7630,8,d1972,6.766138
q7630,9,d3781,6.158244
q7630,10,d5648,5.802593
q7631,1,d7631,39.098103
q7631,2,d7636,36.424362
q7631,3,d1978,35.976337
q7631,4,d7630,30.311829
q7631,5,d1120,30.195110
q7631,6,d300,30.006325
q7631,7,d4845,29.038559
q7631,8,d5386,26.287256
q7631,9,d2950,26.194132
q7631,10,d476,26.121479
q7632,1,d5014,87.611153
q7632,2,d7632,59.166298
q7632,3,d1920,53.599403
q7632,4,d6205,37.690662
q7632,5,d1697,33.214314
q7632,6,d3338,26.087986
q7632,7,d4486,26.042450
q7632,8,d4289,25.696699
q7632,9,d2710,25.316969
q7632,10,d1025,22.599133
q7633,1,d1893,18.571285
q7633,2,d7636,17.602140
q7633,3,d1872,17.480055
q7633,4,d5652,17.403284
q7633,5,d1950,17.089565
q7633,6,d1687,17.037546
q7633,7,d1725,16.973028
q7633,8,d1749,16.605513
q7633,9,d2950,16.284218
q7633,10,d7631,16.154270
q7634,1,d7634,68.855591
q7634,2,d4326,56.934029
q7634,3,d3809,48.964924
q7634,4,d4967,46.034447
q7634,5,d3796,42.982738
q7634,6,d3182,42.033600
q7634,7,d6192,39.135399
q7634,8,d1318,36.708855
q7634,9,d4039,35.772614
q7634,10,d264,34.688309
q7635,1,d7635,19.429417
q7635,2,d7640,18.497036
q7635,3,d2419,17.186659
q7635,4,d2683,14.445040
q7635,5,d2422,14.256718
q7635,6,d211,13.357680
q7635,7,d2412,12.549502
q7635,8,d508,12.458477
q7635,9,d479,12.454543
q7635,10,d154,12.418258
q7636,1,d4268,16.820473
q7636,2,d6082,15.309106
q7636,3,d8733,13.667929
q7636,4,d1409,12.703447
q7636,5,d4932,12.539578
q7636,6,d2910,12.381325
q7636,7,d3781,12.316488
q7636,8,d2714,12.165286
q7636,9,d7636,12.146840
q7636,10,d5460,12.034606
q7637,1,d7637,75.681053
q7637,2,d1706,69.141685
q7637,3,d5460,51.216026
q7637,4,d4314,45.054497
q7637,5,d8079,43.327110
q7637,6,d8099,42.429974
q7637,7,d2362,42.105270
q7637,8,d4824,40.486279
q7637,9,d183,40.278164
q7637,10,d484,40.118446
q7638,1,d1849,6.654959
q7638,2,d3062,6.364686
q7638,3,d3781,6.158244
q7638,4,d3590,6.096557
q7638,5,d3745,5.926565
q7638,6,d1717,5.901312
q7638,7,d4413,5.531915
q7638,8,d3849,5.509328
q7638,9,d255,5.210094
q7638,10,d3261,5.133414
q7639,1,d7639,26.028275
q7639,2,d2983,20.013639
q7639,3,d7636,18.554260
q7639,4,d2120,17.457243
q7639,5,d5631,17.388119
q7639,6,d1687,16.012012
q7639,7,d1120,15.585396
q7639,8,d3266,15.556108
q7639,9,d3123,15.350340
q7639,10,d3452,15.080882
q7640,1,d7635,16.319500
q7640,2,d7640,15.144657
q7640,3,d4413,14.313330
q7640,4,d2683,12.732393
q7640,5,d2419,12.001949
q7640,6,d4156,10.675445
q7640,7,d1948,9.704956
q7640,8,d1611,9.487223
q7640,9,d1942,9.277909
q7640,10,d195,9.136057
q7641,1,d250,91.112823
q7641,2,d1646,77.917397
q7641,3,d4767,70.519600
q7641,4,d7209,60.769947
q7641,5,d846,54.234352
q7641,6,d7631,52.745644
q7641,7,d6065,52.191376
q7641,8,d3514,52.032429
q7641,9,d4862,49.987610
q7641,10,d7271,48.832203
q7642,1,d3297,54.003918
q7642,2,d7209,41.925201
q7642,3,d503,38.365437
q7642,4,d821,35.921989
q7642,5,d703,35.609802
q7642,6,d3898,35.049931
q7642,7,d7114,34.854721
q7642,8,d6272,34.826183
q7642,9,d3155,34.719200
q7642,10,d6293,33.832348
q7643,1,d1287,43.198231
q7643,2,d3297,41.512009
q7643,3,d6304,29.563055
q7643,4,d7209,26.824314
q7643,5,d7492,26.381945
q7643,6,d2099,20.639149
q7643,7,d4952,19.797241
q7643,8,d7076,19.528692
q7643,9,d1173,17.487080
q7643,10,d3311,17.476589
q7644,1,d7209,72.755302
q7644,2,d719,43.752811
q7644,3,d5379,41.976974
q7644,4,d8182,41.955574
q7644,5,d5451,41.588936
q7644,6,d8248,41.084690
q7644,7,d6752,40.673794
q7644,8,d6227,40.473091
q7644,9,d7652,40.349594
q7644,10,d6850,40.320602
q7645,1,d2392,37.383656
q7645,2,d3308,35.039230
q7645,3,d7259,34.008331
q7645,4,d4861,32.795544
q7645,5,d2771,31.639418
q7645,6,d1386,31.599791
q7645,7,d987,31.159672
q7645,8,d4120,31.089203
q7645,9,d443,30.769403
q7645,10,d7117,30.064789
q7646,1,d3940,133.707504
q7646,2,d4954,91.566895
q7646,3,d2469,65.725479
q7646,4,d2240,63.297405
q7646,5,d2594,61.360229
q7646,6,d4620,53.530655
q7646,7,d3061,51.139381
q7646,8,d759,49.701122
q7646,9,d4322,48.632061
q7646,10,d1782,48.358334
q7647,1,d2622,149.813843
q7647,2,d8145,126.515778
q7647,3,d4863,117.137306
q7647,4,d2897,115.356842
q7647,5,d1318,94.652695
q7647,6,d7209,71.982216
q7647,7,d7823,55.985588
q7647,8,d4602,42.679996
q7647,9,d1287,39.947002
q7647,10,d2666,32.650200
q7648,1,d250,71.687515
q7648,2,d2261,67.516716
q7648,3,d1646,60.169174
q7648,4,d4823,55.589256
q7648,5,d4767,55.484398
q7648,6,d5726,52.504768
q7648,7,d391,51.297131
q7648,8,d4174,43.922649
q7648,9,d3807,42.134403
q7648,10,d4954,41.507290
q7649,1,d2500,97.996666
q7649,2,d3799,89.221497
q7649,3,d1794,84.444809
q7649,4,d8527,73.396446
q7649,5,d6960,71.304695
q7649,6,d1782,69.267456
q7649,7,d4395,60.815987
q7649,8,d1784,59.867500
q7649,9,d8549,57.101799
q7649,10,d7969,54.117558
q7650,1,d8727,28.719868
q7650,2,d4874,26.098186
q7650,3,d7209,24.509462
q7650,4,d7258,22.955288
q7650,5,d8196,22.449215
q7650,6,d7955,21.371698
q7650,7,d7202,19.742521
q7650,8,d153,19.498846
q7650,9,d6685,19.275280
q7650,10,d1949,19.135452
q7651,1,d7209,49.405464
q7651,2,d7059,45.704327
q7651,3,d3297,45.047398
q7651,4,d6195,43.021851
q7651,5,d1287,33.654915
q7651,6,d47,31.578524
q7651,7,d7410,31.436932
q7651,8,d3234,29.947613
q7651,9,d312,29.221861
q7651,10,d5495,27.828819
q7652,1,d7209,62.433285
q7652,2,d4718,38.266850
q7652,3,d1939,34.389740
q7652,4,d2702,33.937908
q7652,5,d2600,33.499462
q7652,6,d2631,33.499462
q7652,7,d4379,31.303722
q7652,8,d2653,31.284847
q7652,9,d8203,30.124275
q7652,10,d4770,30.042381
q7653,1,d6734,38.717785
q7653,2,d3932,22.270399
q7653,3,d6252,21.906839
q7653,4,d1585,20.777561
q7653,5,d1985,20.752108
q7653,6,d4716,20.578196
q7653,7,d4575,20.284378
q7653,8,d1926,18.913473
q7653,9,d1977,18.880640
q7653,10,d3416,18.696211
q7654,1,d6133,100.882339
q7654,2,d1297,96.313454
q7654,3,d930,93.057205
q7654,4,d5529,92.128998
q7654,5,d7108,91.307411
q7654,6,d1435,87.610489
q7654,7,d7209,86.169670
q7654,8,d6188,81.362892
q7654,9,d8488,74.622299
q7654,10,d7233,71.483421
q7655,1,d3917,48.675926
q7655,2,d1871,47.554283
q7655,3,d1842,44.247116
q7655,4,d3421,44.246342
q7655,5,d7209,42.311745
q7655,6,d3693,41.659019
q7655,7,d395,39.924252
q7655,8,d7655,36.345936
q7655,9,d3983,35.201847
q7655,10,d1781,33.979477
q7656,1,d4322,67.989067
q7656,2,d4954,67.928291
q7656,3,d1615,60.888561
q7656,4,d1118,55.747707
q7656,5,d4759,51.381428
q7656,6,d1748,44.644516
q7656,7,d2594,43.662552
q7656,8,d3487,41.958771
q7656,9,d1755,39.651070
q7656,10,d3479,38.602768
q7657,1,d6465,17.867018
q7657,2,d189,17.752321
q7657,3,d2728,16.428543
q7657,4,d3817,16.252649
q7657,5,d7067,15.353825
q7657,6,d1173,15.317708
q7657,7,d2413,14.208765
q7657,8,d4086,14.045183
q7657,9,d152,13.622687
q7657,10,d2939,13.541108
q7658,1,d3492,87.430206
q7658,2,d1203,62.772968
q7658,3,d6649,62.139027
q7658,4,d413,61.888081
q7658,5,d1993,59.993629
q7658,6,d7494,58.370701
q7658,7,d4294,58.281704
q7658,8,d2628,58.086117
q7658,9,d7095,57.520920
q7658,10,d7150,57.520920
q7659,1,d4622,49.632259
q7659,2,d7209,48.245838
q7659,3,d2205,44.731873
q7659,4,d4980,42.019238
q7659,5,d1665,24.720497
q7659,6,d3983,23.299915
q7659,7,d4360,21.038239
q7659,8,d6965,19.283060
q7659,9,d1982,18.750725
q7659,10,d3457,18.186741
q7660,1,d1929,22.838608
q7660,2,d3080,20.244289
q7660,3,d4576,18.961533
q7660,4,d1101,18.118393
q7660,5,d2489,17.787449
q7660,6,d4331,17.663689
q7660,7,d7085,16.986610
q7660,8,d3297,16.704531
q7660,9,d3316,16.564831
q7660,10,d2965,16.064791
q7661,1,d1294,67.067902
q7661,2,d8118,58.604198
q7661,3,d2211,55.547306
q7661,4,d7672,54.743256
q7661,5,d7642,53.885639
q7661,6,d2322,53.041359
q7661,7,d7195,52.914467
q7661,8,d7526,47.356358
q7661,9,d5251,47.323093
q7661,10,d2084,46.105820
q7662,1,d7209,54.121349
q7662,2,d1313,45.510544
q7662,3,d4932,45.314735
q7662,4,d1986,44.799850
q7662,5,d4756,44.507950
q7662,6,d1860,44.358238
q7662,7,d1936,44.191299
q7662,8,d3186,43.682659
q7662,9,d4074,43.489372
q7662,10,d7628,40.277496
q7663,1,d7114,34.385784
q7663,2,d503,30.223824
q7663,3,d4493,27.768711
q7663,4,d821,26.628662
q7663,5,d7209,24.509462
q7663,6,d6293,24.158922
q7663,7,d3155,22.674307
q7663,8,d1029,22.643923
q7663,9,d3499,22.296164
q7663,10,d4331,20.980225
q7664,1,d1101,78.394356
q7664,2,d3210,33.390678
q7664,3,d5219,30.936411
q7664,4,d679,26.923729
q7664,5,d7989,26.579107
q7664,6,d8345,25.616739
q7664,7,d2104,25.508686
q7664,8,d5870,22.869043
q7664,9,d3316,22.602797
q7664,10,d1239,21.593267
q7665,1,d3898,149.332336
q7665,2,d7997,144.036209
q7665,3,d5870,124.646477
q7665,4,d287,123.020821
q7665,5,d1101,115.452881
q7665,6,d4036,114.839119
q7665,7,d5965,109.656685
q7665,8,d2933,108.747704
q7665,9,d3896,107.719658
q7665,10,d6631,105.190277
q7666,1,d2702,44.938057
q7666,2,d2695,40.743996
q7666,3,d1101,39.131485
q7666,4,d3522,37.531719
q7666,5,d6490,36.410210
q7666,6,d1664,35.178547
q7666,7,d8196,34.149651
q7666,8,d7880,33.563370
q7666,9,d1949,33.492535
q7666,10,d7258,32.952503
q7667,1,d4963,103.147232
q7667,2,d7155,93.308434
q7667,3,d6497,93.110382
q7667,4,d3473,83.035370
q7667,5,d2497,81.925743
q7667,6,d5597,80.221191
q7667,7,d5201,74.966621
q7667,8,d4268,74.741364
q7667,9,d2503,70.308266
q7667,10,d133,68.831169
q7668,1,d7943,42.351337
q7668,2,d1101,40.189297
q7668,3,d4017,37.339897
q7668,4,d4786,28.172665
q7668,5,d8022,27.809278
q7668,6,d119,25.439112
q7668,7,d6581,25.292204
q7668,8,d3297,24.759331
q7668,9,d703,24.639282
q7668,10,d7511,23.014963
q7669,1,d7669,115.632187
q7669,2,d1528,105.268906
q7669,3,d1593,86.685318
q7669,4,d1030,73.942039
q7669,5,d990,70.123436
q7669,6,d620,70.123436
q7669,7,d1157,64.798096
q7669,8,d5391,59.362076
q7669,9,d1267,59.180214
q7669,10,d629,58.222694
q7670,1,d6593,67.046356
q7670,2,d97,52.683361
q7670,3,d4527,45.636234
q7670,4,d294,43.484283
q7670,5,d1593,40.453140
q7670,6,d1101,39.877930
q7670,7,d7669,36.795433
q7670,8,d8731,35.463184
q7670,9,d1157,34.591087
q7670,10,d1030,34.506287
q7671,1,d7209,37.806660
q7671,2,d4086,35.112957
q7671,3,d5675,33.274902
q7671,4,d6465,33.076771
q7671,5,d2485,32.578453
q7671,6,d7685,31.155214
q7671,7,d1101,29.536909
q7671,8,d8652,29.010628
q7671,9,d4791,28.974865
q7671,10,d2410,28.772997
q7672,1,d273,166.824463
q7672,2,d6619,111.052231
q7672,3,d4462,77.856842
q7672,4,d4475,72.002937
q7672,5,d3625,67.883568
q7672,6,d7672,65.206268
q7672,7,d645,61.331482
q7672,8,d1774,59.838905
q7672,9,d2370,54.254620
q7672,10,d3041,51.054653
q7673,1,d4791,23.179892
q7673,2,d1101,21.378513
q7673,3,d1697,18.932371
q7673,4,d4086,18.932371
q7673,5,d7410,15.353317
q7673,6,d47,15.309104
q7673,7,d1704,13.540365
q7673,8,d2104,12.977191
q7673,9,d2864,12.718681
q7673,10,d2939,12.232326
q7674,1,d192,49.388985
q7674,2,d1836,43.464149
q7674,3,d1101,42.590477
q7674,4,d3658,42.469589
q7674,5,d469,42.322426
q7674,6,d4250,42.028011
q7674,7,d400,41.994465
q7674,8,d4617,41.414886
q7674,9,d5050,39.808144
q7674,10,d5952,38.985329
q7675,1,d7675,32.813259
q7675,2,d4791,23.179892
q7675,3,d4086,18.932371
q7675,4,d1697,18.932371
q7675,5,d3463,16.619675
q7675,6,d4331,13.621896
q7675,7,d7410,12.183525
q7675,8,d47,12.050673
q7675,9,d7209,11.868189
q7675,10,d2917,11.565104
q7676,1,d3898,150.620682
q7676,2,d5012,86.190994
q7676,3,d7114,79.443619
q7676,4,d4444,77.408005
q7676,5,d5277,74.959229
q7676,6,d5917,74.358521
q7676,7,d4329,73.724495
q7676,8,d3653,72.799828
q7676,9,d8527,72.343231
q7676,10,d287,66.518806
q7677,1,d6465,59.289719
q7677,2,d5675,52.523907
q7677,3,d7209,43.931820
q7677,4,d8652,42.124981
q7677,5,d2134,36.923843
q7677,6,d1101,36.157112
q7677,7,d7685,36.070534
q7677,8,d4563,35.415295
q7677,9,d438,34.888012
q7677,10,d2086,34.508541
q7678,1,d6606,45.584000
q7678,2,d6281,44.621262
q7678,3,d4086,41.827354
q7678,4,d4431,39.232876
q7678,5,d1671,38.659229
q7678,6,d4896,37.037369
q7678,7,d3927,36.525215
q7678,8,d4264,33.912872
q7678,9,d7678,33.644569
q7678,10,d5609,33.449005
q7679,1,d7722,80.957817
q7679,2,d7724,80.873383
q7679,3,d1809,79.884895
q7679,4,d3316,75.304443
q7679,5,d1882,73.750549
q7679,6,d7273,71.768265
q7679,7,d1101,67.548073
q7679,8,d1998,66.130325
q7679,9,d4576,62.548820
q7679,10,d3718,57.508343
q7680,1,d1622,82.154984
q7680,2,d458,72.710762
q7680,3,d6192,70.095787
q7680,4,d2960,65.926643
q7680,5,d193,62.497612
q7680,6,d3613,54.490540
q7680,7,d1101,50.071255
q7680,8,d2534,45.163349
q7680,9,d54,40.124023
q7680,10,d1747,39.116020
q7681,1,d1101,59.898411
q7681,2,d7489,54.087555
q7681,3,d4339,43.899982
q7681,4,d1972,42.691193
q7681,5,d4074,42.066578
q7681,6,d3186,35.656506
q7681,7,d4712,34.444363
q7681,8,d4593,34.261135
q7681,9,d1227,34.058857
q7681,10,d799,33.676243
q7682,1,d7900,37.680096
q7682,2,d1101,34.351940
q7682,3,d3846,34.004723
q7682,4,d4861,32.829994
q7682,5,d3760,32.447842
q7682,6,d6687,30.677248
q7682,7,d7410,30.406612
q7682,8,d47,30.281116
q7682,9,d2965,29.668045
q7682,10,d5965,29.166471
q7683,1,d3799,98.767456
q7683,2,d2500,93.571587
q7683,3,d1794,85.995056
q7683,4,d8527,73.352287
q7683,5,d1782,66.529861
q7683,6,d6960,53.442730
q7683,7,d4395,51.981232
q7683,8,d4528,51.803921
q7683,9,d804,50.231068
q7683,10,d7969,50.202248
q7684,1,d1896,71.855743
q7684,2,d2051,70.984917
q7684,3,d1101,66.905663
q7684,4,d2469,65.808655
q7684,5,d6971,60.867764
q7684,6,d4954,58.940132
q7684,7,d4620,57.782314
q7684,8,d1615,56.307117
q7684,9,d4983,55.242462
q7684,10,d5870,52.240082
q7685,1,d353,71.108032
q7685,2,d4240,61.808174
q7685,3,d3954,59.331924
q7685,4,d4897,58.362957
q7685,5,d6348,57.441769
q7685,6,d2555,56.665493
q7685,7,d3213,56.410782
q7685,8,d4930,55.175156
q7685,9,d1885,53.962299
q7685,10,d166,53.847282
q7686,1,d2481,47.067448
q7686,2,d6929,45.203499
q7686,3,d5391,44.581650
q7686,4,d7906,43.840046
q7686,5,d1435,43.288345
q7686,6,d4327,41.836323
q7686,7,d6065,41.441338
q7686,8,d7969,41.255840
q7686,9,d2572,40.239399
q7686,10,d187,39.966805
q7687,1,d1706,151.036194
q7687,2,d3725,93.690613
q7687,3,d4766,93.097282
q7687,4,d7637,92.056503
q7687,5,d1559,74.191406
q7687,6,d7209,71.209129
q7687,7,d1101,60.937267
q7687,8,d4602,50.794418
q7687,9,d3561,45.922924
q7687,10,d3332,44.560848
q7688,1,d3809,48.964924
q7688,2,d4326,45.135010
q7688,3,d1101,42.351479
q7688,4,d6192,39.135399
q7688,5,d4039,35.772614
q7688,6,d703,35.609802
q7688,7,d3297,35.585903
q7688,8,d3295,32.432663
q7688,9,d2937,31.611897
q7688,10,d3316,31.407782
q7689,1,d4073,87.639633
q7689,2,d7081,67.017075
q7689,3,d3022,64.847321
q7689,4,d477,63.660324
q7689,5,d2863,61.584522
q7689,6,d5776,60.653206
q7689,7,d2572,59.885078
q7689,8,d3370,59.025661
q7689,9,d4915,57.070576
q7689,10,d3842,56.495071
q7690,1,d4406,65.230125
q7690,2,d4086,65.030525
q7690,3,d3420,58.920151
q7690,4,d3457,56.465786
q7690,5,d689,54.090374
q7690,6,d3131,53.674091
q7690,7,d4487,50.982819
q7690,8,d1671,50.623932
q7690,9,d2086,49.751049
q7690,10,d1732,49.489719
q7691,1,d7209,37.092152
q7691,2,d4791,25.874741
q7691,3,d1101,24.268394
q7691,4,d2410,24.081503
q7691,5,d293,23.557613
q7691,6,d1697,23.533670
q7691,7,d4086,23.511370
q7691,8,d4891,20.171087
q7691,9,d1949,19.639894
q7691,10,d6919,19.485964
q7692,1,d4086,49.004044
q7692,2,d2410,46.403049
q7692,3,d6929,41.872456
q7692,4,d4791,34.769836
q7692,5,d1671,32.811394
q7692,6,d1697,31.696507
q7692,7,d4508,31.136137
q7692,8,d5958,30.881689
q7692,9,d8062,30.273590
q7692,10,d4403,30.145802
q7693,1,d1593,52.011185
q7693,2,d7669,47.308418
q7693,3,d1030,44.365227
q7693,4,d1528,43.769356
q7693,5,d4438,42.518314
q7693,6,d990,42.074062
q7693,7,d620,42.074062
q7693,8,d1157,38.878853
q7693,9,d1101,36.939835
q7693,10,d629,36.285774
q7694,1,d7209,35.604565
q7694,2,d1101,34.618744
q7694,3,d845,32.792503
q7694,4,d7085,25.848293
q7694,5,d4791,23.179892
q7694,6,d47,20.946461
q7694,7,d7410,20.452030
q7694,8,d4331,19.937038
q7694,9,d3104,19.563229
q7694,10,d8631,19.414324
q7695,1,d1392,101.803978
q7695,2,d7695,101.799637
q7695,3,d2642,90.522598
q7695,4,d4422,85.095627
q7695,5,d4593,84.562370
q7695,6,d1101,84.210411
q7695,7,d4135,72.576508
q7695,8,d463,69.398842
q7695,9,d1881,69.374397
q7695,10,d3983,68.776260
q7696,1,d1029,41.018990
q7696,2,d243,38.769451
q7696,3,d7117,37.000759
q7696,4,d1101,33.837414
q7696,5,d3316,32.461224
q7696,6,d5648,29.193411
q7696,7,d6998,28.660538
q7696,8,d4086,28.584581
q7696,9,d6638,28.440060
q7696,10,d2937,26.778090
q7697,1,d1101,52.243427
q7697,2,d1527,47.660057
q7697,3,d4482,38.812843
q7697,4,d4208,38.812843
q7697,5,d4402,37.950485
q7697,6,d2940,32.050137
q7697,7,d2740,27.831257
q7697,8,d6933,26.849064
q7697,9,d4360,25.499220
q7697,10,d1227,25.299721
q7698,1,d4791,23.179892
q7698,2,d7410,19.363445
q7698,3,d4086,18.932371
q7698,4,d1697,18.932371
q7698,5,d47,18.689302
q7698,6,d1101,18.056824
q7698,7,d2939,17.387012
q7698,8,d4469,17.245531
q7698,9,d1239,16.168222
q7698,10,d1704,16.003233
q7699,1,d1382,87.212776
q7699,2,d4963,83.800224
q7699,3,d3473,81.370216
q7699,4,d1219,80.104240
q7699,5,d5597,79.893883
q7699,6,d5865,78.932747
q7699,7,d6006,76.527023
q7699,8,d1831,76.155685
q7699,9,d1755,72.818596
q7699,10,d3364,70.894165
q7700,1,d5460,61.463287
q7700,2,d1101,59.132336
q7700,3,d7401,47.332634
q7700,4,d7536,47.133293
q7700,5,d1409,47.044044
q7700,6,d953,45.643082
q7700,7,d5671,45.574585
q7700,8,d4268,44.058723
q7700,9,d3621,43.432568
q7700,10,d6082,41.795170
q7701,1,d1101,61.682037
q7701,2,d3316,31.974377
q7701,3,d1929,27.827780
q7701,4,d1737,24.709913
q7701,5,d7410,24.498796
q7701,6,d47,24.281389
q7701,7,d4331,24.148773
q7701,8,d2937,22.665018
q7701,9,d2104,22.642866
q7701,10,d1337,22.611971
q7702,1,d7702,111.372360
q7702,2,d3861,83.170387
q7702,3,d2676,82.363297
q7702,4,d3332,80.070419
q7702,5,d1101,77.355232
q7702,6,d1593,69.348251
q7702,7,d7669,63.077896
q7702,8,d1030,59.153637
q7702,9,d1528,58.359142
q7702,10,d629,56.595032
q7703,1,d7287,161.057007
q7703,2,d1955,157.725311
q7703,3,d6316,152.998489
q7703,4,d4615,136.943253
q7703,5,d4409,123.869202
q7703,6,d3487,121.869499
q7703,7,d445,114.284393
q7703,8,d3616,109.243896
q7703,9,d6750,79.494339
q7703,10,d3297,65.211624
q7704,1,d3625,78.313713
q7704,2,d4963,77.250191
q7704,3,d133,72.205696
q7704,4,d3473,71.689850
q7704,5,d5597,70.675652
q7704,6,d1219,70.091209
q7704,7,d5865,69.066154
q7704,8,d6006,66.961151
q7704,9,d1831,66.636230
q7704,10,d1755,63.716274
q7705,1,d1101,85.542191
q7705,2,d7989,45.189484
q7705,3,d3258,42.167404
q7705,4,d447,41.860153
q7705,5,d6384,40.832264
q7705,6,d895,40.387398
q7705,7,d6187,37.117100
q7705,8,d1276,36.841228
q7705,9,d243,36.244236
q7705,10,d2540,35.942162
q7706,1,d7209,85.279419
q7706,2,d1101,41.324020
q7706,3,d8529,34.648689
q7706,4,d2762,30.551411
q7706,5,d4566,29.188496
q7706,6,d1225,29.084539
q7706,7,d2281,27.075167
q7706,8,d4542,26.875187
q7706,9,d7971,26.161825
q7706,10,d7207,26.079575
q7707,1,d2937,44.225075
q7707,2,d7989,43.380543
q7707,3,d4230,41.973190
q7707,4,d3316,40.810505
q7707,5,d2489,40.007450
q7707,6,d3745,38.832878
q7707,7,d1029,37.970257
q7707,8,d1101,37.694359
q7707,9,d7900,37.565220
q7707,10,d4604,37.031048
q7708,1,d1101,54.449356
q7708,2,d541,46.041981
q7708,3,d6331,42.213120
q7708,4,d548,42.095612
q7708,5,d593,41.487164
q7708,6,d5870,30.186020
q7708,7,d3316,28.432632
q7708,8,d8060,27.596252
q7708,9,d962,27.556599
q7708,10,d1117,26.271599
q7709,1,d1929,55.870560
q7709,2,d3394,50.222832
q7709,3,d4331,47.749977
q7709,4,d3316,47.451797
q7709,5,d1101,47.276886
q7709,6,d2489,45.519096
q7709,7,d4357,44.146915
q7709,8,d467,43.927296
q7709,9,d3409,43.865288
q7709,10,d4171,43.733204
q7710,1,d4665,60.516373
q7710,2,d8318,50.363617
q7710,3,d1101,50.063938
q7710,4,d3932,39.390408
q7710,5,d5992,37.043396
q7710,6,d3598,35.378632
q7710,7,d805,35.110317
q7710,8,d7410,35.033604
q7710,9,d47,34.369812
q7710,10,d3211,34.301903
q7711,1,d3542,66.388283
q7711,2,d6182,49.031696
q7711,3,d1101,42.747250
q7711,4,d1722,36.749756
q7711,5,d4115,35.930538
q7711,6,d6465,34.410583
q7711,7,d4432,29.067276
q7711,8,d817,27.996098
q7711,9,d4915,27.901855
q7711,10,d1773,27.842735
q7712,1,d1101,65.384644
q7712,2,d2104,28.495773
q7712,3,d2322,27.755484
q7712,4,d6575,26.752989
q7712,5,d243,26.657333
q7712,6,d6737,24.282879
q7712,7,d865,23.394297
q7712,8,d1337,23.386724
q7712,9,d4897,23.331499
q7712,10,d5053,23.307743
q7713,1,d2154,79.289467
q7713,2,d1101,74.568680
q7713,3,d7233,62.466011
q7713,4,d6133,59.453243
q7713,5,d4156,59.424274
q7713,6,d5053,58.269352
q7713,7,d7325,58.021706
q7713,8,d5236,57.924435
q7713,9,d6103,55.969269
q7713,10,d7989,54.239174
q7714,1,d3350,41.351326
q7714,2,d4331,40.499660
q7714,3,d1537,37.725094
q7714,4,d4419,36.987808
q7714,5,d4479,33.888309
q7714,6,d4202,32.635441
q7714,7,d4710,32.617649
q7714,8,d2937,32.446541
q7714,9,d3848,32.422184
q7714,10,d3711,32.324909
q7715,1,d4665,120.034851
q7715,2,d8318,101.340912
q7715,3,d3598,96.027718
q7715,4,d3211,93.105148
q7715,5,d1925,85.185669
q7715,6,d1915,78.952393
q7715,7,d5992,70.938904
q7715,8,d3932,66.822624
q7715,9,d4327,59.589924
q7715,10,d1854,53.562866
q7716,1,d4240,29.981638
q7716,2,d2864,28.514053
q7716,3,d2688,27.963299
q7716,4,d2754,26.927078
q7716,5,d7716,26.758137
q7716,6,d4448,26.716589
q7716,7,d2555,26.494169
q7716,8,d2840,26.289030
q7716,9,d4336,25.433514
q7716,10,d4897,25.165976
q7717,1,d7717,161.347488
q7717,2,d4405,78.923050
q7717,3,d4195,75.704796
q7717,4,d4852,74.570404
q7717,5,d1458,64.690376
q7717,6,d1070,62.910736
q7717,7,d827,38.726196
q7717,8,d2370,30.638496
q7717,9,d6615,30.529913
q7717,10,d5143,30.529913
q7718,1,d205,25.516182
q7718,2,d482,25.427023
q7718,3,d8765,25.152082
q7718,4,d379,24.709902
q7718,5,d125,24.676527
q7718,6,d7718,24.535683
q7718,7,d2416,24.126013
q7718,8,d2049,22.847031
q7718,9,d195,22.595190
q7718,10,d354,22.427853
q7719,1,d2365,14.971732
q7719,2,d217,14.680787
q7719,3,d1029,13.224785
q7719,4,d192,12.516811
q7719,5,d8414,12.501914
q7719,6,d1838,11.833015
q7719,7,d6917,11.647276
q7719,8,d1913,11.561663
q7719,9,d5473,11.514215
q7719,10,d1804,10.943808
q7720,1,d250,54.143452
q7720,2,d1646,51.071381
q7720,3,d4767,46.054237
q7720,4,d503,36.947830
q7720,5,d3514,36.422699
q7720,6,d8529,34.648689
q7720,7,d821,34.253563
q7720,8,d7271,34.182541
q7720,9,d8580,33.303623
q7720,10,d6383,33.095261
q7721,1,d408,10.237197
q7721,2,d2691,9.295012
q7721,3,d4097,8.671932
q7721,4,d7471,8.381130
q7721,5,d7469,8.265022
q7721,6,d4386,7.990225
q7721,7,d3327,7.535399
q7721,8,d1029,7.446710
q7721,9,d505,7.265280
q7721,10,d6316,6.873418
q7722,1,d7722,26.951111
q7722,2,d1261,22.324827
q7722,3,d1882,22.147610
q7722,4,d1809,21.724127
q7722,5,d1610,21.581661
q7722,6,d7724,21.044138
q7722,7,d1998,21.017267
q7722,8,d7610,18.675484
q7722,9,d7273,18.307508
q7722,10,d1939,17.521227
q7723,1,d7723,50.980686
q7723,2,d339,37.756603
q7723,3,d4823,35.573551
q7723,4,d1877,32.121666
q7723,5,d1651,31.338825
q7723,6,d1971,31.257290
q7723,7,d187,31.085783
q7723,8,d7736,30.997429
q7723,9,d2514,28.932961
q7723,10,d274,28.666082
q7724,1,d7724,77.671745
q7724,2,d7722,67.832886
q7724,3,d1809,51.071186
q7724,4,d7273,41.947849
q7724,5,d1882,28.831150
q7724,6,d1610,28.478226
q7724,7,d1261,27.682987
q7724,8,d1998,26.271584
q7724,9,d7610,25.176939
q7724,10,d4986,23.549335
q7725,1,d4839,34.916359
q7725,2,d367,29.138836
q7725,3,d2488,25.919233
q7725,4,d3492,25.681557
q7725,5,d4036,24.995697
q7725,6,d1639,24.150715
q7725,7,d328,21.622066
q7725,8,d8724,18.322428
q7725,9,d4403,18.322428
q7725,10,d712,18.231453
q7726,1,d4661,109.419701
q7726,2,d3378,103.668564
q7726,3,d3815,98.916199
q7726,4,d332,97.853050
q7726,5,d3889,96.049126
q7726,6,d4786,94.621895
q7726,7,d3500,94.175171
q7726,8,d1980,87.387230
q7726,9,d220,79.588303
q7726,10,d308,75.088593
q7727,1,d4665,85.647575
q7727,2,d1101,78.183403
q7727,3,d8318,72.057808
q7727,4,d3598,65.703163
q7727,5,d1925,63.836323
q7727,6,d3211,63.703537
q7727,7,d7391,61.782082
q7727,8,d4327,60.896767
q7727,9,d8559,56.367722
q7727,10,d1711,53.044125
q7728,1,d7209,53.406845
q7728,2,d1101,44.498585
q7728,3,d6128,37.368118
q7728,4,d192,34.650246
q7728,5,d2786,32.131535
q7728,6,d4010,32.066898
q7728,7,d311,31.706158
q7728,8,d8574,31.064583
q7728,9,d135,30.963413
q7728,10,d4393,30.686792
q7729,1,d3889,107.224236
q7729,2,d3378,92.054985
q7729,3,d3815,73.865318
q7729,4,d5606,66.181953
q7729,5,d7051,60.270325
q7729,6,d2838,55.901627
q7729,7,d477,55.591011
q7729,8,d4639,55.367527
q7729,9,d1980,49.520435
q7729,10,d21,48.548500
q7730,1,d1077,80.167191
q7730,2,d5909,76.487648
q7730,3,d1101,73.071709
q7730,4,d8379,68.411461
q7730,5,d7030,66.949890
q7730,6,d6747,66.535805
q7730,7,d769,65.923851
q7730,8,d7829,65.522865
q7730,9,d4672,63.110691
q7730,10,d4973,62.229515
q7731,1,d1101,46.401421
q7731,2,d4855,28.233231
q7731,3,d550,23.983242
q7731,4,d3207,22.276257
q7731,5,d5965,21.802513
q7731,6,d5870,19.927443
q7731,7,d1929,19.579733
q7731,8,d2939,19.002880
q7731,9,d4469,18.844490
q7731,10,d5373,18.794701
q7732,1,d1646,72.913422
q7732,2,d4767,61.551071
q7732,3,d250,59.775097
q7732,4,d1101,40.424362
q7732,5,d2727,39.745346
q7732,6,d3377,37.589840
q7732,7,d4989,37.339886
q7732,8,d4858,36.572701
q7732,9,d3973,36.324291
q7732,10,d4691,36.258148
q7733,1,d257,130.688797
q7733,2,d4563,99.162827
q7733,3,d161,88.846535
q7733,4,d2051,85.800652
q7733,5,d2469,79.612732
q7733,6,d2453,76.409554
q7733,7,d457,75.838112
q7733,8,d496,75.216469
q7733,9,d1789,72.720047
q7733,10,d1101,69.526840
q7734,1,d3332,120.978348
q7734,2,d4958,119.424767
q7734,3,d8522,116.545502
q7734,4,d3543,113.473709
q7734,5,d2997,106.615944
q7734,6,d4438,94.718033
q7734,7,d4709,92.131493
q7734,8,d2923,84.781097
q7734,9,d7734,77.794029
q7734,10,d3517,69.300308
q7735,1,d2994,53.385788
q7735,2,d1101,46.469566
q7735,3,d4331,46.350304
q7735,4,d7211,41.380630
q7735,5,d6971,41.165581
q7735,6,d8060,39.630493
q7735,7,d3316,39.458679
q7735,8,d7132,39.394485
q7735,9,d8612,39.363819
q7735,10,d1709,38.821575
q7736,1,d7736,297.564850
q7736,2,d388,114.814697
q7736,3,d4823,110.898209
q7736,4,d4022,92.841049
q7736,5,d330,77.632439
q7736,6,d3434,77.344109
q7736,7,d4884,74.969894
q7736,8,d3711,72.006989
q7736,9,d5488,69.006248
q7736,10,d7531,68.904823
q7737,1,d1101,52.559597
q7737,2,d1929,40.764809
q7737,3,d2937,37.801140
q7737,4,d3745,36.467224
q7737,5,d1551,35.701420
q7737,6,d4952,35.459805
q7737,7,d4230,33.880424
q7737,8,d2489,33.801598
q7737,9,d3316,33.668514
q7737,10,d4025,32.830227
q7738,1,d4486,99.847824
q7738,2,d1101,44.575294
q7738,3,d7738,35.700260
q7738,4,d740,35.530792
q7738,5,d189,34.943760
q7738,6,d153,34.099724
q7738,7,d1676,32.942345
q7738,8,d5332,31.693369
q7738,9,d7155,31.243101
q7738,10,d8187,31.142895
q7739,1,d2818,53.502731
q7739,2,d7969,51.824814
q7739,3,d4346,42.197659
q7739,4,d1640,40.229015
q7739,5,d6971,38.594444
q7739,6,d7994,37.691994
q7739,7,d5832,35.533115
q7739,8,d5386,32.461388
q7739,9,d316,32.401886
q7739,10,d5391,32.325985
q7740,1,d4839,77.438988
q7740,2,d4036,68.725784
q7740,3,d4566,63.992504
q7740,4,d1101,60.218777
q7740,5,d2410,56.011517
q7740,6,d6929,55.554329
q7740,7,d712,51.300915
q7740,8,d4165,48.106049
q7740,9,d5965,47.993874
q7740,10,d1832,47.685097
q7741,1,d1101,72.953064
q7741,2,d6128,43.166794
q7741,3,d3734,37.982841
q7741,4,d4331,37.521400
q7741,5,d3316,35.123631
q7741,6,d2705,32.020901
q7741,7,d2067,31.867563
q7741,8,d1537,31.649689
q7741,9,d3982,30.843775
q7741,10,d1630,29.414194
q7742,1,d1101,45.000492
q7742,2,d1929,35.934540
q7742,3,d1432,32.934364
q7742,4,d306,30.801216
q7742,5,d3890,28.224510
q7742,6,d4148,27.245768
q7742,7,d713,26.572433
q7742,8,d8089,25.834572
q7742,9,d469,25.565628
q7742,10,d4683,24.985928
q7743,1,d4952,334.647308
q7743,2,d3865,256.365631
q7743,3,d4660,230.187805
q7743,4,d381,181.292908
q7743,5,d4875,162.751694
q7743,6,d1966,136.397247
q7743,7,d6687,108.540054
q7743,8,d4209,106.878860
q7743,9,d1101,93.647964
q7743,10,d3129,87.638329
q7744,1,d4131,83.300140
q7744,2,d4651,82.264282
q7744,3,d4565,70.302216
q7744,4,d4564,70.165459
q7744,5,d8549,50.235603
q7744,6,d1794,49.547813
q7744,7,d1640,47.351501
q7744,8,d1101,45.303631
q7744,9,d2489,44.363083
q7744,10,d8527,43.631447
q7745,1,d3744,105.631844
q7745,2,d4174,87.273895
q7745,3,d7983,86.598175
q7745,4,d2545,85.779770
q7745,5,d1101,84.117752
q7745,6,d137,83.796669
q7745,7,d1615,83.741486
q7745,8,d4981,82.015724
q7745,9,d4932,81.568291
q7745,10,d1835,77.020546
q7746,1,d4135,86.330940
q7746,2,d3378,73.228455
q7746,3,d3270,68.719795
q7746,4,d3889,67.505447
q7746,5,d5870,62.277431
q7746,6,d2642,61.089306
q7746,7,d6631,60.006092
q7746,8,d5965,59.129261
q7746,9,d3896,58.879005
q7746,10,d4036,58.597771
q7747,1,d1881,71.512756
q7747,2,d1559,62.336926
q7747,3,d8352,61.395866
q7747,4,d1799,61.377209
q7747,5,d1392,60.227173
q7747,6,d4983,56.056889
q7747,7,d4039,49.809933
q7747,8,d4593,46.181236
q7747,9,d4868,45.740273
q7747,10,d463,42.997688
q7748,1,d1101,37.333084
q7748,2,d4579,34.936619
q7748,3,d6944,34.866135
q7748,4,d703,31.075520
q7748,5,d1737,27.979403
q7748,6,d6342,27.165077
q7748,7,d5965,25.361994
q7748,8,d5543,25.015654
q7748,9,d481,24.871868
q7748,10,d5870,24.105282
q7749,1,d1101,37.590805
q7749,2,d4637,36.365910
q7749,3,d4171,30.748299
q7749,4,d4331,28.155809
q7749,5,d3472,26.728596
q7749,6,d1296,25.566351
q7749,7,d1929,25.463137
q7749,8,d1716,23.885944
q7749,9,d5394,23.885635
q7749,10,d1107,23.345112
q7750,1,d155,73.925377
q7750,2,d7053,54.933670
q7750,3,d466,53.036541
q7750,4,d7822,49.106030
q7750,5,d6371,48.370529
q7750,6,d7277,45.111603
q7750,7,d7809,42.215599
q7750,8,d4484,41.856243
q7750,9,d2325,41.059029
q7750,10,d668,40.467678
q7751,1,d1888,81.359459
q7751,2,d4779,78.982239
q7751,3,d5648,68.228180
q7751,4,d4027,62.551922
q7751,5,d7875,54.339890
q7751,6,d2937,51.971035
q7751,7,d4942,50.119873
q7751,8,d1101,41.832916
q7751,9,d3121,36.799694
q7751,10,d3285,36.762299
q7752,1,d2594,59.780891
q7752,2,d2799,56.099995
q7752,3,d618,52.580776
q7752,4,d7932,46.757702
q7752,5,d4839,44.733570
q7752,6,d4508,44.170265
q7752,7,d1639,44.067307
q7752,8,d2410,42.379284
q7752,9,d6929,41.313129
q7752,10,d6606,37.788452
q7753,1,d3487,113.648506
q7753,2,d4615,109.382095
q7753,3,d1955,105.290062
q7753,4,d4409,100.048210
q7753,5,d7287,99.891747
q7753,6,d445,92.306625
q7753,7,d6316,91.869301
q7753,8,d3616,88.235443
q7753,9,d5965,58.069527
q7753,10,d7119,53.894405
q7754,1,d4963,140.042953
q7754,2,d3473,134.345276
q7754,3,d314,126.929375
q7754,4,d133,126.346115
q7754,5,d5597,124.465240
q7754,6,d1219,85.110756
q7754,7,d5865,83.866043
q7754,8,d6006,81.309959
q7754,9,d1831,80.915413
q7754,10,d3115,79.308929
q7755,1,d1101,54.430771
q7755,2,d4331,38.254963
q7755,3,d1929,35.999222
q7755,4,d135,26.867571
q7755,5,d447,26.666576
q7755,6,d436,23.545679
q7755,7,d4171,23.364605
q7755,8,d3316,22.766851
q7755,9,d4712,22.541910
q7755,10,d7133,22.136757
q7756,1,d4345,39.930519
q7756,2,d7756,39.655033
q7756,3,d1848,38.366211
q7756,4,d1101,37.845776
q7756,5,d6540,37.162849
q7756,6,d5236,37.046753
q7756,7,d6235,35.331348
q7756,8,d5053,34.961613
q7756,9,d7325,34.813026
q7756,10,d1939,34.011696
q7757,1,d3898,116.618935
q7757,2,d287,101.037605
q7757,3,d4226,80.747330
q7757,4,d600,61.559940
q7757,5,d3490,61.372456
q7757,6,d4650,60.959904
q7757,7,d1047,53.919003
q7757,8,d2099,53.764660
q7757,9,d1959,51.933857
q7757,10,d5912,45.369320
q7758,1,d1101,75.324516
q7758,2,d6793,60.689903
q7758,3,d8021,55.662952
q7758,4,d3896,53.647118
q7758,5,d5965,52.814426
q7758,6,d5870,52.681488
q7758,7,d4036,52.200081
q7758,8,d5660,52.143379
q7758,9,d6631,48.981743
q7758,10,d6555,47.895485
q7759,1,d5611,82.204437
q7759,2,d7759,54.374409
q7759,3,d5606,52.942917
q7759,4,d1789,41.521870
q7759,5,d7352,37.647007
q7759,6,d1101,35.474457
q7759,7,d2099,31.025520
q7759,8,d3580,27.139959
q7759,9,d5870,26.522497
q7759,10,d1929,26.464140
q7760,1,d1859,85.388664
q7760,2,d4659,72.938828
q7760,3,d1630,72.182419
q7760,4,d2949,71.402145
q7760,5,d1537,69.080215
q7760,6,d6025,64.067757
q7760,7,d3520,63.633667
q7760,8,d5954,63.540497
q7760,9,d6384,63.523983
q7760,10,d2072,62.352661
q7761,1,d2128,61.932186
q7761,2,d2242,46.405743
q7761,3,d8083,46.233917
q7761,4,d703,40.696918
q7761,5,d3297,40.277126
q7761,6,d8494,39.138741
q7761,7,d7209,38.521160
q7761,8,d67,36.606224
q7761,9,d2972,36.356728
q7761,10,d2993,36.052372
q7762,1,d1101,60.574364
q7762,2,d1929,34.968327
q7762,3,d4331,34.914291
q7762,4,d4925,34.341187
q7762,5,d846,32.375004
q7762,6,d3316,31.509586
q7762,7,d2937,29.184933
q7762,8,d7964,27.644014
q7762,9,d5564,26.461239
q7762,10,d3593,25.738651
q7763,1,d7209,27.289164
q7763,2,d189,23.017097
q7763,3,d447,21.782724
q7763,4,d2413,21.198690
q7763,5,d6465,20.673113
q7763,6,d2410,19.630325
q7763,7,d4788,19.402601
q7763,8,d243,18.614775
q7763,9,d1640,17.834049
q7763,10,d3053,17.659048
q7764,1,d1101,60.153584
q7764,2,d8529,57.747818
q7764,3,d183,47.861713
q7764,4,d1786,46.850956
q7764,5,d879,46.421886
q7764,6,d649,46.117519
q7764,7,d5995,45.617443
q7764,8,d1967,45.393364
q7764,9,d7628,45.112904
q7764,10,d484,44.676666
q7765,1,d6862,33.947361
q7765,2,d1794,33.686501
q7765,3,d8549,33.360886
q7765,4,d8527,33.245693
q7765,5,d5471,33.139091
q7765,6,d2500,31.334175
q7765,7,d804,29.814846
q7765,8,d4960,29.068819
q7765,9,d6960,27.548237
q7765,10,d3963,25.436312
q7766,1,d2937,71.310593
q7766,2,d135,62.977169
q7766,3,d4861,61.422318
q7766,4,d2965,55.173286
q7766,5,d2104,54.830997
q7766,6,d4331,53.714455
q7766,7,d1984,50.176155
q7766,8,d2950,49.568844
q7766,9,d4706,47.485523
q7766,10,d3917,47.298618
q7767,1,d3744,51.795551
q7767,2,d1101,46.984924
q7767,3,d7983,43.872162
q7767,4,d4981,43.227219
q7767,5,d3459,41.866119
q7767,6,d1615,41.564602
q7767,7,d1357,40.674107
q7767,8,d4861,34.442310
q7767,9,d1774,33.083229
q7767,10,d3316,32.939457
q7768,1,d1101,47.310631
q7768,2,d7078,45.078964
q7768,3,d6619,43.398296
q7768,4,d2737,41.421009
q7768,5,d288,41.212833
q7768,6,d1859,39.533779
q7768,7,d1922,38.950569
q7768,8,d4853,36.314735
q7768,9,d1967,34.786850
q7768,10,d1732,34.785851
q7769,1,d1101,42.443882
q7769,2,d4331,31.007465
q7769,3,d3350,24.253908
q7769,4,d2058,23.697521
q7769,5,d1627,23.353085
q7769,6,d7024,22.983322
q7769,7,d152,20.963276
q7769,8,d47,20.780424
q7769,9,d7410,20.613544
q7769,10,d2705,20.495979
q7770,1,d4403,72.305321
q7770,2,d8724,72.305321
q7770,3,d217,71.150436
q7770,4,d91,62.081413
q7770,5,d3844,55.269897
q7770,6,d4309,54.634342
q7770,7,d4543,53.850182
q7770,8,d66,53.387363
q7770,9,d1948,51.571022
q7770,10,d1913,51.223042
q7771,1,d1101,45.436794
q7771,2,d4331,38.033283
q7771,3,d2818,29.509890
q7771,4,d3316,28.318262
q7771,5,d138,27.669544
q7771,6,d2404,27.457560
q7771,7,d6971,27.214815
q7771,8,d2832,27.089521
q7771,9,d316,27.002823
q7771,10,d152,25.333141
q7772,1,d1101,63.002342
q7772,2,d5053,46.615482
q7772,3,d7325,46.417366
q7772,4,d5236,45.193508
q7772,5,d6103,44.775414
q7772,6,d6960,43.828415
q7772,7,d2061,41.755383
q7772,8,d7743,40.970005
q7772,9,d1748,40.717148
q7772,10,d3316,40.380516
q7773,1,d2497,154.152344
q7773,2,d7773,107.163834
q7773,3,d4496,99.236710
q7773,4,d4461,99.161499
q7773,5,d798,95.400612
q7773,6,d5597,78.965942
q7773,7,d3473,72.081902
q7773,8,d4963,70.944000
q7773,9,d4888,59.218334
q7773,10,d5295,58.372055
q7774,1,d7209,36.377651
q7774,2,d3781,30.791222
q7774,3,d1101,27.961117
q7774,4,d4546,25.378971
q7774,5,d1239,22.226072
q7774,6,d5460,21.688797
q7774,7,d5473,19.501789
q7774,8,d1640,19.477179
q7774,9,d5819,19.253811
q7774,10,d1804,18.987564
q7775,1,d441,48.818340
q7775,2,d6631,44.624569
q7775,3,d7125,43.887108
q7775,4,d4856,42.739243
q7775,5,d175,42.712711
q7775,6,d3598,39.921738
q7775,7,d8711,39.514389
q7775,8,d1925,38.817844
q7775,9,d5421,38.282429
q7775,10,d2690,38.141823
q7776,1,d1101,41.386230
q7776,2,d8526,28.795586
q7776,3,d3453,28.638100
q7776,4,d3179,25.132336
q7776,5,d5602,24.627775
q7776,6,d5870,23.590965
q7776,7,d776,23.256674
q7776,8,d7473,21.576338
q7776,9,d1929,21.144419
q7776,10,d6726,20.538900
q7777,1,d1101,40.768429
q7777,2,d3034,39.454414
q7777,3,d3615,39.324936
q7777,4,d4853,37.518394
q7777,5,d5782,36.682362
q7777,6,d2406,36.042042
q7777,7,d2739,35.351532
q7777,8,d5464,32.732246
q7777,9,d7654,31.042126
q7777,10,d5218,30.592766
q7778,1,d7209,20.890219
q7778,2,d1929,19.689270
q7778,3,d1029,19.277737
q7778,4,d4331,17.149654
q7778,5,d7133,15.746712
q7778,6,d5435,15.653510
q7778,7,d189,14.522325
q7778,8,d2489,14.160713
q7778,9,d1101,13.687151
q7778,10,d3316,12.971468
q7779,1,d1101,36.919907
q7779,2,d6972,35.212086
q7779,3,d2154,34.961563
q7779,4,d7505,31.852013
q7779,5,d1801,31.786070
q7779,6,d1997,28.432310
q7779,7,d5870,28.425396
q7779,8,d1225,27.006294
q7779,9,d47,26.155264
q7779,10,d5965,26.087271
q7780,1,d1101,54.245003
q7780,2,d3316,34.138100
q7780,3,d1929,28.141050
q7780,4,d1836,27.485596
q7780,5,d2489,26.450764
q7780,6,d4171,25.722878
q7780,7,d5053,25.134357
q7780,8,d1737,24.803736
q7780,9,d278,24.715961
q7780,10,d7743,24.704657
q7781,1,d503,44.384445
q7781,2,d1101,44.350365
q7781,3,d8064,42.959694
q7781,4,d821,40.151546
q7781,5,d7114,38.657608
q7781,6,d6293,36.501328
q7781,7,d3155,34.715107
q7781,8,d2937,33.991074
q7781,9,d1768,33.745667
q7781,10,d4493,32.747749
q7782,1,d6255,93.626114
q7782,2,d1955,89.345139
q7782,3,d4579,78.475525
q7782,4,d3007,72.867767
q7782,5,d4395,71.608986
q7782,6,d5257,69.343452
q7782,7,d388,66.253288
q7782,8,d5833,63.624256
q7782,9,d6944,63.099773
q7782,10,d4219,59.867115
q7783,1,d2154,88.443054
q7783,2,d7534,66.841942
q7783,3,d7134,63.085815
q7783,4,d1791,62.073586
q7783,5,d5611,60.774223
q7783,6,d258,54.003082
q7783,7,d1317,52.919952
q7783,8,d7521,52.548615
q7783,9,d7233,51.455387
q7783,10,d2215,47.978428
q7784,1,d1942,77.969620
q7784,2,d1101,60.152248
q7784,3,d1713,58.208698
q7784,4,d4666,54.768032
q7784,5,d6612,47.529224
q7784,6,d2746,43.735748
q7784,7,d1776,43.408707
q7784,8,d2067,43.097813
q7784,9,d1929,42.350620
q7784,10,d1626,37.169830
q7785,1,d7785,49.683952
q7785,2,d1101,49.385250
q7785,3,d4115,34.570042
q7785,4,d4148,32.883621
q7785,5,d6847,30.455238
q7785,6,d3242,29.810371
q7785,7,d8606,29.289051
q7785,8,d2799,29.278599
q7785,9,d6281,28.873917
q7785,10,d3754,28.813055
q7786,1,d7209,47.472752
q7786,2,d250,47.015045
q7786,3,d4174,45.757919
q7786,4,d703,39.900627
q7786,5,d443,35.160217
q7786,6,d6690,33.400955
q7786,7,d3297,33.001640
q7786,8,d2545,31.811596
q7786,9,d7983,31.344217
q7786,10,d137,31.084076
q7787,1,d4331,59.730095
q7787,2,d6634,53.010727
q7787,3,d6486,51.648842
q7787,4,d7209,49.401062
q7787,5,d7557,45.420376
q7787,6,d1101,45.074814
q7787,7,d6004,39.562233
q7787,8,d6354,39.562233
q7787,9,d3104,39.126457
q7787,10,d6015,38.722439
q7788,1,d6490,46.526264
q7788,2,d1101,36.825886
q7788,3,d4954,32.614834
q7788,4,d6163,32.188286
q7788,5,d7051,30.368835
q7788,6,d6343,29.380358
q7788,7,d1748,29.216320
q7788,8,d5613,27.791540
q7788,9,d8196,27.397699
q7788,10,d3316,25.487717
q7789,1,d2937,38.438389
q7789,2,d4690,37.408306
q7789,3,d2572,35.955074
q7789,4,d4918,33.992352
q7789,5,d2501,32.601776
q7789,6,d1101,31.936935
q7789,7,d2484,31.661091
q7789,8,d4627,30.797081
q7789,9,d7721,30.467154
q7789,10,d2410,30.382195
q7790,1,d3378,71.489609
q7790,2,d4610,60.711750
q7790,3,d3889,59.599571
q7790,4,d3270,59.304852
q7790,5,d4135,57.019447
q7790,6,d3080,52.170086
q7790,7,d5382,48.749947
q7790,8,d332,44.173134
q7790,9,d1624,40.720821
q7790,10,d2732,40.389893
q7791,1,d1799,133.061279
q7791,2,d1559,124.428658
q7791,3,d1881,111.991379
q7791,4,d463,76.776031
q7791,5,d8352,76.570770
q7791,6,d1392,72.947067
q7791,7,d7217,71.028473
q7791,8,d5606,70.643005
q7791,9,d5635,67.131454
q7791,10,d5263,64.831573
q7792,1,d381,64.974342
q7792,2,d3296,62.238834
q7792,3,d4236,47.470142
q7792,4,d8379,43.702457
q7792,5,d1614,40.338703
q7792,6,d4895,39.821594
q7792,7,d3884,38.319973
q7792,8,d2154,37.069832
q7792,9,d1746,36.526543
q7792,10,d4689,35.846851
q7793,1,d2641,60.336750
q7793,2,d7682,60.246429
q7793,3,d1859,55.217827
q7793,4,d1537,53.547283
q7793,5,d3350,53.170570
q7793,6,d3258,51.888706
q7793,7,d2705,50.262329
q7793,8,d4331,49.521202
q7793,9,d6025,49.164856
q7793,10,d1374,48.389446
q7794,1,d192,63.376762
q7794,2,d4789,63.259064
q7794,3,d1101,60.078468
q7794,4,d3458,58.967766
q7794,5,d135,55.882633
q7794,6,d1836,55.882072
q7794,7,d555,55.015358
q7794,8,d2784,52.510551
q7794,9,d469,48.905434
q7794,10,d4237,47.729641
q7795,1,d2334,43.364407
q7795,2,d5394,29.391832
q7795,3,d5531,29.308205
q7795,4,d7814,28.486361
q7795,5,d1478,26.324013
q7795,6,d1671,25.935984
q7795,7,d6465,25.882858
q7795,8,d47,25.728462
q7795,9,d1101,25.605455
q7795,10,d2763,25.574183
q7796,1,d477,89.745155
q7796,2,d1392,78.992706
q7796,3,d1047,78.778473
q7796,4,d3370,76.184807
q7796,5,d2251,73.948212
q7796,6,d2481,71.016731
q7796,7,d1843,65.606377
q7796,8,d1729,65.163231
q7796,9,d1626,59.923744
q7796,10,d1725,58.584061
q7797,1,d8196,41.938042
q7797,2,d8727,40.723240
q7797,3,d4842,38.732113
q7797,4,d1949,38.398251
q7797,5,d7202,36.633514
q7797,6,d3522,36.395329
q7797,7,d4874,36.101429
q7797,8,d1724,35.397488
q7797,9,d7258,35.353394
q7797,10,d3612,35.088520
q7798,1,d249,35.482254
q7798,2,d4770,35.105011
q7798,3,d1707,35.105011
q7798,4,d543,33.991611
q7798,5,d1101,30.926643
q7798,6,d1848,29.627245
q7798,7,d1978,27.431112
q7798,8,d1728,26.255161
q7798,9,d4930,25.957701
q7798,10,d1857,24.762327
q7799,1,d242,33.462910
q7799,2,d4262,21.318548
q7799,3,d3234,19.673603
q7799,4,d7209,17.802284
q7799,5,d4331,15.387867
q7799,6,d1729,14.956129
q7799,7,d6847,13.810634
q7799,8,d3378,13.268120
q7799,9,d3599,13.200840
q7799,10,d1885,12.446416
q7800,1,d1101,38.184795
q7800,2,d3316,25.377333
q7800,3,d6490,25.105093
q7800,4,d2404,24.766848
q7800,5,d1239,23.279301
q7800,6,d4331,23.103329
q7800,7,d1929,22.991114
q7800,8,d2939,22.541698
q7800,9,d4469,22.356392
q7800,10,d5613,22.233232
q7801,1,d6362,61.557148
q7801,2,d1101,60.093304
q7801,3,d618,45.352543
q7801,4,d201,44.425678
q7801,5,d7989,43.777481
q7801,6,d3109,43.594517
q7801,7,d405,40.589462
q7801,8,d6717,40.481510
q7801,9,d3203,39.151768
q7801,10,d1864,38.934223
q7802,1,d7802,81.021889
q7802,2,d1101,46.102390
q7802,3,d6518,45.705399
q7802,4,d4268,45.444241
q7802,5,d5531,40.216732
q7802,6,d5460,40.102886
q7802,7,d288,38.949238
q7802,8,d4546,37.874088
q7802,9,d4824,37.444157
q7802,10,d4694,36.580048
q7803,1,d5949,57.454449
q7803,2,d6293,55.751099
q7803,3,d1747,53.494007
q7803,4,d6538,51.480022
q7803,5,d4838,50.059551
q7803,6,d1101,45.005367
q7803,7,d7136,41.436996
q7803,8,d4171,29.285503
q7803,9,d5870,26.008181
q7803,10,d1848,25.825308
q7804,1,d8527,107.823944
q7804,2,d4395,107.063431
q7804,3,d2500,105.470177
q7804,4,d1782,89.481613
q7804,5,d6960,87.173584
q7804,6,d8549,80.998779
q7804,7,d6862,79.210503
q7804,8,d3963,77.558487
q7804,9,d5471,77.324539
q7804,10,d1794,77.040031
q7805,1,d4486,128.619263
q7805,2,d7738,59.255627
q7805,3,d1101,58.626709
q7805,4,d5965,50.062027
q7805,5,d4331,39.179531
q7805,6,d3285,38.336514
q7805,7,d5870,37.879066
q7805,8,d5660,36.814785
q7805,9,d2642,35.688862
q7805,10,d1653,35.583172
q7806,1,d561,93.387253
q7806,2,d4378,88.727509
q7806,3,d8637,84.811760
q7806,4,d7246,84.735985
q7806,5,d1527,78.361130
q7806,6,d8390,77.105057
q7806,7,d5229,75.583397
q7806,8,d4914,74.985870
q7806,9,d8527,73.396446
q7806,10,d7192,69.802048
q7807,1,d1101,38.085896
q7807,2,d2679,30.557352
q7807,3,d4331,29.535107
q7807,4,d3316,27.433340
q7807,5,d1929,26.781788
q7807,6,d3705,25.871580
q7807,7,d447,22.503635
q7807,8,d1945,22.400360
q7807,9,d8713,22.372154
q7807,10,d6112,21.830370
q7808,1,d7209,84.236954
q7808,2,d7233,81.258957
q7808,3,d2154,69.555817
q7808,4,d8379,51.865993
q7808,5,d2215,47.886665
q7808,6,d1435,46.514359
q7808,7,d6133,45.888115
q7808,8,d930,45.757969
q7808,9,d7134,38.787075
q7808,10,d7534,38.204781
q7809,1,d7118,53.796589
q7809,2,d1090,51.273651
q7809,3,d2210,50.992508
q7809,4,d250,49.597267
q7809,5,d2268,42.550053
q7809,6,d4691,41.678703
q7809,7,d6915,37.780457
q7809,8,d7042,34.644489
q7809,9,d4767,34.558914
q7809,10,d1646,33.323147
q7810,1,d3080,59.255009
q7810,2,d7682,55.511200
q7810,3,d1624,54.410267
q7810,4,d1859,51.463867
q7810,5,d2641,50.110798
q7810,6,d4949,49.739941
q7810,7,d6025,44.780285
q7810,8,d7550,44.640869
q7810,9,d1374,40.187763
q7810,10,d2148,39.894470
q7811,1,d4563,134.578125
q7811,2,d257,114.903847
q7811,3,d496,102.079491
q7811,4,d2453,101.513039
q7811,5,d457,100.882019
q7811,6,d7811,95.082863
q7811,7,d3415,66.173927
q7811,8,d3320,63.266594
q7811,9,d2038,63.083618
q7811,10,d4036,62.446289
q7812,1,d1101,36.541264
q7812,2,d3285,34.190807
q7812,3,d3316,27.476730
q7812,4,d4712,25.993011
q7812,5,d1799,25.821079
q7812,6,d1559,25.764750
q7812,7,d2845,25.474625
q7812,8,d4331,24.857981
q7812,9,d1392,24.166862
q7812,10,d8612,21.869276
q7813,1,d6971,131.118454
q7813,2,d1101,123.733971
q7813,3,d6555,104.564270
q7813,4,d4036,103.711952
q7813,5,d5870,102.579788
q7813,6,d3896,102.205688
q7813,7,d6631,102.104523
q7813,8,d5965,99.428902
q7813,9,d3757,93.935234
q7813,10,d3316,93.850113
q7814,1,d3378,135.669998
q7814,2,d3889,110.756882
q7814,3,d3983,84.291878
q7814,4,d3270,70.737404
q7814,5,d2884,70.170441
q7814,6,d4127,68.830017
q7814,7,d2838,68.535240
q7814,8,d47,63.006725
q7814,9,d3815,62.091145
q7814,10,d7410,61.694836
q7815,1,d7209,96.105148
q7815,2,d6133,38.782394
q7815,3,d8289,35.031197
q7815,4,d258,33.023952
q7815,5,d7264,31.704449
q7815,6,d6274,31.255716
q7815,7,d7482,30.867044
q7815,8,d1920,30.765898
q7815,9,d7827,30.676210
q7815,10,d2154,30.508831
q7816,1,d4222,80.399544
q7816,2,d359,79.505424
q7816,3,d1101,73.835732
q7816,4,d4174,71.572456
q7816,5,d1615,69.944214
q7816,6,d7983,56.311119
q7816,7,d7209,53.793388
q7816,8,d7126,52.223469
q7816,9,d1121,51.801762
q7816,10,d3486,44.832077
q7817,1,d1101,65.123566
q7817,2,d4357,58.157658
q7817,3,d3285,52.633682
q7817,4,d1722,50.477737
q7817,5,d201,49.771049
q7817,6,d3658,48.601547
q7817,7,d7743,48.413826
q7817,8,d2559,47.472775
q7817,9,d2823,46.998814
q7817,10,d135,46.302406
q7818,1,d1101,45.482662
q7818,2,d6642,40.074902
q7818,3,d4444,40.021614
q7818,4,d6593,39.648090
q7818,5,d189,35.726269
q7818,6,d5829,35.629898
q7818,7,d1292,35.607418
q7818,8,d1691,35.479351
q7818,9,d8060,35.152473
q7818,10,d477,34.658073
q7819,1,d1101,91.715317
q7819,2,d1747,78.175903
q7819,3,d2469,77.234695
q7819,4,d2051,72.625938
q7819,5,d4036,69.466164
q7819,6,d458,66.212860
q7819,7,d1789,63.160912
q7819,8,d5660,63.130787
q7819,9,d1771,61.157005
q7819,10,d543,60.572147
q7820,1,d7209,50.717308
q7820,2,d618,42.338825
q7820,3,d243,38.541782
q7820,4,d3711,37.785320
q7820,5,d2641,28.333126
q7820,6,d1828,26.878981
q7820,7,d4171,26.731483
q7820,8,d1101,26.385151
q7820,9,d4227,24.809076
q7820,10,d4576,24.798084
q7821,1,d5391,53.109726
q7821,2,d7906,47.989334
q7821,3,d6065,45.119904
q7821,4,d7969,44.026665
q7821,5,d5054,43.864807
q7821,6,d5956,43.657417
q7821,7,d59,42.819408
q7821,8,d6429,42.805954
q7821,9,d2655,42.680645
q7821,10,d8185,42.098953
q7822,1,d7233,47.300259
q7822,2,d2154,44.318806
q7822,3,d1101,40.323044
q7822,4,d1435,39.446945
q7822,5,d7809,39.287964
q7822,6,d3316,37.807655
q7822,7,d6133,37.287556
q7822,8,d930,35.680054
q7822,9,d6188,35.583378
q7822,10,d152,34.453655
q7823,1,d1799,65.891357
q7823,2,d1559,60.395420
q7823,3,d1881,57.235706
q7823,4,d7823,53.028595
q7823,5,d463,49.421165
q7823,6,d5541,48.931393
q7823,7,d1719,47.056644
q7823,8,d1626,46.500813
q7823,9,d4593,43.754112
q7823,10,d5635,42.720016
q7824,1,d7702,103.778015
q7824,2,d2676,78.220169
q7824,3,d1101,73.834343
q7824,4,d3861,72.081001
q7824,5,d3297,68.680634
q7824,6,d5870,64.110970
q7824,7,d4036,59.489700
q7824,8,d5965,58.537971
q7824,9,d3896,58.484169
q7824,10,d6971,57.584850
q7825,1,d618,65.808182
q7825,2,d2705,59.822746
q7825,3,d1537,52.224701
q7825,4,d4331,50.916134
q7825,5,d1627,50.109554
q7825,6,d4479,48.411869
q7825,7,d4419,48.376194
q7825,8,d3350,47.416470
q7825,9,d3711,46.382248
q7825,10,d3848,46.317406
q7826,1,d7702,47.008522
q7826,2,d1899,38.709682
q7826,3,d2154,37.612423
q7826,4,d2215,36.862667
q7826,5,d1627,36.176872
q7826,6,d4679,33.434013
q7826,7,d7743,32.957294
q7826,8,d1821,32.768486
q7826,9,d1908,32.055080
q7826,10,d2944,31.080490
q7827,1,d7209,18.188826
q7827,2,d1287,17.037895
q7827,3,d7492,16.729473
q7827,4,d5124,16.364113
q7827,5,d189,14.380411
q7827,6,d4485,14.048363
q7827,7,d1101,13.225704
q7827,8,d6167,12.619581
q7827,9,d1855,12.237043
q7827,10,d6304,12.117100
q7828,1,d1101,44.321815
q7828,2,d4331,29.435936
q7828,3,d8529,23.099125
q7828,4,d3316,22.842474
q7828,5,d2762,20.647339
q7828,6,d4896,18.617943
q7828,7,d5906,18.319033
q7828,8,d1627,17.989338
q7828,9,d618,17.309593
q7828,10,d1716,16.505234
q7829,1,d5584,77.130127
q7829,2,d6996,76.249855
q7829,3,d4148,72.023689
q7829,4,d4979,70.151070
q7829,5,d6187,68.850494
q7829,6,d2392,68.280617
q7829,7,d3746,67.889618
q7829,8,d3445,65.028427
q7829,9,d4912,64.989792
q7829,10,d3726,63.138309
q7830,1,d6465,71.409866
q7830,2,d5675,70.669800
q7830,3,d6314,56.122002
q7830,4,d5543,55.582867
q7830,5,d6368,53.230778
q7830,6,d8652,52.670288
q7830,7,d6244,51.832310
q7830,8,d2086,51.301590
q7830,9,d6003,50.632301
q7830,10,d5716,49.770256
q7831,1,d1101,79.123070
q7831,2,d4861,63.855858
q7831,3,d4824,47.538742
q7831,4,d3357,45.990067
q7831,5,d7900,45.953064
q7831,6,d4730,45.859032
q7831,7,d4993,44.365135
q7831,8,d7989,43.277084
q7831,9,d4718,42.277039
q7831,10,d1984,39.895958
q7832,1,d1101,77.993919
q7832,2,d4331,46.043530
q7832,3,d5543,42.632660
q7832,4,d2104,39.622364
q7832,5,d3104,39.126457
q7832,6,d3316,38.235363
q7832,7,d2706,36.853794
q7832,8,d2051,36.544815
q7832,9,d6314,34.306557
q7832,10,d5870,33.849548
q7833,1,d3892,60.144741
q7833,2,d1311,59.716522
q7833,3,d3639,58.457760
q7833,4,d2551,56.476860
q7833,5,d3931,54.079052
q7833,6,d1101,50.221764
q7833,7,d3494,37.956299
q7833,8,d7209,37.150734
q7833,9,d3144,35.826756
q7833,10,d3943,35.807190
q7834,1,d1101,46.218777
q7834,2,d5236,39.068264
q7834,3,d4770,35.105011
q7834,4,d1707,35.105011
q7834,5,d5053,34.961613
q7834,6,d7325,34.813026
q7834,7,d1848,34.559322
q7834,8,d6103,33.581558
q7834,9,d7628,33.015179
q7834,10,d2061,31.316538
q7835,1,d1646,34.409805
q7835,2,d3514,31.219456
q7835,3,d250,31.084240
q7835,4,d846,31.028372
q7835,5,d4767,30.544712
q7835,6,d7271,29.299320
q7835,7,d4862,27.932762
q7835,8,d4157,27.706718
q7835,9,d4696,27.067150
q7835,10,d4200,26.953808
q7836,1,d4294,29.940203
q7836,2,d3492,26.901598
q7836,3,d7209,25.282543
q7836,4,d4331,23.102142
q7836,5,d1203,22.476870
q7836,6,d1101,20.192183
q7836,7,d135,19.708797
q7836,8,d1929,19.644337
q7836,9,d4576,18.926189
q7836,10,d189,18.351145
q7837,1,d7811,33.558659
q7837,2,d2469,32.618519
q7837,3,d8612,31.679077
q7837,4,d2051,30.080965
q7837,5,d152,29.091606
q7837,6,d4954,26.399103
q7837,7,d4712,26.366421
q7837,8,d7682,24.476431
q7837,9,d2972,24.237818
q7837,10,d6825,23.255619
q7838,1,d1101,36.815601
q7838,2,d7217,26.175713
q7838,3,d5543,23.488386
q7838,4,d6368,22.645931
q7838,5,d6003,21.841528
q7838,6,d6314,21.701078
q7838,7,d6244,21.531982
q7838,8,d7628,20.982149
q7838,9,d4331,20.824986
q7838,10,d1848,20.596828
q7839,1,d2844,58.105652
q7839,2,d1101,55.017380
q7839,3,d3080,53.054256
q7839,4,d7550,49.806404
q7839,5,d5053,42.712177
q7839,6,d1624,42.444942
q7839,7,d7325,40.615196
q7839,8,d6103,39.178486
q7839,9,d2776,38.996571
q7839,10,d3212,38.267128
q7840,1,d163,40.248970
q7840,2,d1082,36.876789
q7840,3,d618,32.901901
q7840,4,d1145,31.041481
q7840,5,d4839,30.503555
q7840,6,d164,30.355112
q7840,7,d545,27.126640
q7840,8,d1671,26.694519
q7840,9,d424,26.193607
q7840,10,d367,25.577780
q7841,1,d1101,88.418571
q7841,2,d1854,84.120827
q7841,3,d4458,80.682137
q7841,4,d13,78.284348
q7841,5,d3856,57.237785
q7841,6,d7908,56.966850
q7841,7,d1747,54.714569
q7841,8,d3864,54.058952
q7841,9,d2848,51.419098
q7841,10,d1267,45.903271
q7842,1,d1101,32.988323
q7842,2,d47,25.792576
q7842,3,d7410,24.951912
q7842,4,d4074,23.856274
q7842,5,d1239,23.168797
q7842,6,d3984,20.341307
q7842,7,d961,19.991865
q7842,8,d4339,19.709661
q7842,9,d1936,19.704983
q7842,10,d2939,19.309963
q7843,1,d2817,69.027054
q7843,2,d4613,57.841824
q7843,3,d4331,57.723747
q7843,4,d2270,57.598198
q7843,5,d6797,54.864758
q7843,6,d1678,49.954708
q7843,7,d507,47.487419
q7843,8,d3103,40.679482
q7843,9,d2343,37.937504
q7843,10,d2120,37.010193
q7844,1,d3999,46.481415
q7844,2,d6876,42.764771
q7844,3,d1101,38.588486
q7844,4,d1739,34.390755
q7844,5,d6808,32.741875
q7844,6,d8537,31.252218
q7844,7,d4331,28.632879
q7844,8,d2154,28.135658
q7844,9,d5648,28.063402
q7844,10,d3487,28.020473
q7845,1,d1677,79.619400
q7845,2,d3830,79.131638
q7845,3,d2341,71.223579
q7845,4,d2733,71.012291
q7845,5,d1047,67.398750
q7845,6,d1227,61.918182
q7845,7,d5061,59.246498
q7845,8,d4235,59.215336
q7845,9,d3602,57.787987
q7845,10,d5912,56.711651
q7846,1,d6991,75.424164
q7846,2,d2705,68.204437
q7846,3,d1537,63.963177
q7846,4,d3350,63.690468
q7846,5,d4479,62.935429
q7846,6,d4419,62.889053
q7846,7,d3848,60.212627
q7846,8,d4222,59.260445
q7846,9,d3956,57.495697
q7846,10,d4202,56.412411
q7847,1,d2731,89.429031
q7847,2,d7287,76.571205
q7847,3,d6316,72.339195
q7847,4,d1955,71.704643
q7847,5,d5139,69.498711
q7847,6,d8614,66.883049
q7847,7,d5461,66.820030
q7847,8,d7847,65.860161
q7847,9,d1594,64.101440
q7847,10,d2841,63.969635
q7848,1,d257,73.514053
q7848,2,d4314,68.870567
q7848,3,d273,63.750454
q7848,4,d6619,63.543678
q7848,5,d2838,58.963909
q7848,6,d1287,58.387535
q7848,7,d3815,53.998817
q7848,8,d1101,52.196529
q7848,9,d5201,51.530396
q7848,10,d4611,50.980053
q7849,1,d1101,56.318401
q7849,2,d5460,46.720459
q7849,3,d4824,39.147522
q7849,4,d5184,39.067131
q7849,5,d4546,37.168720
q7849,6,d953,36.742634
q7849,7,d7536,34.974018
q7849,8,d2104,34.504116
q7849,9,d2818,32.846409
q7849,10,d3316,32.711430
q7850,1,d1101,71.652809
q7850,2,d6465,55.159206
q7850,3,d5543,51.339188
q7850,4,d5675,49.600094
q7850,5,d2410,48.481693
q7850,6,d6314,45.922115
q7850,7,d3969,44.613411
q7850,8,d2051,44.335716
q7850,9,d2964,43.678509
q7850,10,d6654,42.527885
q7851,1,d930,53.435303
q7851,2,d2172,50.380653
q7851,3,d7209,47.472752
q7851,4,d6188,45.677097
q7851,5,d7233,44.529140
q7851,6,d4493,42.524319
q7851,7,d7743,42.474480
q7851,8,d2215,41.729088
q7851,9,d1435,41.176685
q7851,10,d5529,40.946217
q7852,1,d1029,34.384449
q7852,2,d189,31.697983
q7852,3,d3316,31.405972
q7852,4,d3285,29.240738
q7852,5,d2700,29.204931
q7852,6,d3588,28.046320
q7852,7,d3378,26.831736
q7852,8,d3345,25.369944
q7852,9,d7209,24.509462
q7852,10,d1737,23.961649
q7853,1,d7209,50.506516
q7853,2,d4331,43.984314
q7853,3,d1101,39.347412
q7853,4,d1627,27.896156
q7853,5,d2705,27.834694
q7853,6,d5870,26.888494
q7853,7,d5543,25.938545
q7853,8,d3316,25.214804
q7853,9,d2939,23.850479
q7853,10,d4469,23.641373
q7854,1,d1101,49.016479
q7854,2,d4331,44.033619
q7854,3,d1929,36.982376
q7854,4,d7639,32.854343
q7854,5,d1117,32.442631
q7854,6,d400,28.090767
q7854,7,d6705,26.651627
q7854,8,d5435,26.087690
q7854,9,d152,25.559044
q7854,10,d3316,25.233343
q7855,1,d4331,50.537106
q7855,2,d1101,42.583042
q7855,3,d2074,33.848747
q7855,4,d236,33.515465
q7855,5,d3350,29.855419
q7855,6,d1627,29.362507
q7855,7,d2937,28.900566
q7855,8,d3316,28.798241
q7855,9,d1537,28.058693
q7855,10,d4419,27.312571
q7856,1,d7233,38.469009
q7856,2,d6133,35.543751
q7856,3,d2154,34.707481
q7856,4,d7134,32.961407
q7856,5,d1686,32.044750
q7856,6,d2215,31.180426
q7856,7,d7534,30.910513
q7856,8,d7943,29.063894
q7856,9,d7114,28.516428
q7856,10,d5726,28.321211
q7857,1,d8527,141.948090
q7857,2,d1782,137.017014
q7857,3,d2500,126.756424
q7857,4,d4395,116.700958
q7857,5,d6960,112.722198
q7857,6,d3799,112.456810
q7857,7,d1784,105.239639
q7857,8,d7969,104.431992
q7857,9,d1794,99.447136
q7857,10,d8549,97.499336
q7858,1,d6465,99.688194
q7858,2,d2572,99.539505
q7858,3,d4918,91.509628
q7858,4,d4627,85.922874
q7858,5,d8724,79.019875
q7858,6,d7067,78.436066
q7858,7,d152,74.478401
q7858,8,d4508,74.260231
q7858,9,d1478,73.803825
q7858,10,d2413,72.315674
q7859,1,d7162,50.578903
q7859,2,d8701,39.253033
q7859,3,d5134,37.206043
q7859,4,d2937,36.509354
q7859,5,d1101,35.015129
q7859,6,d7414,34.621880
q7859,7,d7077,34.050156
q7859,8,d4348,32.314396
q7859,9,d645,31.998585
q7859,10,d5543,30.870552
q7860,1,d3244,49.790398
q7860,2,d3158,44.056545
q7860,3,d2781,43.601379
q7860,4,d5752,41.672146
q7860,5,d6500,41.498692
q7860,6,d4341,37.920746
q7860,7,d477,37.499687
q7860,8,d4655,37.403927
q7860,9,d8419,36.875740
q7860,10,d3518,35.474667
q7861,1,d1101,74.853783
q7861,2,d4637,43.904907
q7861,3,d5394,40.120010
q7861,4,d2358,38.292030
q7861,5,d2937,37.862801
q7861,6,d3758,32.492249
q7861,7,d135,31.868999
q7861,8,d3736,30.731977
q7861,9,d7471,30.138481
q7861,10,d4861,29.728270
q7862,1,d7819,58.092384
q7862,2,d6091,55.550117
q7862,3,d6167,47.260838
q7862,4,d6248,45.187588
q7862,5,d6787,43.378399
q7862,6,d1185,42.289597
q7862,7,d6526,41.865929
q7862,8,d1671,41.326447
q7862,9,d2620,40.639149
q7862,10,d2650,39.741764
q7863,1,d135,67.363335
q7863,2,d2489,62.616543
q7863,3,d1721,50.335598
q7863,4,d8574,49.861450
q7863,5,d1654,49.844231
q7863,6,d2882,49.565575
q7863,7,d4149,49.317673
q7863,8,d4976,49.260418
q7863,9,d3099,48.766407
q7863,10,d1058,48.201424
q7864,1,d447,54.097569
q7864,2,d194,43.990234
q7864,3,d1101,42.877495
q7864,4,d6384,42.479710
q7864,5,d1630,37.267685
q7864,6,d962,33.050312
q7864,7,d6025,31.460402
q7864,8,d2949,31.238434
q7864,9,d2870,30.001659
q7864,10,d5954,29.648203
q7865,1,d217,78.342636
q7865,2,d4671,65.655655
q7865,3,d3772,64.565697
q7865,4,d8724,63.250633
q7865,5,d4403,56.544453
q7865,6,d1626,56.037109
q7865,7,d2410,54.784695
q7865,8,d2588,52.864544
q7865,9,d1392,51.219120
q7865,10,d3990,49.299473
q7866,1,d3918,44.223980
q7866,2,d4892,41.135708
q7866,3,d1101,39.357430
q7866,4,d8419,37.540936
q7866,5,d7727,37.508560
q7866,6,d1711,35.409210
q7866,7,d1788,31.260567
q7866,8,d3316,24.046434
q7866,9,d2937,23.470259
q7866,10,d8060,21.128843
q7867,1,d1101,65.250954
q7867,2,d5965,47.623531
q7867,3,d5870,46.891338
q7867,4,d4036,42.383324
q7867,5,d6971,39.507725
q7867,6,d3896,39.309875
q7867,7,d8060,39.119335
q7867,8,d3555,38.797729
q7867,9,d6631,37.597637
q7867,10,d8612,37.188957
q7868,1,d1101,115.134041
q7868,2,d1318,77.442551
q7868,3,d865,67.866714
q7868,4,d1337,63.399166
q7868,5,d2622,60.901772
q7868,6,d2666,58.248981
q7868,7,d491,56.132050
q7868,8,d8358,55.528282
q7868,9,d2893,54.248711
q7868,10,d1044,53.079460
q7869,1,d1716,65.757065
q7869,2,d4907,62.094460
q7869,3,d4574,59.295681
q7869,4,d3569,53.765335
q7869,5,d1101,53.700459
q7869,6,d4666,51.581501
q7869,7,d2598,51.091030
q7869,8,d2837,50.540203
q7869,9,d490,50.404335
q7869,10,d7226,50.110794
q7870,1,d1101,52.443825
q7870,2,d1967,45.301456
q7870,3,d2705,43.845142
q7870,4,d6619,39.476292
q7870,5,d4331,39.469688
q7870,6,d4574,39.238045
q7870,7,d2509,39.048019
q7870,8,d2937,38.386833
q7870,9,d3350,36.789570
q7870,10,d5870,33.849545
q7871,1,d2916,70.262131
q7871,2,d1101,65.660439
q7871,3,d6407,56.782761
q7871,4,d4526,54.105549
q7871,5,d513,53.922306
q7871,6,d3316,49.054813
q7871,7,d4712,46.281414
q7871,8,d3745,43.063801
q7871,9,d5435,40.416786
q7871,10,d3473,39.731445
q7872,1,d1799,78.883141
q7872,2,d1559,70.949753
q7872,3,d5635,61.028595
q7872,4,d7217,60.410221
q7872,5,d5263,58.937794
q7872,6,d7161,57.738602
q7872,7,d618,56.631996
q7872,8,d6717,55.662075
q7872,9,d201,54.610313
q7872,10,d6398,53.055878
q7873,1,d1101,41.817574
q7873,2,d7989,32.612785
q7873,3,d7209,26.726435
q7873,4,d1225,24.439392
q7873,5,d7720,24.309956
q7873,6,d3316,22.277649
q7873,7,d4331,22.123188
q7873,8,d1287,21.728310
q7873,9,d47,21.117514
q7873,10,d7410,20.913570
q7874,1,d2334,116.441299
q7874,2,d7814,79.884995
q7874,3,d561,76.907143
q7874,4,d1673,74.732864
q7874,5,d8637,71.991844
q7874,6,d4378,71.593201
q7874,7,d5531,70.226128
q7874,8,d1527,69.726768
q7874,9,d7246,69.611382
q7874,10,d2050,64.827232
q7875,1,d4779,148.842270
q7875,2,d7875,138.905792
q7875,3,d1888,125.175453
q7875,4,d5648,119.827881
q7875,5,d1101,110.074425
q7875,6,d2937,100.644325
q7875,7,d4027,67.362122
q7875,8,d4942,54.676224
q7875,9,d1836,53.574295
q7875,10,d7410,49.195026
q7876,1,d3842,101.793396
q7876,2,d1636,93.417786
q7876,3,d4525,85.170235
q7876,4,d1974,75.290131
q7876,5,d4073,75.290131
q7876,6,d1987,71.627632
q7876,7,d5611,71.120903
q7876,8,d722,70.920593
q7876,9,d387,66.255959
q7876,10,d280,63.779491
q7877,1,d1881,66.360832
q7877,2,d1799,63.094891
q7877,3,d1559,62.930923
q7877,4,d4039,56.099079
q7877,5,d463,44.954948
q7877,6,d8352,42.253174
q7877,7,d1392,42.137760
q7877,8,d4983,42.057159
q7877,9,d4593,38.221745
q7877,10,d7217,37.043877
q7878,1,d1101,73.895737
q7878,2,d1626,60.227833
q7878,3,d2469,57.103230
q7878,4,d1789,53.789001
q7878,5,d1929,42.910088
q7878,6,d4954,41.588444
q7878,7,d2261,41.398720
q7878,8,d2960,40.296268
q7878,9,d6108,39.913734
q7878,10,d3898,39.738655
q7879,1,d1101,62.948997
q7879,2,d4331,30.066021
q7879,3,d5870,26.008183
q7879,4,d1661,25.164032
q7879,5,d47,25.006538
q7879,6,d7410,24.432259
q7879,7,d3316,24.353483
q7879,8,d1929,23.036425
q7879,9,d5543,22.564365
q7879,10,d5965,21.741491
q7880,1,d3270,55.374855
q7880,2,d1711,49.586876
q7880,3,d1101,40.038841
q7880,4,d3378,35.545559
q7880,5,d3458,33.346062
q7880,6,d189,33.032131
q7880,7,d3297,31.573803
q7880,8,d4766,31.197430
q7880,9,d3494,30.415115
q7880,10,d3316,30.212351
q7881,1,d3378,84.278343
q7881,2,d1101,60.205311
q7881,3,d3285,56.705864
q7881,4,d3270,53.054512
q7881,5,d4171,46.988777
q7881,6,d3316,43.700783
q7881,7,d2489,41.467709
q7881,8,d2681,40.754841
q7881,9,d1720,40.185543
q7881,10,d1929,38.781563
q7882,1,d4395,94.295540
q7882,2,d8527,92.775688
q7882,3,d7882,83.896645
q7882,4,d2500,83.447678
q7882,5,d1782,80.442055
q7882,6,d3799,79.895378
q7882,7,d6960,73.097557
q7882,8,d1784,73.046898
q7882,9,d4318,70.878632
q7882,10,d7969,69.330070
q7883,1,d250,89.199249
q7883,2,d4174,78.203697
q7883,3,d1646,76.055374
q7883,4,d4767,64.538918
q7883,5,d7209,59.340939
q7883,6,d5656,55.451660
q7883,7,d7883,49.238823
q7883,8,d2701,46.955208
q7883,9,d2992,46.134964
q7883,10,d5726,46.134964
q7884,1,d1955,56.681175
q7884,2,d3121,55.162342
q7884,3,d4985,53.893841
q7884,4,d2666,52.303108
q7884,5,d7123,49.680393
q7884,6,d1101,45.791843
q7884,7,d4395,45.753860
q7884,8,d3136,45.540585
q7884,9,d3316,40.798306
q7884,10,d6316,39.870796
q7885,1,d7209,132.424225
q7885,2,d1101,66.370972
q7885,3,d4331,40.643494
q7885,4,d3316,39.794075
q7885,5,d4074,37.069546
q7885,6,d6384,36.352112
q7885,7,d5965,32.580818
q7885,8,d5543,30.757469
q7885,9,d3186,30.500706
q7885,10,d4339,30.458006
q7886,1,d4508,49.118084
q7886,2,d2410,48.344437
q7886,3,d6929,46.409344
q7886,4,d1671,43.748520
q7886,5,d6606,42.413807
q7886,6,d4406,42.224113
q7886,7,d2572,39.100449
q7886,8,d4165,38.734295
q7886,9,d6465,38.469082
q7886,10,d4403,37.830452
q7887,1,d4395,78.374481
q7887,2,d8527,69.247772
q7887,3,d1794,65.542122
q7887,4,d7887,62.987022
q7887,5,d2500,61.544514
q7887,6,d2469,58.696983
q7887,7,d7969,56.102303
q7887,8,d6960,55.598801
q7887,9,d8549,55.474869
q7887,10,d3799,51.752186
q7888,1,d6316,70.813065
q7888,2,d6159,60.350128
q7888,3,d4976,56.342335
q7888,4,d7287,54.534336
q7888,5,d1955,52.594982
q7888,6,d4615,50.342438
q7888,7,d3231,50.029713
q7888,8,d1101,48.169838
q7888,9,d1907,47.836845
q7888,10,d3639,46.459419
q7889,1,d4665,107.134476
q7889,2,d8318,88.306023
q7889,3,d1101,74.956985
q7889,4,d7056,67.719719
q7889,5,d5870,63.893288
q7889,6,d4036,61.069851
q7889,7,d6631,59.317707
q7889,8,d3896,59.050621
q7889,9,d5965,58.678036
q7889,10,d6971,58.455524
q7890,1,d7209,43.026249
q7890,2,d3916,36.062492
q7890,3,d1101,33.749878
q7890,4,d4485,30.287489
q7890,5,d4331,30.077665
q7890,6,d3489,28.925343
q7890,7,d2937,27.142572
q7890,8,d2491,26.891766
q7890,9,d4265,26.847052
q7890,10,d1029,26.751055
q7891,1,d273,140.392609
q7891,2,d6619,116.511162
q7891,3,d4462,88.894791
q7891,4,d4475,83.031563
q7891,5,d1774,67.154495
q7891,6,d4314,66.614082
q7891,7,d4232,59.729084
q7891,8,d4574,58.832676
q7891,9,d8227,56.048706
q7891,10,d4540,51.783600
q7892,1,d6192,71.891533
q7892,2,d2960,67.504784
q7892,3,d458,67.176598
q7892,4,d1622,65.155487
q7892,5,d193,62.497612
q7892,6,d3613,54.490540
q7892,7,d840,45.623043
q7892,8,d2534,45.163349
q7892,9,d1747,40.664360
q7892,10,d4681,40.585457
q7893,1,d2960,67.529465
q7893,2,d458,62.443611
q7893,3,d3613,52.604980
q7893,4,d6192,49.019772
q7893,5,d7209,47.859295
q7893,6,d1622,47.385811
q7893,7,d193,45.452805
q7893,8,d3778,45.225655
q7893,9,d1101,39.351944
q7893,10,d1929,35.459011
q7894,1,d1101,33.540661
q7894,2,d7162,31.394043
q7894,3,d112,31.018690
q7894,4,d1939,29.206524
q7894,5,d4770,28.064957
q7894,6,d4348,26.928663
q7894,7,d645,26.665487
q7894,8,d5957,26.576862
q7894,9,d4163,24.810865
q7894,10,d401,24.374855
q7895,1,d6619,106.873489
q7895,2,d273,100.984825
q7895,3,d1101,66.250740
q7895,4,d3107,61.943668
q7895,5,d4462,59.889874
q7895,6,d4475,58.131844
q7895,7,d7636,54.480545
q7895,8,d5965,54.441975
q7895,9,d257,51.050709
q7895,10,d2676,50.789627
q7896,1,d6876,55.097679
q7896,2,d6490,43.651192
q7896,3,d1787,42.734066
q7896,4,d7880,33.659481
q7896,5,d1748,31.369781
q7896,6,d113,29.807600
q7896,7,d1949,29.464308
q7896,8,d7233,29.460226
q7896,9,d1862,28.679111
q7896,10,d3840,27.672779
q7897,1,d5656,90.477448
q7897,2,d3898,83.511208
q7897,3,d5726,79.140327
q7897,4,d2701,76.614258
q7897,5,d2992,75.275917
q7897,6,d7883,75.049141
q7897,7,d5369,73.819092
q7897,8,d4823,70.869736
q7897,9,d4174,70.239586
q7897,10,d4620,68.171852
q7898,1,d5012,121.438919
q7898,2,d7114,108.607323
q7898,3,d4329,108.094315
q7898,4,d5917,105.019783
q7898,5,d3653,102.571404
q7898,6,d8527,101.760345
q7898,7,d1989,93.007080
q7898,8,d4740,87.051300
q7898,9,d5277,82.949699
q7898,10,d4493,76.910072
q7899,1,d2727,54.344376
q7899,2,d3448,52.915642
q7899,3,d2417,46.492886
q7899,4,d1101,45.402023
q7899,5,d2404,42.164768
q7899,6,d3652,39.137257
q7899,7,d4281,34.902245
q7899,8,d7989,34.759521
q7899,9,d4659,33.051971
q7899,10,d2540,32.636810
q7900,1,d3080,93.707008
q7900,2,d2700,79.725090
q7900,3,d4499,77.299622
q7900,4,d5348,77.175789
q7900,5,d1624,75.140709
q7900,6,d6292,73.781067
q7900,7,d8218,72.696808
q7900,8,d7550,69.441360
q7900,9,d8281,68.796082
q7900,10,d829,68.714432
q7901,1,d4331,27.087694
q7901,2,d189,26.361998
q7901,3,d236,26.106989
q7901,4,d7811,22.372438
q7901,5,d1627,20.809315
q7901,6,d2705,20.051640
q7901,7,d1537,19.523838
q7901,8,d2937,18.507164
q7901,9,d3350,18.323063
q7901,10,d3316,17.640097
q7902,1,d250,103.737610
q7902,2,d1646,94.877251
q7902,3,d4767,88.579201
q7902,4,d3652,86.919144
q7902,5,d496,80.589073
q7902,6,d2453,80.410301
q7902,7,d457,79.894379
q7902,8,d2727,79.490700
q7902,9,d391,78.821587
q7902,10,d4989,74.679779
q7903,1,d1929,37.162327
q7903,2,d2489,29.957363
q7903,3,d1101,29.778534
q7903,4,d4331,27.749525
q7903,5,d135,25.682436
q7903,6,d4149,25.163673
q7903,7,d2882,24.517042
q7903,8,d311,23.385979
q7903,9,d1654,23.178226
q7903,10,d3099,22.251539
q7904,1,d3842,63.981972
q7904,2,d1636,63.917431
q7904,3,d4525,58.078896
q7904,4,d2478,54.940010
q7904,5,d4073,51.514301
q7904,6,d1974,51.514301
q7904,7,d7171,49.067738
q7904,8,d1987,49.008381
q7904,9,d722,48.524612
q7904,10,d1101,48.124096
q7905,1,d5529,72.714630
q7905,2,d1843,58.929440
q7905,3,d1891,55.560616
q7905,4,d2215,52.513950
q7905,5,d2172,50.202515
q7905,6,d6133,48.461220
q7905,7,d6188,44.993427
q7905,8,d7099,44.164711
q7905,9,d930,44.034935
q7905,10,d1850,43.927364
q7906,1,d4665,60.516373
q7906,2,d4963,60.146454
q7906,3,d133,59.925396
q7906,4,d3473,58.340515
q7906,5,d314,56.731430
q7906,6,d5597,52.246830
q7906,7,d8318,50.363617
q7906,8,d6757,44.072418
q7906,9,d5992,43.798851
q7906,10,d610,41.335709
q7907,1,d7756,31.886248
q7907,2,d1848,31.597754
q7907,3,d1101,31.258694
q7907,4,d1939,30.602667
q7907,5,d4770,28.064957
q7907,6,d5965,26.188890
q7907,7,d8060,25.464878
q7907,8,d5870,24.471281
q7907,9,d4345,22.817438
q7907,10,d5919,22.682856
q7908,1,d8527,157.846680
q7908,2,d4395,144.843124
q7908,3,d3799,142.726898
q7908,4,d2500,142.614807
q7908,5,d1784,131.105515
q7908,6,d4318,128.954605
q7908,7,d6960,122.895401
q7908,8,d7969,121.940826
q7908,9,d1782,112.973686
q7908,10,d3466,110.415054
q7909,1,d5563,87.325645
q7909,2,d3839,81.809067
q7909,3,d2922,80.334656
q7909,4,d3554,79.583786
q7909,5,d7736,74.641106
q7909,6,d795,74.564651
q7909,7,d2160,70.683624
q7909,8,d4823,70.422104
q7909,9,d1101,68.908096
q7909,10,d1711,68.577896
q7910,1,d6465,60.662666
q7910,2,d5675,56.240303
q7910,3,d3454,45.616917
q7910,4,d8612,44.393055
q7910,5,d5543,41.500751
q7910,6,d2128,40.788712
q7910,7,d152,40.487839
q7910,8,d1661,39.555710
q7910,9,d6314,39.086239
q7910,10,d2763,38.208366
q7911,1,d1636,39.333805
q7911,2,d3842,35.235474
q7911,3,d1974,31.701107
q7911,4,d4073,31.701107
q7911,5,d4525,31.169844
q7911,6,d1987,30.159008
q7911,7,d722,29.861301
q7911,8,d387,27.897245
q7911,9,d4004,26.181072
q7911,10,d280,25.593952
q7912,1,d1101,74.105843
q7912,2,d4718,67.241829
q7912,3,d4260,63.284367
q7912,4,d4059,63.064583
q7912,5,d1011,62.489407
q7912,6,d3120,62.219910
q7912,7,d2802,61.123302
q7912,8,d2939,59.097305
q7912,9,d4607,56.698612
q7912,10,d807,55.923309
q7913,1,d618,124.488014
q7913,2,d353,70.961823
q7913,3,d2705,68.817368
q7913,4,d163,66.437233
q7913,5,d4331,63.265362
q7913,6,d1627,60.152447
q7913,7,d2058,59.251549
q7913,8,d424,58.698601
q7913,9,d2543,53.151703
q7913,10,d3711,52.678154
q7914,1,d2154,59.627872
q7914,2,d7233,46.940609
q7914,3,d2818,45.417877
q7914,4,d2215,43.944901
q7914,5,d7534,40.015465
q7914,6,d2988,37.971386
q7914,7,d6356,37.350967
q7914,8,d7209,37.341805
q7914,9,d5581,36.799805
q7914,10,d7134,35.558079
q7915,1,d1101,40.817158
q7915,2,d2937,29.318560
q7915,3,d8701,28.059805
q7915,4,d1239,27.591366
q7915,5,d3297,23.246552
q7915,6,d4331,22.517485
q7915,7,d2939,22.234615
q7915,8,d4469,22.042412
q7915,9,d7425,21.778852
q7915,10,d243,21.374001
q7916,1,d7162,99.778732
q7916,2,d4348,86.171738
q7916,3,d645,85.329575
q7916,4,d4163,79.394768
q7916,5,d1098,76.845200
q7916,6,d5957,74.179001
q7916,7,d190,73.822594
q7916,8,d1806,70.782120
q7916,9,d1686,66.040733
q7916,10,d1101,58.131378
q7917,1,d1101,44.278004
q7917,2,d4322,40.876556
q7917,3,d1615,37.172264
q7917,4,d1118,34.825653
q7917,5,d4954,33.673244
q7917,6,d2104,33.563709
q7917,7,d2051,30.603764
q7917,8,d1748,30.299604
q7917,9,d5965,29.380150
q7917,10,d4914,28.981119
q7918,1,d1101,48.132500
q7918,2,d6384,44.599857
q7918,3,d2949,38.302082
q7918,4,d2072,37.297630
q7918,5,d1630,36.730492
q7918,6,d4480,35.485058
q7918,7,d7024,35.362511
q7918,8,d4698,34.414021
q7918,9,d4659,32.762009
q7918,10,d4055,32.242699
q7919,1,d2410,81.977112
q7919,2,d6465,75.383408
q7919,3,d4165,72.097267
q7919,4,d152,71.794754
q7919,5,d1101,71.314362
q7919,6,d2763,70.321877
q7919,7,d3916,68.020645
q7919,8,d4508,66.481033
q7919,9,d8612,66.048340
q7919,10,d4588,65.581116
q7920,1,d3739,68.250465
q7920,2,d7100,59.897465
q7920,3,d1101,44.566883
q7920,4,d4321,40.731457
q7920,5,d2937,37.546593
q7920,6,d1929,37.347740
q7920,7,d2406,35.594913
q7920,8,d5536,34.569443
q7920,9,d3783,32.835262
q7920,10,d804,32.533188
q7921,1,d7410,24.967108
q7921,2,d47,24.775522
q7921,3,d2939,24.464649
q7921,4,d4469,24.269337
q7921,5,d3984,22.939795
q7921,6,d1239,22.882673
q7921,7,d4896,22.603163
q7921,8,d3213,22.335823
q7921,9,d1704,22.239576
q7921,10,d1671,21.900562
q7922,1,d1992,206.195129
q7922,2,d2668,180.356201
q7922,3,d7922,148.497910
q7922,4,d4376,148.016006
q7922,5,d4349,138.303802
q7922,6,d181,132.761292
q7922,7,d4738,129.027039
q7922,8,d5382,103.666367
q7922,9,d6793,85.878258
q7922,10,d668,84.551971
q7923,1,d1101,26.533590
q7923,2,d5391,20.567545
q7923,3,d7841,20.076904
q7923,4,d7969,19.975496
q7923,5,d133,17.689148
q7923,6,d7906,17.144234
q7923,7,d6429,16.771406
q7923,8,d1929,16.770906
q7923,9,d6065,15.691405
q7923,10,d7808,14.937893
q7924,1,d7924,97.777458
q7924,2,d2456,39.529476
q7924,3,d1671,38.853695
q7924,4,d6763,36.084930
q7924,5,d1101,31.920387
q7924,6,d347,31.855492
q7924,7,d2705,30.271431
q7924,8,d47,30.173744
q7924,9,d7410,29.630911
q7924,10,d3146,28.924137
q7925,1,d1101,52.619846
q7925,2,d1487,29.450106
q7925,3,d4561,28.808510
q7925,4,d7410,27.639446
q7925,5,d47,27.605196
q7925,6,d1929,25.993067
q7925,7,d2579,24.847094
q7925,8,d3442,24.253298
q7925,9,d8703,24.231123
q7925,10,d1704,22.833845
q7926,1,d7209,23.736378
q7926,2,d3186,20.712719
q7926,3,d541,19.732277
q7926,4,d6331,18.091337
q7926,5,d593,17.988062
q7926,6,d1860,16.974617
q7926,7,d4932,16.888836
q7926,8,d1986,16.702810
q7926,9,d1936,16.680742
q7926,10,d1313,16.346083
q7927,1,d503,82.638382
q7927,2,d821,77.800446
q7927,3,d7114,77.077698
q7927,4,d6293,72.047523
q7927,5,d6383,71.068901
q7927,6,d7743,68.677139
q7927,7,d7109,67.833252
q7927,8,d2673,67.039055
q7927,9,d8580,66.607246
q7927,10,d2261,65.198921
q7928,1,d4574,150.866669
q7928,2,d5837,100.772507
q7928,3,d3963,83.851364
q7928,4,d4947,83.788177
q7928,5,d1101,70.287437
q7928,6,d4331,53.774036
q7928,7,d1929,51.327740
q7928,8,d804,50.786797
q7928,9,d3316,46.105553
q7928,10,d2489,45.371601
q7929,1,d5053,34.961613
q7929,2,d7325,34.813026
q7929,3,d6103,33.581558
q7929,4,d1101,32.233788
q7929,5,d2061,31.316538
q7929,6,d5236,31.316538
q7929,7,d1615,30.054993
q7929,8,d4174,28.981344
q7929,9,d250,28.888681
q7929,10,d1748,27.682858
q7930,1,d4892,107.867874
q7930,2,d3625,107.449982
q7930,3,d6460,99.353935
q7930,4,d7727,96.914787
q7930,5,d8419,96.533836
q7930,6,d1711,91.326218
q7930,7,d1101,82.925079
q7930,8,d1788,81.972855
q7930,9,d1287,79.029305
q7930,10,d181,78.860344
q7931,1,d1101,72.263908
q7931,2,d1227,38.382664
q7931,3,d4718,35.472809
q7931,4,d6676,35.244827
q7931,5,d6734,35.128185
q7931,6,d2733,33.815975
q7931,7,d3316,32.409969
q7931,8,d4574,31.020836
q7931,9,d6476,30.681686
q7931,10,d2631,30.008955
q7932,1,d7932,67.509155
q7932,2,d2594,62.370914
q7932,3,d1789,55.003845
q7932,4,d257,51.050705
q7932,5,d2469,48.069927
q7932,6,d4954,47.073799
q7932,7,d1101,47.067577
q7932,8,d161,41.750317
q7932,9,d4612,40.469048
q7932,10,d2932,39.363987
q7933,1,d1101,58.135414
q7933,2,d5332,31.598051
q7933,3,d6687,31.204231
q7933,4,d47,30.496441
q7933,5,d7410,30.471817
q7933,6,d5965,29.748169
q7933,7,d1704,27.693747
q7933,8,d7363,27.024639
q7933,9,d4331,26.114439
q7933,10,d5870,26.008183
q7934,1,d4786,41.319912
q7934,2,d7545,35.320892
q7934,3,d3597,30.587008
q7934,4,d2958,28.095919
q7934,5,d7483,23.457441
q7934,6,d6687,22.627439
q7934,7,d2818,21.915842
q7934,8,d2489,20.725798
q7934,9,d1101,20.363295
q7934,10,d1231,20.028263
q7935,1,d1101,71.474487
q7935,2,d1929,50.478035
q7935,3,d4331,46.886581
q7935,4,d3316,42.549614
q7935,5,d3104,34.731129
q7935,6,d5435,33.902332
q7935,7,d4659,30.677532
q7935,8,d6687,30.340410
q7935,9,d3394,28.932957
q7935,10,d7743,27.907772
q7936,1,d1902,127.048874
q7936,2,d472,103.180931
q7936,3,d1101,71.539879
q7936,4,d234,70.030899
q7936,5,d1978,60.570309
q7936,6,d2104,52.243511
q7936,7,d2677,40.685978
q7936,8,d5965,37.988571
q7936,9,d1626,31.006460
q7936,10,d5870,30.186022
q7937,1,d6593,124.251251
q7937,2,d5819,80.034508
q7937,3,d1101,79.259689
q7937,4,d4527,74.037315
q7937,5,d5965,68.493591
q7937,6,d294,65.226425
q7937,7,d5660,64.553207
q7937,8,d6687,64.269539
q7937,9,d8731,63.395145
q7937,10,d5531,62.086670
q7938,1,d3316,34.301701
q7938,2,d1101,32.502209
q7938,3,d4331,31.947195
q7938,4,d1941,28.934912
q7938,5,d2000,27.138882
q7938,6,d3285,26.575518
q7938,7,d7557,26.541784
q7938,8,d4972,26.521864
q7938,9,d1995,25.951115
q7938,10,d1551,25.737314
q7939,1,d1101,49.898411
q7939,2,d7989,35.359219
q7939,3,d6384,30.218758
q7939,4,d135,27.959896
q7939,5,d3316,26.358727
q7939,6,d4285,23.080406
q7939,7,d4659,22.560009
q7939,8,d4861,22.541925
q7939,9,d572,21.833740
q7939,10,d2104,21.798512
q7940,1,d4537,69.947784
q7940,2,d3559,68.668777
q7940,3,d4897,64.578629
q7940,4,d7940,59.916115
q7940,5,d353,59.896763
q7940,6,d3438,58.096268
q7940,7,d4240,58.028065
q7940,8,d4979,57.299965
q7940,9,d4309,54.240982
q7940,10,d1885,53.841106
q7941,1,d1881,86.434845
q7941,2,d1799,85.784126
q7941,3,d1559,79.373444
q7941,4,d4907,74.571320
q7941,5,d1392,63.126495
q7941,6,d8352,58.098114
q7941,7,d4983,56.056889
q7941,8,d7736,54.803345
q7941,9,d463,54.733715
q7941,10,d4039,49.809933
q7942,1,d2705,65.152481
q7942,2,d1627,63.215305
q7942,3,d3350,58.305294
q7942,4,d2937,57.485722
q7942,5,d4331,57.034847
q7942,6,d4419,54.949589
q7942,7,d1537,54.296772
q7942,8,d4479,53.253056
q7942,9,d3848,50.949146
q7942,10,d4222,50.143456
q7943,1,d4104,187.120346
q7943,2,d2211,176.606461
q7943,3,d2588,172.018829
q7943,4,d6889,170.693787
q7943,5,d1254,170.353912
q7943,6,d849,169.376785
q7943,7,d8750,168.209915
q7943,8,d7522,167.280075
q7943,9,d3635,166.530106
q7943,10,d4211,166.349014
q7944,1,d1392,40.660637
q7944,2,d3285,29.331333
q7944,3,d1881,26.735247
q7944,4,d4331,25.759125
q7944,5,d2992,25.302111
q7944,6,d8681,25.235897
q7944,7,d463,24.983698
q7944,8,d5142,24.194733
q7944,9,d1101,23.987444
q7944,10,d2700,23.710432
q7945,1,d1101,56.481300
q7945,2,d7989,55.172100
q7945,3,d4285,38.084808
q7945,4,d5906,37.870457
q7945,5,d3783,37.763489
q7945,6,d4702,36.329247
q7945,7,d2762,36.067425
q7945,8,d8486,35.984615
q7945,9,d8387,35.984615
q7945,10,d1869,35.950920
q7946,1,d4347,104.095505
q7946,2,d1794,65.932892
q7946,3,d3983,58.916668
q7946,4,d3457,51.786354
q7946,5,d4432,51.444138
q7946,6,d6965,49.122681
q7946,7,d6524,42.765297
q7946,8,d1671,41.962410
q7946,9,d4772,41.608971
q7946,10,d8024,39.875847
q7947,1,d1622,121.460388
q7947,2,d458,100.667168
q7947,3,d2960,91.366905
q7947,4,d3613,91.202911
q7947,5,d6192,89.376076
q7947,6,d193,79.542419
q7947,7,d1101,74.014038
q7947,8,d3442,61.861122
q7947,9,d8703,58.462273
q7947,10,d2534,57.480625
q7948,1,d5648,56.567448
q7948,2,d1101,42.239613
q7948,3,d7734,38.562447
q7948,4,d2660,37.612331
q7948,5,d4331,37.415661
q7948,6,d703,35.609802
q7948,7,d3297,34.282124
q7948,8,d2818,33.227806
q7948,9,d1991,29.362474
q7948,10,d3316,28.110382
q7949,1,d2715,64.512100
q7949,2,d7630,62.436028
q7949,3,d1848,53.452103
q7949,4,d1858,50.659504
q7949,5,d1778,47.849625
q7949,6,d1101,46.727180
q7949,7,d969,46.649235
q7949,8,d1120,45.599075
q7949,9,d1835,41.976639
q7949,10,d1776,41.179707
q7950,1,d1101,43.431053
q7950,2,d2410,32.484753
q7950,3,d152,32.201614
q7950,4,d6465,29.102852
q7950,5,d2413,27.901676
q7950,6,d1671,27.896120
q7950,7,d3768,27.456165
q7950,8,d2588,27.046814
q7950,9,d4508,26.711393
q7950,10,d1716,26.666946
q7951,1,d2755,139.564774
q7951,2,d8414,121.752342
q7951,3,d217,119.530724
q7951,4,d3954,116.791206
q7951,5,d3842,116.614235
q7951,6,d8707,108.747627
q7951,7,d1913,103.735199
q7951,8,d1948,97.938423
q7951,9,d8510,97.861984
q7951,10,d3301,96.645393
q7952,1,d2622,299.733765
q7952,2,d8145,237.450485
q7952,3,d4863,229.727539
q7952,4,d1318,222.365204
q7952,5,d2897,220.226822
q7952,6,d4779,158.653839
q7952,7,d1888,155.598114
q7952,8,d5648,132.781448
q7952,9,d4027,119.339340
q7952,10,d2937,112.739220
q7953,1,d1929,44.998074
q7953,2,d3745,36.875004
q7953,3,d5435,36.855179
q7953,4,d4331,34.082691
q7953,5,d3080,33.341522
q7953,6,d3316,33.059952
q7953,7,d7743,32.735226
q7953,8,d8713,32.616032
q7953,9,d4574,32.478973
q7953,10,d2489,30.981833
q7954,1,d1077,118.000839
q7954,2,d8379,109.187805
q7954,3,d7190,97.064621
q7954,4,d769,96.567459
q7954,5,d1855,93.303116
q7954,6,d1909,93.195366
q7954,7,d1933,93.038254
q7954,8,d7042,92.552338
q7954,9,d5909,92.315521
q7954,10,d6747,91.830414
q7955,1,d1101,35.549877
q7955,2,d1929,23.459969
q7955,3,d7410,21.670361
q7955,4,d47,21.535650
q7955,5,d8701,21.102167
q7955,6,d7077,20.989954
q7955,7,d969,20.724632
q7955,8,d1704,20.499567
q7955,9,d3984,20.192438
q7955,10,d2937,20.150454
q7956,1,d1101,108.967636
q7956,2,d4542,56.932285
q7956,3,d54,55.898323
q7956,4,d7471,49.324791
q7956,5,d4463,49.210602
q7956,6,d138,49.206032
q7956,7,d6561,47.575901
q7956,8,d3258,47.032021
q7956,9,d6025,45.515831
q7956,10,d5965,45.371082
q7957,1,d189,24.127363
q7957,2,d2972,18.178364
q7957,3,d3916,18.031246
q7957,4,d2006,17.810204
q7957,5,d1639,17.572468
q7957,6,d1101,17.293863
q7957,7,d4485,16.130266
q7957,8,d4268,15.314601
q7957,9,d1993,15.274638
q7957,10,d4896,14.789586
q7958,1,d1101,39.249542
q7958,2,d4420,36.661896
q7958,3,d1777,36.224331
q7958,4,d3152,35.206852
q7958,5,d993,34.669575
q7958,6,d4668,34.236298
q7958,7,d4890,32.489437
q7958,8,d4011,24.869936
q7958,9,d243,24.391830
q7958,10,d26,22.717941
q7959,1,d1101,60.977394
q7959,2,d4331,55.180386
q7959,3,d4896,53.034313
q7959,4,d5113,48.873981
q7959,5,d5609,47.784286
q7959,6,d2077,46.445576
q7959,7,d5933,46.335407
q7959,8,d5477,45.771626
q7959,9,d8307,43.453144
q7959,10,d6986,41.833187
q7960,1,d1101,166.643982
q7960,2,d1626,88.336647
q7960,3,d4593,84.581032
q7960,4,d7536,76.343712
q7960,5,d2104,68.418083
q7960,6,d4331,68.120186
q7960,7,d1537,66.745941
q7960,8,d2067,65.710030
q7960,9,d2705,64.640442
q7960,10,d2937,63.589573
q7961,1,d1101,33.579048
q7961,2,d4331,23.641460
q7961,3,d7410,19.708307
q7961,4,d1636,19.666904
q7961,5,d47,19.584835
q7961,6,d2939,19.309963
q7961,7,d4469,19.158474
q7961,8,d3984,19.116495
q7961,9,d5870,19.047131
q7961,10,d3213,18.613186
q7962,1,d3473,61.291019
q7962,2,d4963,59.307892
q7962,3,d5597,55.313206
q7962,4,d1101,53.992104
q7962,5,d1219,50.065151
q7962,6,d5865,49.332966
q7962,7,d133,49.313438
q7962,8,d314,48.982819
q7962,9,d1603,48.088020
q7962,10,d6006,47.829395
q7963,1,d1101,30.716827
q7963,2,d5656,30.159153
q7963,3,d6668,29.817678
q7963,4,d1627,28.265623
q7963,5,d2074,27.372097
q7963,6,d4331,27.096622
q7963,7,d4473,26.553955
q7963,8,d2701,25.538086
q7963,9,d2992,25.091970
q7963,10,d5726,25.091970
q7964,1,d1881,89.237823
q7964,2,d1799,83.966469
q7964,3,d1559,83.065102
q7964,4,d8352,74.398575
q7964,5,d1392,74.378815
q7964,6,d4983,73.820084
q7964,7,d4593,68.562973
q7964,8,d463,66.386627
q7964,9,d1626,61.632118
q7964,10,d1101,59.446678
q7965,1,d361,74.589882
q7965,2,d3172,74.483856
q7965,3,d2844,69.095428
q7965,4,d4558,61.522675
q7965,5,d1101,49.541401
q7965,6,d6922,44.788609
q7965,7,d8120,44.702438
q7965,8,d5153,42.990631
q7965,9,d1,39.744812
q7965,10,d930,34.831303
q7966,1,d1101,57.842888
q7966,2,d6465,50.853523
q7966,3,d2960,47.865768
q7966,4,d4839,47.139202
q7966,5,d6192,44.297131
q7966,6,d2572,42.739090
q7966,7,d1671,41.962414
q7966,8,d1622,41.462585
q7966,9,d458,40.987873
q7966,10,d6929,40.530033
q7967,1,d8527,36.698227
q7967,2,d2500,35.001595
q7967,3,d4395,30.407991
q7967,4,d3799,29.429035
q7967,5,d6960,29.072826
q7967,6,d1784,27.444744
q7967,7,d7969,27.058779
q7967,8,d1794,26.733288
q7967,9,d6949,25.918335
q7967,10,d8549,25.505140
q7968,1,d2322,54.571678
q7968,2,d6737,47.589005
q7968,3,d1101,47.291328
q7968,4,d2987,36.462265
q7968,5,d7225,34.809563
q7968,6,d7743,34.269806
q7968,7,d2426,33.744827
q7968,8,d1929,33.385624
q7968,9,d8089,31.853979
q7968,10,d1722,31.820669
q7969,1,d3158,112.018059
q7969,2,d7969,90.054413
q7969,3,d5087,79.972954
q7969,4,d5599,76.654724
q7969,5,d7133,68.446754
q7969,6,d1624,66.569931
q7969,7,d4327,61.903435
q7969,8,d5752,59.531635
q7969,9,d1101,59.292442
q7969,10,d7069,58.460312
q7970,1,d7743,40.842674
q7970,2,d1101,35.889782
q7970,3,d6252,35.411732
q7970,4,d8700,34.803490
q7970,5,d1853,32.114449
q7970,6,d8546,31.461098
q7970,7,d1985,31.283796
q7970,8,d1077,31.240383
q7970,9,d1870,30.764372
q7970,10,d1952,30.385395
q7971,1,d4784,117.952843
q7971,2,d3328,83.484375
q7971,3,d4963,78.277161
q7971,4,d3723,77.757706
q7971,5,d3473,76.726929
q7971,6,d3442,76.308929
q7971,7,d4244,74.913155
q7971,8,d5597,73.749664
q7971,9,d3273,73.567528
q7971,10,d4010,72.269386
q7972,1,d1006,54.837914
q7972,2,d8158,51.262104
q7972,3,d1101,47.380135
q7972,4,d4672,45.528549
q7972,5,d258,42.673981
q7972,6,d8713,39.032356
q7972,7,d1088,36.799255
q7972,8,d1452,36.009647
q7972,9,d7557,35.326962
q7972,10,d1843,34.224510
q7973,1,d1101,50.082043
q7973,2,d2154,43.251530
q7973,3,d7134,41.360790
q7973,4,d6133,39.710960
q7973,5,d1414,38.795448
q7973,6,d258,37.258556
q7973,7,d7534,36.595367
q7973,8,d2937,34.771259
q7973,9,d7521,34.242188
q7973,10,d1791,33.361671
q7974,1,d226,48.470207
q7974,2,d2471,42.107986
q7974,3,d1145,31.041481
q7974,4,d1082,30.463923
q7974,5,d545,27.126640
q7974,6,d4493,23.685118
q7974,7,d1626,22.461697
q7974,8,d3983,21.535458
q7974,9,d1646,21.223703
q7974,10,d4613,20.895454
q7975,1,d1101,47.845207
q7975,2,d7989,42.146046
q7975,3,d1537,41.617779
q7975,4,d5978,39.362576
q7975,5,d4331,37.041092
q7975,6,d2705,34.696220
q7975,7,d4479,33.888309
q7975,8,d4419,33.863335
q7975,9,d3734,33.770409
q7975,10,d4507,33.770409
q7976,1,d5236,63.290955
q7976,2,d5053,59.493809
q7976,3,d7325,58.021706
q7976,4,d6103,55.969269
q7976,5,d2061,52.194225
q7976,6,d6540,47.118038
q7976,7,d6935,45.698860
q7976,8,d1748,44.103695
q7976,9,d6397,43.624073
q7976,10,d893,43.415138
q7977,1,d1101,62.519035
q7977,2,d5551,42.132431
q7977,3,d8529,41.504211
q7977,4,d4331,41.441582
q7977,5,d5236,39.776569
q7977,6,d5053,38.614841
q7977,7,d1225,36.324741
q7977,8,d2084,35.860241
q7977,9,d7325,34.813026
q7977,10,d5965,33.642796
q7978,1,d541,62.325161
q7978,2,d548,55.488491
q7978,3,d962,55.463867
q7978,4,d1117,55.376747
q7978,5,d1101,54.374844
q7978,6,d6331,54.274010
q7978,7,d593,52.472839
q7978,8,d6384,52.420033
q7978,9,d436,40.706852
q7978,10,d4712,31.797276
q7979,1,d3592,67.617203
q7979,2,d1101,64.100349
q7979,3,d7979,61.996716
q7979,4,d2828,48.075203
q7979,5,d464,44.058773
q7979,6,d1453,43.680824
q7979,7,d4060,43.657013
q7979,8,d1318,42.585915
q7979,9,d420,42.524712
q7979,10,d4404,41.746883
q7980,1,d2972,66.654007
q7980,2,d3420,59.539448
q7980,3,d4139,47.075329
q7980,4,d4156,46.790791
q7980,5,d7270,43.914333
q7980,6,d2572,43.509949
q7980,7,d1639,42.789902
q7980,8,d1993,42.305805
q7980,9,d2508,41.817318
q7980,10,d4918,41.334534
q7981,1,d1794,87.302765
q7981,2,d2500,77.723152
q7981,3,d3799,77.669640
q7981,4,d1784,71.147362
q7981,5,d1101,63.129345
q7981,6,d1782,60.461613
q7981,7,d8527,59.558159
q7981,8,d8549,59.012108
q7981,9,d6862,50.921043
q7981,10,d5471,49.708637
q7982,1,d3799,145.074829
q7982,2,d1782,127.865562
q7982,3,d2500,124.920074
q7982,4,d4395,121.340775
q7982,5,d8527,109.754372
q7982,6,d4318,99.306740
q7982,7,d561,98.880623
q7982,8,d4378,93.841309
q7982,9,d1784,93.052933
q7982,10,d3466,90.932167
q7983,1,d1101,87.566910
q7983,2,d6971,85.979950
q7983,3,d5837,79.104416
q7983,4,d1967,78.755173
q7983,5,d6505,73.066261
q7983,6,d2509,71.272163
q7983,7,d6619,69.566704
q7983,8,d7294,66.518219
q7983,9,d4875,66.498558
q7983,10,d1988,65.957191
q7984,1,d2844,63.054054
q7984,2,d1101,55.017380
q7984,3,d3080,53.054256
q7984,4,d7550,51.094818
q7984,5,d1624,42.444942
q7984,6,d2776,38.996571
q7984,7,d3212,38.267128
q7984,8,d5965,37.763031
q7984,9,d3858,37.467194
q7984,10,d2237,36.636894
q7985,1,d1101,54.389824
q7985,2,d7989,46.768089
q7985,3,d1929,37.201557
q7985,4,d4463,35.068413
q7985,5,d7743,34.809258
q7985,6,d2540,31.231325
q7985,7,d3316,30.600651
q7985,8,d3584,29.869001
q7985,9,d243,28.275665
q7985,10,d4331,27.914345
q7986,1,d7233,55.454369
q7986,2,d6133,45.818264
q7986,3,d2805,45.094448
q7986,4,d2154,43.957054
q7986,5,d1748,42.968578
q7986,6,d6188,42.071850
q7986,7,d3712,41.494705
q7986,8,d1435,38.804047
q7986,9,d2215,38.222832
q7986,10,d6359,36.458469
q7987,1,d4174,114.412468
q7987,2,d5033,109.837852
q7987,3,d242,99.807083
q7987,4,d1101,99.097832
q7987,5,d1559,82.754845
q7987,6,d1799,81.183586
q7987,7,d3173,73.663361
q7987,8,d463,67.991043
q7987,9,d8352,67.321335
q7987,10,d1881,67.107407
q7988,1,d7642,79.455704
q7988,2,d555,62.749214
q7988,3,d5236,62.508602
q7988,4,d5053,61.942722
q7988,5,d7325,58.021706
q7988,6,d1435,57.164825
q7988,7,d6384,57.009972
q7988,8,d6103,55.969269
q7988,9,d1748,54.479908
q7988,10,d7989,53.656631
q7989,1,d7989,65.319443
q7989,2,d1101,51.752476
q7989,3,d1338,36.970200
q7989,4,d618,36.951366
q7989,5,d4331,36.893303
q7989,6,d2762,35.920753
q7989,7,d6384,35.737289
q7989,8,d1631,35.092010
q7989,9,d216,33.574139
q7989,10,d3593,32.250622
q7990,1,d6490,79.644394
q7990,2,d1862,72.890465
q7990,3,d1787,72.484413
q7990,4,d5058,64.592690
q7990,5,d8196,56.559380
q7990,6,d6876,55.235245
q7990,7,d3522,51.722546
q7990,8,d6206,49.815678
q7990,9,d7258,49.512074
q7990,10,d7202,47.572014
q7991,1,d1768,91.444397
q7991,2,d8064,88.540558
q7991,3,d1559,84.156296
q7991,4,d1799,83.636681
q7991,5,d298,71.836411
q7991,6,d1881,64.643524
q7991,7,d4174,63.916264
q7991,8,d463,61.957088
q7991,9,d8352,56.758045
q7991,10,d7017,54.412727
q7992,1,d1101,38.340488
q7992,2,d4861,22.031097
q7992,3,d47,21.791691
q7992,4,d7410,21.763203
q7992,5,d7209,20.567545
q7992,6,d3692,20.388191
q7992,7,d2939,18.695793
q7992,8,d1063,18.637466
q7992,9,d4469,18.530508
q7992,10,d8709,18.507864
q7993,1,d1101,51.944981
q7993,2,d3811,30.782894
q7993,3,d4171,28.767889
q7993,4,d4730,26.455254
q7993,5,d7471,25.244074
q7993,6,d3316,24.835022
q7993,7,d3107,24.275925
q7993,8,d5870,23.590965
q7993,9,d8529,23.099125
q7993,10,d8089,23.012173
q7994,1,d1777,37.904892
q7994,2,d7209,35.604565
q7994,3,d3555,33.072891
q7994,4,d2917,32.304684
q7994,5,d189,29.541977
q7994,6,d4144,29.010084
q7994,7,d4171,24.281036
q7994,8,d562,24.250113
q7994,9,d3735,23.070660
q7994,10,d4331,22.945446
q7995,1,d1101,70.183258
q7995,2,d6734,39.156944
q7995,3,d1337,37.787479
q7995,4,d2818,36.564323
q7995,5,d3316,35.312843
q7995,6,d6575,35.183685
q7995,7,d6743,32.639980
q7995,8,d2979,32.181915
q7995,9,d4171,31.724731
q7995,10,d4331,31.604610
q7996,1,d3473,70.225632
q7996,2,d4963,67.288834
q7996,3,d314,66.386009
q7996,4,d133,65.452278
q7996,5,d5622,60.731430
q7996,6,d5597,56.859764
q7996,7,d610,56.836594
q7996,8,d3115,56.559719
q7996,9,d1131,55.455833
q7996,10,d6757,54.380379
q7997,1,d1101,67.419518
q7997,2,d4925,65.248268
q7997,3,d4694,58.766853
q7997,4,d4291,52.782349
q7997,5,d1118,52.670341
q7997,6,d3005,51.984501
q7997,7,d4331,49.087139
q7997,8,d3316,48.660240
q7997,9,d1934,47.665600
q7997,10,d356,46.442303
q7998,1,d1101,47.248154
q7998,2,d1118,28.990999
q7998,3,d3009,28.321774
q7998,4,d54,28.178286
q7998,5,d469,27.582018
q7998,6,d4775,26.062674
q7998,7,d1477,25.900290
q7998,8,d969,24.335972
q7998,9,d1632,23.938377
q7998,10,d8089,23.450373
q7999,1,d2622,106.308197
q7999,2,d8145,67.843010
q7999,3,d1101,65.397240
q7999,4,d4863,63.893063
q7999,5,d7823,63.680470
q7999,6,d2897,62.921921
q7999,7,d5606,60.931194
q7999,8,d5611,57.756470
q7999,9,d1318,47.885406
q7999,10,d7352,42.352882
q8000,1,d3121,70.785782
q8000,2,d1101,44.494839
q8000,3,d3487,39.053585
q8000,4,d476,33.754375
q8000,5,d1813,31.720707
q8000,6,d7743,30.633444
q8000,7,d311,30.024134
q8000,8,d3207,29.861347
q8000,9,d315,29.774639
q8000,10,d1858,29.224945
q8001,1,d458,88.925003
q8001,2,d1101,75.439751
q8001,3,d2960,68.573326
q8001,4,d4857,63.295547
q8001,5,d400,62.207287
q8001,6,d3494,58.116253
q8001,7,d4291,56.179523
q8001,8,d6192,56.045113
q8001,9,d1118,54.110657
q8001,10,d2534,53.687008
q8002,1,d1101,64.797913
q8002,2,d6687,50.844482
q8002,3,d4718,45.525986
q8002,4,d6593,45.070427
q8002,5,d4046,42.863640
q8002,6,d6465,42.546398
q8002,7,d5819,42.021248
q8002,8,d6783,40.873299
q8002,9,d5564,39.855995
q8002,10,d4379,38.755310
q8003,1,d4796,86.065834
q8003,2,d1101,82.554260
q8003,3,d1716,78.471558
q8003,4,d4718,68.380768
q8003,5,d2989,61.043625
q8003,6,d4446,59.118576
q8003,7,d3844,57.301483
q8003,8,d3810,54.116516
q8003,9,d3470,52.804356
q8003,10,d1718,51.781261
q8004,1,d7713,82.391136
q8004,2,d1983,81.370453
q8004,3,d1107,78.999771
q8004,4,d7579,71.408745
q8004,5,d3381,71.365982
q8004,6,d1755,70.940674
q8004,7,d2563,70.389839
q8004,8,d2078,69.387253
q8004,9,d3989,68.906593
q8004,10,d6741,66.021240
q8005,1,d1101,46.335617
q8005,2,d6757,44.029934
q8005,3,d3510,38.460911
q8005,4,d3473,34.734428
q8005,5,d314,34.319248
q8005,6,d5995,33.447823
q8005,7,d3115,33.032795
q8005,8,d7053,32.960205
q8005,9,d668,32.374142
q8005,10,d466,31.821924
q8006,1,d1254,147.658096
q8006,2,d6316,123.825241
q8006,3,d7287,120.942589
q8006,4,d1955,112.158165
q8006,5,d4936,97.649910
q8006,6,d6965,96.252533
q8006,7,d2985,80.012291
q8006,8,d7325,77.382553
q8006,9,d5053,75.750160
q8006,10,d5236,73.582703
q8007,1,d1101,77.200485
q8007,2,d3060,45.146183
q8007,3,d2894,43.499081
q8007,4,d3075,41.878143
q8007,5,d135,40.046429
q8007,6,d8713,37.239449
q8007,7,d2937,32.576588
q8007,8,d2104,32.392612
q8007,9,d7743,32.379017
q8007,10,d3316,32.209820
q8008,1,d1101,48.220436
q8008,2,d3316,32.987995
q8008,3,d4331,31.371645
q8008,4,d4712,28.909967
q8008,5,d2104,25.237591
q8008,6,d3345,25.150049
q8008,7,d4993,24.619781
q8008,8,d3104,23.475874
q8008,9,d4964,23.191555
q8008,10,d8529,23.099125
q8009,1,d1101,46.394024
q8009,2,d3481,40.266685
q8009,3,d4242,37.622551
q8009,4,d2937,32.989384
q8009,5,d1537,30.324451
q8009,6,d2881,30.109606
q8009,7,d2705,29.022694
q8009,8,d4331,28.324041
q8009,9,d1659,27.187347
q8009,10,d3194,27.053942
q8010,1,d7209,25.860157
q8010,2,d1287,23.938160
q8010,3,d189,18.684143
q8010,4,d5991,17.783405
q8010,5,d5124,16.364113
q8010,6,d2751,16.279011
q8010,7,d1173,15.861805
q8010,8,d236,14.415304
q8010,9,d136,13.309422
q8010,10,d2104,13.301195
q8011,1,d3839,140.031021
q8011,2,d3955,96.043358
q8011,3,d4455,79.697083
q8011,4,d2160,50.703026
q8011,5,d7827,50.255436
q8011,6,d7066,49.117435
q8011,7,d2922,48.515369
q8011,8,d1935,48.355000
q8011,9,d1937,48.302006
q8011,10,d4567,48.212246
q8012,1,d6965,24.843033
q8012,2,d2972,24.237818
q8012,3,d4156,22.908680
q8012,4,d3792,21.362629
q8012,5,d6524,19.828339
q8012,6,d1392,19.591372
q8012,7,d2937,18.704823
q8012,8,d7702,18.518497
q8012,9,d1101,17.969648
q8012,10,d3711,17.700806
q8013,1,d6188,51.336472
q8013,2,d1435,48.080479
q8013,3,d930,47.745010
q8013,4,d6133,47.715050
q8013,5,d5716,47.439636
q8013,6,d7121,47.144539
q8013,7,d3213,44.409031
q8013,8,d1101,43.855385
q8013,9,d2939,43.774609
q8013,10,d4469,43.427807
q8014,1,d1101,53.145428
q8014,2,d4331,37.033627
q8014,3,d47,29.510178
q8014,4,d7410,29.043564
q8014,5,d3350,28.852110
q8014,6,d2705,28.279036
q8014,7,d3316,26.779709
q8014,8,d7743,26.590946
q8014,9,d236,25.585098
q8014,10,d1063,24.090569
q8015,1,d1452,92.472984
q8015,2,d2154,84.155037
q8015,3,d8379,80.251244
q8015,4,d258,79.545410
q8015,5,d1006,75.932030
q8015,6,d7534,74.381119
q8015,7,d1317,72.980995
q8015,8,d4672,68.535568
q8015,9,d769,67.609970
q8015,10,d1088,67.181137
q8016,1,d503,114.759148
q8016,2,d821,111.408951
q8016,3,d6293,103.855598
q8016,4,d7114,101.276443
q8016,5,d4016,93.010788
q8016,6,d3155,86.736122
q8016,7,d6429,86.084564
q8016,8,d8580,85.637886
q8016,9,d6383,85.102112
q8016,10,d7109,84.151833
q8017,1,d3954,183.076462
q8017,2,d3842,175.342865
q8017,3,d2755,167.870346
q8017,4,d475,157.924118
q8017,5,d1948,140.996201
q8017,6,d3301,139.368576
q8017,7,d3110,138.842957
q8017,8,d4309,132.209625
q8017,9,d4240,128.622391
q8017,10,d3169,128.418320
q8018,1,d1101,39.629440
q8018,2,d3842,26.661953
q8018,3,d4525,26.544510
q8018,4,d6521,23.981047
q8018,5,d7003,20.255461
q8018,6,d4331,19.184649
q8018,7,d1717,18.826595
q8018,8,d4362,18.085230
q8018,9,d1929,17.845966
q8018,10,d3316,16.722206
q8019,1,d8196,163.798248
q8019,2,d4640,149.979736
q8019,3,d1130,149.497009
q8019,4,d1029,143.331665
q8019,5,d865,133.358887
q8019,6,d6287,131.369522
q8019,7,d4135,130.415268
q8019,8,d905,129.276016
q8019,9,d5560,127.028252
q8019,10,d2462,126.973312
q8020,1,d1740,66.129494
q8020,2,d3420,57.742058
q8020,3,d6465,49.635574
q8020,4,d1626,40.508713
q8020,5,d4165,38.152493
q8020,6,d1101,35.550865
q8020,7,d217,33.018402
q8020,8,d3070,32.333469
q8020,9,d3545,30.908758
q8020,10,d1732,30.786909
q8021,1,d2154,66.480446
q8021,2,d6133,65.354866
q8021,3,d4036,64.444908
q8021,4,d1435,62.460346
q8021,5,d5660,61.082275
q8021,6,d258,60.218204
q8021,7,d1101,59.722290
q8021,8,d2051,56.092182
q8021,9,d5870,53.932335
q8021,10,d6631,53.727596
q8022,1,d4017,78.394119
q8022,2,d8022,75.234528
q8022,3,d4954,48.584175
q8022,4,d1789,45.309212
q8022,5,d4859,43.551701
q8022,6,d956,42.580208
q8022,7,d2594,40.055168
q8022,8,d1615,39.529541
q8022,9,d4922,37.673893
q8022,10,d2697,35.281147
q8023,1,d1101,78.921410
q8023,2,d4331,41.154472
q8023,3,d3316,33.854404
q8023,4,d2818,30.278587
q8023,5,d4896,30.107716
q8023,6,d1337,26.818756
q8023,7,d4346,26.095358
q8023,8,d7989,25.522333
q8023,9,d6743,25.433315
q8023,10,d6388,24.181034
q8024,1,d8724,50.939125
q8024,2,d4403,50.939125
q8024,3,d5675,47.349934
q8024,4,d6465,47.167778
q8024,5,d2086,47.012657
q8024,6,d4508,45.336475
q8024,7,d2410,44.040569
q8024,8,d8024,43.369701
q8024,9,d6929,43.288731
q8024,10,d1671,42.989990
q8025,1,d618,54.051453
q8025,2,d1101,51.123779
q8025,3,d4419,44.648083
q8025,4,d1627,41.536892
q8025,5,d4331,41.313717
q8025,6,d353,36.175453
q8025,7,d163,36.068569
q8025,8,d3233,35.299625
q8025,9,d2705,33.508221
q8025,10,d2058,32.204826
q8026,1,d2154,92.099243
q8026,2,d7233,89.879822
q8026,3,d1435,77.908020
q8026,4,d7534,75.720398
q8026,5,d2215,73.293282
q8026,6,d6133,72.850410
q8026,7,d6188,65.495003
q8026,8,d258,65.165802
q8026,9,d8488,61.912529
q8026,10,d1101,61.491562
q8027,1,d4156,63.199589
q8027,2,d6128,49.376854
q8027,3,d2489,48.364288
q8027,4,d4308,46.270153
q8027,5,d4149,46.122852
q8027,6,d1101,46.112862
q8027,7,d3285,44.409218
q8027,8,d2786,43.552532
q8027,9,d5435,43.517376
q8027,10,d1720,42.471199
q8028,1,d2205,81.683098
q8028,2,d4622,74.448387
q8028,3,d8419,69.053688
q8028,4,d4980,65.500557
q8028,5,d3158,49.380810
q8028,6,d1101,43.620926
q8028,7,d6576,43.176342
q8028,8,d5752,41.672146
q8028,9,d6500,41.234665
q8028,10,d3244,38.608543
q8029,1,d1101,67.175934
q8029,2,d4413,50.024239
q8029,3,d5543,38.593719
q8029,4,d5965,35.639923
q8029,5,d3107,34.265442
q8029,6,d4098,32.812271
q8029,7,d5660,32.434769
q8029,8,d5473,32.378029
q8029,9,d2104,30.839808
q8029,10,d2051,30.642698
q8030,1,d273,100.518555
q8030,2,d6619,89.650749
q8030,3,d561,82.400513
q8030,4,d4378,80.410156
q8030,5,d7246,75.207230
q8030,6,d8637,74.833900
q8030,7,d2676,74.344299
q8030,8,d1527,72.976456
q8030,9,d1866,71.718376
q8030,10,d7672,70.082870
q8031,1,d4115,144.197601
q8031,2,d3542,102.480469
q8031,3,d4025,98.498398
q8031,4,d4968,96.716164
q8031,5,d8031,95.249710
q8031,6,d1101,90.941208
q8031,7,d1348,89.792000
q8031,8,d1964,87.449295
q8031,9,d1644,87.194016
q8031,10,d1838,86.712830
q8032,1,d1287,121.445862
q8032,2,d7492,74.973915
q8032,3,d6304,72.585678
q8032,4,d1101,53.618942
q8032,5,d5124,43.637634
q8032,6,d6167,37.854095
q8032,7,d4907,37.099728
q8032,8,d4060,35.919109
q8032,9,d3316,32.329056
q8032,10,d3297,30.542294
q8033,1,d4839,91.705360
q8033,2,d492,69.337807
q8033,3,d2410,64.101746
q8033,4,d4036,62.852009
q8033,5,d4508,61.106056
q8033,6,d7270,58.932915
q8033,7,d6929,57.517780
q8033,8,d6606,52.582531
q8033,9,d367,52.109341
q8033,10,d328,51.307896
q8034,1,d5922,46.608566
q8034,2,d1101,46.534809
q8034,3,d3888,38.756924
q8034,4,d4226,35.326962
q8034,5,d2950,35.276279
q8034,6,d3599,34.973454
q8034,7,d7889,33.615002
q8034,8,d7064,33.304058
q8034,9,d4156,32.889618
q8034,10,d4000,32.415627
q8035,1,d7108,85.043213
q8035,2,d930,84.566696
q8035,3,d6133,84.524429
q8035,4,d1435,83.496887
q8035,5,d5529,76.774162
q8035,6,d1297,75.332527
q8035,7,d6188,74.238213
q8035,8,d7233,72.530106
q8035,9,d8488,66.655411
q8035,10,d2172,63.696621
q8036,1,d7162,93.221886
q8036,2,d4348,70.014534
q8036,3,d5957,69.735725
q8036,4,d645,69.330276
q8036,5,d4163,64.508247
q8036,6,d1098,62.436722
q8036,7,d1101,62.285748
q8036,8,d1806,61.547848
q8036,9,d1686,54.300106
q8036,10,d190,51.237095
q8037,1,d8064,96.490112
q8037,2,d1768,96.315956
q8037,3,d298,69.864838
q8037,4,d3150,54.716373
q8037,5,d4993,46.177067
q8037,6,d3378,33.706520
q8037,7,d7743,33.430393
q8037,8,d2700,33.096020
q8037,9,d4574,32.611298
q8037,10,d3316,32.074142
q8038,1,d2154,63.823151
q8038,2,d2215,46.340591
q8038,3,d1101,45.957211
q8038,4,d1791,45.864365
q8038,5,d8158,45.005550
q8038,6,d1006,42.950996
q8038,7,d1317,42.075546
q8038,8,d258,41.695522
q8038,9,d7743,41.032871
q8038,10,d1287,40.728687
q8039,1,d3394,46.038815
q8039,2,d4331,45.529625
q8039,3,d1101,45.095325
q8039,4,d2963,43.492992
q8039,5,d4951,39.356937
q8039,6,d1929,36.990826
q8039,7,d2937,36.081078
q8039,8,d135,35.922379
q8039,9,d2965,34.924397
q8039,10,d3316,33.300579
q8040,1,d4074,45.613533
q8040,2,d1835,40.602543
q8040,3,d1860,40.067787
q8040,4,d4932,39.495815
q8040,5,d1101,36.004974
q8040,6,d3186,35.957096
q8040,7,d1936,35.513683
q8040,8,d1946,35.339581
q8040,9,d1986,34.182686
q8040,10,d7630,33.472603
q8041,1,d2705,83.915581
q8041,2,d1537,79.342880
q8041,3,d3711,73.032928
q8041,4,d3350,72.530235
q8041,5,d4331,67.971634
q8041,6,d4479,67.776619
q8041,7,d4419,67.726669
q8041,8,d3848,64.844368
q8041,9,d4222,63.818939
q8041,10,d3734,63.672829
q8042,1,d1287,69.756447
q8042,2,d7492,66.917900
q8042,3,d5124,65.456451
q8042,4,d469,52.558010
q8042,5,d6167,50.478329
q8042,6,d1101,48.601360
q8042,7,d6304,48.468395
q8042,8,d4171,46.117081
q8042,9,d1929,44.821854
q8042,10,d3931,40.098339
q8043,1,d5656,110.476959
q8043,2,d7636,103.960838
q8043,3,d2701,95.976044
q8043,4,d2992,91.915215
q8043,5,d5726,91.915215
q8043,6,d7883,91.638306
q8043,7,d5369,90.136360
q8043,8,d4823,86.911110
q8043,9,d4620,84.168945
q8043,10,d4473,82.746208
q8044,1,d4824,43.074398
q8044,2,d5460,33.390408
q8044,3,d300,32.565464
q8044,4,d7202,32.237167
q8044,5,d2823,31.563765
q8044,6,d4546,30.686218
q8044,7,d273,28.692995
q8044,8,d135,27.279682
q8044,9,d953,26.435438
q8044,10,d7989,26.360350
q8045,1,d7521,83.709297
q8045,2,d3025,81.411430
q8045,3,d6574,77.893311
q8045,4,d3616,75.372063
q8045,5,d4329,66.327950
q8045,6,d305,54.149891
q8045,7,d5053,46.615482
q8045,8,d7325,46.417366
q8045,9,d6103,44.775414
q8045,10,d5236,42.901424
q8046,1,d5053,52.442417
q8046,2,d7325,52.219536
q8046,3,d6103,50.372341
q8046,4,d5236,46.974804
q8046,5,d2061,46.974804
q8046,6,d6540,41.500851
q8046,7,d503,39.843060
q8046,8,d4463,39.368484
q8046,9,d6397,39.261665
q8046,10,d6235,38.523075
q8047,1,d1101,80.388458
q8047,2,d2489,79.593353
q8047,3,d2700,75.645233
q8047,4,d4331,75.067413
q8047,5,d467,71.389069
q8047,6,d3409,70.715561
q8047,7,d3316,65.342140
q8047,8,d1029,65.294289
q8047,9,d3285,65.209419
q8047,10,d1737,62.866585
q8048,1,d1101,102.217644
q8048,2,d679,87.144363
q8048,3,d865,84.433960
q8048,4,d1337,71.977257
q8048,5,d7989,70.635292
q8048,6,d895,70.059937
q8048,7,d1044,68.636406
q8048,8,d8358,64.687759
q8048,9,d2104,64.426537
q8048,10,d1276,63.927238
q8049,1,d1101,51.063652
q8049,2,d192,38.626526
q8049,3,d4156,33.566059
q8049,4,d3658,32.830784
q8049,5,d4250,32.397858
q8049,6,d6128,31.158058
q8049,7,d135,31.061094
q8049,8,d2489,29.496666
q8049,9,d1804,29.100145
q8049,10,d1836,28.760799
q8050,1,d1101,95.704582
q8050,2,d5053,85.084244
q8050,3,d7325,69.626045
q8050,4,d6103,67.163124
q8050,5,d5236,64.925156
q8050,6,d2061,62.633068
q8050,7,d6540,58.515640
q8050,8,d6935,53.180710
q8050,9,d6397,52.348888
q8050,10,d6235,51.364101
q8051,1,d3258,47.078770
q8051,2,d6384,46.614861
q8051,3,d4463,40.131405
q8051,4,d8329,38.985390
q8051,5,d1101,38.402451
q8051,6,d7989,37.190945
q8051,7,d2762,37.048702
q8051,8,d895,35.670177
q8051,9,d3491,35.564854
q8051,10,d7971,35.165962
q8052,1,d6361,240.240158
q8052,2,d4963,173.359268
q8052,3,d3473,163.800491
q8052,4,d5597,158.587631
q8052,5,d3458,147.876968
q8052,6,d133,147.553314
q8052,7,d314,147.546463
q8052,8,d1219,120.156364
q8052,9,d5865,118.399117
q8052,10,d6006,114.790512
q8053,1,d2469,37.966434
q8053,2,d8508,35.633205
q8053,3,d2480,35.482323
q8053,4,d1626,34.475307
q8053,5,d6108,34.063278
q8053,6,d3356,33.781330
q8053,7,d4004,33.188000
q8053,8,d1101,32.808403
q8053,9,d1365,32.293846
q8053,10,d1205,28.503307
q8054,1,d6465,38.304142
q8054,2,d1101,32.944099
q8054,3,d4508,32.182297
q8054,4,d2410,31.695677
q8054,5,d152,31.199804
q8054,6,d2413,31.164707
q8054,7,d4331,30.987492
q8054,8,d6929,30.204691
q8054,9,d7067,29.562550
q8054,10,d4566,29.066328
q8055,1,d3258,120.933701
q8055,2,d4463,111.480881
q8055,3,d8329,89.222878
q8055,4,d2762,88.389549
q8055,5,d4244,87.799721
q8055,6,d4558,87.067604
q8055,7,d6384,86.938919
q8055,8,d3723,86.516510
q8055,9,d4399,84.154739
q8055,10,d216,82.039055
q8056,1,d8062,51.777386
q8056,2,d6929,49.091618
q8056,3,d1101,38.251110
q8056,4,d1671,36.873116
q8056,5,d2410,36.727535
q8056,6,d6465,36.005089
q8056,7,d5675,35.077301
q8056,8,d5053,35.006889
q8056,9,d5391,33.472027
q8056,10,d152,32.653473
q8057,1,d1435,70.700150
q8057,2,d2154,64.420776
q8057,3,d7233,64.145294
q8057,4,d930,62.609909
q8057,5,d7211,61.284203
q8057,6,d258,60.634884
q8057,7,d2215,58.364502
q8057,8,d6133,58.208858
q8057,9,d1317,56.475410
q8057,10,d4811,55.730045
q8058,1,d3378,67.892067
q8058,2,d2334,66.138512
q8058,3,d4268,57.887047
q8058,4,d5134,51.006439
q8058,5,d6540,50.168911
q8058,6,d7814,49.953705
q8058,7,d6082,49.297131
q8058,8,d5236,48.631634
q8058,9,d5531,47.786514
q8058,10,d7215,47.476021
q8059,1,d3984,22.939795
q8059,2,d1239,22.649855
q8059,3,d3213,22.335823
q8059,4,d1101,22.164305
q8059,5,d961,21.563457
q8059,6,d2939,21.232914
q8059,7,d4469,21.071415
q8059,8,d1671,19.819109
q8059,9,d4150,19.581995
q8059,10,d1969,19.581995
q8060,1,d1627,145.886414
q8060,2,d2322,108.216934
q8060,3,d6737,85.269051
q8060,4,d1724,84.518700
q8060,5,d6997,80.923615
q8060,6,d93,75.303154
q8060,7,d243,72.499184
q8060,8,d4331,70.292236
q8060,9,d7003,69.292267
q8060,10,d525,69.168465
q8061,1,d480,139.615097
q8061,2,d6895,92.545418
q8061,3,d6713,88.675125
q8061,4,d4486,88.471069
q8061,5,d3572,84.030777
q8061,6,d1318,82.400131
q8061,7,d4575,64.742935
q8061,8,d381,63.049072
q8061,9,d3296,53.619499
q8061,10,d5238,52.358902
q8062,1,d8062,51.777386
q8062,2,d6929,49.091618
q8062,3,d1101,38.251110
q8062,4,d1671,36.873116
q8062,5,d6465,36.005089
q8062,6,d2410,35.803291
q8062,7,d5675,35.077301
q8062,8,d152,32.653473
q8062,9,d5391,32.325985
q8062,10,d7560,31.476255
q8063,1,d3473,98.522186
q8063,2,d2497,67.384712
q8063,3,d4963,61.707954
q8063,4,d4496,58.342255
q8063,5,d4534,57.958847
q8063,6,d133,57.205105
q8063,7,d5597,55.317028
q8063,8,d314,55.062103
q8063,9,d8050,54.948425
q8063,10,d4838,53.739338
q8064,1,d8064,154.352921
q8064,2,d1768,116.493431
q8064,3,d1101,109.448532
q8064,4,d298,89.110245
q8064,5,d2104,68.264992
q8064,6,d3652,68.194168
q8064,7,d250,64.727722
q8064,8,d3316,62.672871
q8064,9,d4331,62.626793
q8064,10,d7636,60.648392
q8065,1,d433,34.182861
q8065,2,d6178,33.941414
q8065,3,d3350,33.119289
q8065,4,d4331,31.963072
q8065,5,d4479,31.429543
q8065,6,d4222,30.544601
q8065,7,d4171,29.824335
q8065,8,d4202,29.743555
q8065,9,d1101,29.358446
q8065,10,d2705,29.022694
q8066,1,d236,74.071457
q8066,2,d3956,60.678070
q8066,3,d3338,59.895214
q8066,4,d4331,55.345890
q8066,5,d3064,54.481796
q8066,6,d6991,50.449883
q8066,7,d2751,48.837040
q8066,8,d1627,47.546318
q8066,9,d3350,44.080360
q8066,10,d1101,44.065205
q8067,1,d1101,45.007587
q8067,2,d1720,43.579487
q8067,3,d5435,42.832348
q8067,4,d2489,42.585274
q8067,5,d3316,42.379070
q8067,6,d3038,40.949005
q8067,7,d2700,40.942810
q8067,8,d1626,40.606762
q8067,9,d4308,39.795696
q8067,10,d3394,39.403683
q8068,1,d503,54.720047
q8068,2,d5917,51.927849
q8068,3,d821,48.610661
q8068,4,d1101,46.449501
q8068,5,d7114,46.263382
q8068,6,d7743,46.093773
q8068,7,d5053,45.503517
q8068,8,d6293,44.028412
q8068,9,d6188,42.740833
q8068,10,d3155,40.865910
q8069,1,d5675,66.370399
q8069,2,d6465,61.082787
q8069,3,d2086,45.529785
q8069,4,d2134,42.638023
q8069,5,d8652,42.636246
q8069,6,d8724,42.267288
q8069,7,d3969,41.692581
q8069,8,d6388,41.499245
q8069,9,d6244,41.035221
q8069,10,d6314,40.596615
q8070,1,d5234,86.030128
q8070,2,d7460,56.083298
q8070,3,d5134,47.365181
q8070,4,d8701,46.803082
q8070,5,d7414,45.435638
q8070,6,d7077,44.707790
q8070,7,d2051,44.291584
q8070,8,d6314,42.697445
q8070,9,d5543,42.450043
q8070,10,d481,41.729584
q8071,1,d5917,91.872719
q8071,2,d8064,89.853210
q8071,3,d1768,89.824921
q8071,4,d7114,80.077133
q8071,5,d298,77.965424
q8071,6,d4493,64.652473
q8071,7,d5012,60.719452
q8071,8,d4666,60.276932
q8071,9,d2673,53.230942
q8071,10,d4329,52.239475
q8072,1,d5917,46.257133
q8072,2,d1101,45.340649
q8072,3,d503,41.355659
q8072,4,d7743,40.743221
q8072,5,d821,39.317333
q8072,6,d1671,37.631653
q8072,7,d7410,37.403458
q8072,8,d7114,36.884956
q8072,9,d4556,36.857567
q8072,10,d6188,36.423481
q8073,1,d1389,71.590668
q8073,2,d3427,59.547356
q8073,3,d2503,54.993294
q8073,4,d4847,53.232067
q8073,5,d4794,50.104805
q8073,6,d1402,48.769726
q8073,7,d2774,48.341591
q8073,8,d3283,47.915016
q8073,9,d7155,47.356083
q8073,10,d8236,44.152271
q8074,1,d5087,59.979713
q8074,2,d7133,53.095798
q8074,3,d3473,50.155224
q8074,4,d4963,44.300186
q8074,5,d7069,43.845234
q8074,6,d1287,42.539398
q8074,7,d1101,40.160503
q8074,8,d5597,39.950764
q8074,9,d47,39.384457
q8074,10,d314,39.091602
q8075,1,d3458,69.473923
q8075,2,d3950,65.675308
q8075,3,d666,59.509388
q8075,4,d1287,59.165379
q8075,5,d444,51.080193
q8075,6,d5053,48.442097
q8075,7,d5087,46.650887
q8075,8,d7325,46.417366
q8075,9,d6103,44.775414
q8075,10,d7133,44.455330
q8076,1,d2468,101.618279
q8076,2,d1078,96.597061
q8076,3,d7630,95.725304
q8076,4,d390,95.323105
q8076,5,d7636,95.267326
q8076,6,d7642,93.457657
q8076,7,d7508,93.268494
q8076,8,d2169,91.621414
q8076,9,d895,86.344139
q8076,10,d6214,83.808456
q8077,1,d3950,72.768776
q8077,2,d666,71.411263
q8077,3,d444,60.924461
q8077,4,d1287,58.992088
q8077,5,d3458,58.567230
q8077,6,d3270,49.578835
q8077,7,d5053,48.442097
q8077,8,d7492,48.267136
q8077,9,d5236,47.485592
q8077,10,d7325,46.417366
q8078,1,d1706,75.984016
q8078,2,d1799,57.315746
q8078,3,d1881,56.538506
q8078,4,d1101,56.263016
q8078,5,d1559,52.817486
q8078,6,d3370,52.406586
q8078,7,d8060,51.538624
q8078,8,d4331,50.170002
q8078,9,d3561,49.626602
q8078,10,d2481,49.181061
q8079,1,d2413,47.603878
q8079,2,d4839,44.742661
q8079,3,d1101,44.676029
q8079,4,d2410,43.347820
q8079,5,d4508,38.176281
q8079,6,d618,37.416473
q8079,7,d1671,36.873116
q8079,8,d6465,36.819447
q8079,9,d8606,36.439018
q8079,10,d7270,36.194153
q8080,1,d1101,30.719656
q8080,2,d2939,24.464649
q8080,3,d4469,24.269337
q8080,4,d3984,22.939795
q8080,5,d1239,22.882671
q8080,6,d3213,22.335823
q8080,7,d1671,21.900562
q8080,8,d961,21.563457
q8080,9,d8606,20.971899
q8080,10,d1969,20.775660
q8081,1,d2215,57.538300
q8081,2,d7233,50.490662
q8081,3,d930,46.814487
q8081,4,d2154,46.610493
q8081,5,d2172,45.957130
q8081,6,d1851,45.889915
q8081,7,d1843,44.105202
q8081,8,d6133,43.643887
q8081,9,d1435,43.403740
q8081,10,d7743,41.809372
q8082,1,d5053,30.961296
q8082,2,d2006,29.792555
q8082,3,d1101,29.739523
q8082,4,d7325,29.010857
q8082,5,d4614,28.773895
q8082,6,d1671,28.480633
q8082,7,d6103,27.984631
q8082,8,d4331,27.020985
q8082,9,d4881,26.998201
q8082,10,d2763,26.523512
q8083,1,d2972,72.713463
q8083,2,d3420,71.157982
q8083,3,d1639,58.318111
q8083,4,d7270,57.904182
q8083,5,d8083,52.130199
q8083,6,d4139,51.354904
q8083,7,d1993,50.281818
q8083,8,d4156,49.435139
q8083,9,d6654,47.208458
q8083,10,d1101,46.904842
q8084,1,d3842,37.555367
q8084,2,d1101,36.444664
q8084,3,d4525,34.701523
q8084,4,d1636,34.417080
q8084,5,d4566,30.977133
q8084,6,d4896,29.280827
q8084,7,d4073,27.738468
q8084,8,d1974,27.738468
q8084,9,d1987,26.389132
q8084,10,d722,26.128639
q8085,1,d2481,70.033760
q8085,2,d1101,56.575874
q8085,3,d1626,55.365784
q8085,4,d1649,46.791214
q8085,5,d2469,45.478954
q8085,6,d1916,40.349297
q8085,7,d6465,40.034863
q8085,8,d2251,39.282814
q8085,9,d5965,37.928032
q8085,10,d1929,36.775620
q8086,1,d1101,30.360996
q8086,2,d3973,29.362980
q8086,3,d4350,28.883118
q8086,4,d1626,23.590223
q8086,5,d2469,23.111750
q8086,6,d1929,22.433006
q8086,7,d3652,22.025822
q8086,8,d1664,21.966810
q8086,9,d3356,21.601768
q8086,10,d4602,21.375360
q8087,1,d3940,235.321533
q8087,2,d4378,164.343903
q8087,3,d561,129.292816
q8087,4,d4914,115.672974
q8087,5,d7246,115.400932
q8087,6,d8637,114.745338
q8087,7,d7192,109.547104
q8087,8,d8390,108.568474
q8087,9,d1527,106.219452
q8087,10,d5229,102.259895
q8088,1,d5053,74.821053
q8088,2,d7325,69.626045
q8088,3,d6103,67.163124
q8088,4,d5236,64.925156
q8088,5,d2061,62.633068
q8088,6,d6540,60.483418
q8088,7,d1677,53.308960
q8088,8,d6397,52.348888
q8088,9,d6235,51.364101
q8088,10,d3830,51.144833
q8089,1,d7628,56.702496
q8089,2,d1922,52.203964
q8089,3,d156,45.487103
q8089,4,d1101,45.039024
q8089,5,d1967,44.231602
q8089,6,d4853,44.153400
q8089,7,d2540,43.081127
q8089,8,d1965,43.038071
q8089,9,d7989,42.121117
q8089,10,d311,41.821522
q8090,1,d1101,72.504280
q8090,2,d3100,56.289455
q8090,3,d2410,53.705219
q8090,4,d1626,50.639629
q8090,5,d2588,49.534153
q8090,6,d6465,49.349545
q8090,7,d8652,48.973343
q8090,8,d2469,47.069180
q8090,9,d3356,45.747410
q8090,10,d5543,44.387054
q8091,1,d6465,75.317528
q8091,2,d4508,60.582970
q8091,3,d2086,59.553898
q8091,4,d5675,59.530022
q8091,5,d2410,59.351254
q8091,6,d6929,58.317707
q8091,7,d6606,52.353027
q8091,8,d1478,51.416340
q8091,9,d1671,51.382469
q8091,10,d3420,50.608955
q8092,1,d8555,40.591576
q8092,2,d1101,25.584028
q8092,3,d2937,16.891691
q8092,4,d508,12.310525
q8092,5,d2683,11.823351
q8092,6,d4272,11.033691
q8092,7,d5341,10.772734
q8092,8,d4435,10.262486
q8092,9,d4087,9.538136
q8092,10,d1348,9.437485
q8093,1,d1101,41.838768
q8093,2,d1287,40.042309
q8093,3,d4574,39.024204
q8093,4,d5837,28.329815
q8093,5,d5124,27.273521
q8093,6,d7287,25.407402
q8093,7,d679,25.324848
q8093,8,d8529,25.183205
q8093,9,d142,25.059311
q8093,10,d1907,25.036911
q8094,1,d1101,51.224861
q8094,2,d7989,48.453903
q8094,3,d4331,39.659088
q8094,4,d3394,39.067699
q8094,5,d2540,38.336411
q8094,6,d3584,37.278008
q8094,7,d3316,36.179470
q8094,8,d2700,35.363625
q8094,9,d1929,34.274582
q8094,10,d1737,32.032654
q8095,1,d2960,63.233055
q8095,2,d458,61.321190
q8095,3,d6192,61.274715
q8095,4,d1622,59.232262
q8095,5,d193,56.816010
q8095,6,d3613,49.536854
q8095,7,d2534,41.057590
q8095,8,d1101,35.194592
q8095,9,d7133,35.010834
q8095,10,d5087,33.322060
q8096,1,d4574,80.327431
q8096,2,d2949,70.279907
q8096,3,d6384,67.930214
q8096,4,d5837,65.616013
q8096,5,d4659,62.894619
q8096,6,d3963,62.059803
q8096,7,d1859,59.252857
q8096,8,d477,56.990250
q8096,9,d2072,54.558578
q8096,10,d1537,54.497574
q8097,1,d4331,17.627144
q8097,2,d3983,14.942181
q8097,3,d1101,12.491257
q8097,4,d7209,12.254731
q8097,5,d6587,11.803844
q8097,6,d3104,11.737937
q8097,7,d3316,11.650108
q8097,8,d4791,11.589946
q8097,9,d1697,11.497541
q8097,10,d2706,11.056139
q8098,1,d3956,55.317310
q8098,2,d3338,47.935974
q8098,3,d6991,39.371109
q8098,4,d3350,37.289650
q8098,5,d2705,34.696220
q8098,6,d4479,33.888309
q8098,7,d4419,33.863335
q8098,8,d1537,33.832413
q8098,9,d3848,32.422184
q8098,10,d4331,31.930368
q8099,1,d2413,47.603878
q8099,2,d2410,45.196301
q8099,3,d4839,44.742661
q8099,4,d1101,44.676029
q8099,5,d4508,38.176281
q8099,6,d8606,37.488068
q8099,7,d618,37.416473
q8099,8,d1671,36.873116
q8099,9,d6465,36.819447
q8099,10,d7270,36.194153
q8100,1,d7209,60.887112
q8100,2,d3983,19.810762
q8100,3,d7716,16.696135
q8100,4,d4360,15.778679
q8100,5,d189,15.563606
q8100,6,d1982,14.720814
q8100,7,d6965,14.462296
q8100,8,d3457,14.280361
q8100,9,d5819,13.924990
q8100,10,d2939,13.541107
q8101,1,d7314,45.355022
q8101,2,d3474,44.952438
q8101,3,d622,43.755367
q8101,4,d6413,43.180466
q8101,5,d7967,39.270844
q8101,6,d5602,37.926239
q8101,7,d3256,37.819965
q8101,8,d68,35.187637
q8101,9,d8701,34.870899
q8101,10,d2997,34.501537
q8102,1,d3378,147.571228
q8102,2,d6965,103.998367
q8102,3,d6281,101.056618
q8102,4,d6713,100.498474
q8102,5,d21,96.660599
q8102,6,d3983,94.289490
q8102,7,d6206,93.608139
q8102,8,d1392,92.597298
q8102,9,d4527,91.719704
q8102,10,d3815,88.209511
q8103,1,d5134,66.345932
q8103,2,d481,64.082748
q8103,3,d8701,59.769024
q8103,4,d5460,57.855282
q8103,5,d1029,57.258915
q8103,6,d2937,54.619198
q8103,7,d1101,52.399864
q8103,8,d5184,51.244259
q8103,9,d4694,51.095444
q8103,10,d7414,49.354507
q8104,1,d5053,46.615482
q8104,2,d7325,46.417366
q8104,3,d5236,46.339550
q8104,4,d6103,44.775414
q8104,5,d2061,41.755383
q8104,6,d1101,37.768303
q8104,7,d6935,36.912109
q8104,8,d6540,36.889645
q8104,9,d1748,36.261684
q8104,10,d6397,34.899258
q8105,1,d2972,78.772919
q8105,2,d3420,77.525406
q8105,3,d6465,60.486290
q8105,4,d4156,60.342407
q8105,5,d7270,58.439346
q8105,6,d4139,55.634480
q8105,7,d2508,49.420467
q8105,8,d1993,47.441090
q8105,9,d4671,44.642899
q8105,10,d1671,44.507065
q8106,1,d2441,43.844307
q8106,2,d7209,36.955261
q8106,3,d8529,34.648689
q8106,4,d481,34.142536
q8106,5,d7648,32.421471
q8106,6,d703,30.522688
q8106,7,d3297,29.567606
q8106,8,d4522,29.532690
q8106,9,d3194,28.701351
q8106,10,d2487,27.239290
q8107,1,d7209,37.150734
q8107,2,d2469,35.232857
q8107,3,d7202,29.472633
q8107,4,d7297,28.574789
q8107,5,d2538,27.569904
q8107,6,d4171,24.228724
q8107,7,d1626,22.598104
q8107,8,d4004,22.250427
q8107,9,d3421,22.147045
q8107,10,d3803,21.512306
q8108,1,d2939,28.003468
q8108,2,d4469,27.781239
q8108,3,d3984,26.763094
q8108,4,d1239,26.239897
q8108,5,d3213,26.058460
q8108,6,d961,25.157368
q8108,7,d47,24.284859
q8108,8,d7410,24.170849
q8108,9,d1101,23.494864
q8108,10,d1671,23.122293
q8109,1,d1101,18.172628
q8109,2,d1929,13.803203
q8109,3,d3984,11.469896
q8109,4,d3213,11.167912
q8109,5,d961,10.781729
q8109,6,d2939,10.616458
q8109,7,d4469,10.535708
q8109,8,d1239,10.071674
q8109,9,d1671,9.909554
q8109,10,d4150,9.790997
q8110,1,d2939,19.309963
q8110,2,d4469,19.158474
q8110,3,d3984,19.116495
q8110,4,d4150,18.754812
q8110,5,d3213,18.613186
q8110,6,d1239,18.155785
q8110,7,d961,17.969547
q8110,8,d1671,16.515924
q8110,9,d1969,16.318329
q8110,10,d5854,16.274021
q8111,1,d1101,40.031834
q8111,2,d2588,18.685156
q8111,3,d47,16.485987
q8111,4,d7410,16.416794
q8111,5,d1929,15.851398
q8111,6,d5870,14.212699
q8111,7,d5543,13.620224
q8111,8,d1704,13.540365
q8111,9,d4853,13.522327
q8111,10,d4896,13.052512
q8112,1,d1101,76.448357
q8112,2,d865,51.101795
q8112,3,d2177,48.698265
q8112,4,d5053,48.442101
q8112,5,d7133,48.241512
q8112,6,d5236,47.923325
q8112,7,d7841,47.253494
q8112,8,d7325,46.417366
q8112,9,d6103,44.775414
q8112,10,d1737,44.685741
q8113,1,d5382,48.806461
q8113,2,d4060,42.494431
q8113,3,d420,41.029430
q8113,4,d6182,38.481369
q8113,5,d7209,35.991108
q8113,6,d633,33.081135
q8113,7,d8113,28.845509
q8113,8,d668,28.327374
q8113,9,d6853,27.836395
q8113,10,d1990,27.290916
q8114,1,d3378,52.329571
q8114,2,d1782,43.435505
q8114,3,d3889,39.605946
q8114,4,d3500,38.203560
q8114,5,d7209,35.991108
q8114,6,d3270,35.493889
q8114,7,d1980,33.256020
q8114,8,d332,31.497326
q8114,9,d220,25.427959
q8114,10,d3815,23.974199
q8115,1,d3350,62.879345
q8115,2,d5053,58.269352
q8115,3,d7325,58.021706
q8115,4,d6103,55.969269
q8115,5,d4331,55.288353
q8115,6,d5236,54.486309
q8115,7,d2061,52.194225
q8115,8,d1537,46.450977
q8115,9,d6540,46.112057
q8115,10,d6235,45.979591
q8116,1,d5053,96.904335
q8116,2,d7325,92.834724
q8116,3,d6103,89.550819
q8116,4,d5236,88.961609
q8116,5,d2061,83.510757
q8116,6,d1101,77.089897
q8116,7,d6540,76.797226
q8116,8,d1287,75.833458
q8116,9,d2322,73.549393
q8116,10,d6397,72.050529
q8117,1,d8724,56.757484
q8117,2,d6465,50.097572
q8117,3,d4543,45.482903
q8117,4,d4403,43.345127
q8117,5,d4165,42.493355
q8117,6,d217,42.343746
q8117,7,d1281,41.949196
q8117,8,d3772,41.130993
q8117,9,d5958,40.823444
q8117,10,d8652,39.679115
q8118,1,d5053,96.904335
q8118,2,d7325,92.834724
q8118,3,d5236,90.107651
q8118,4,d6103,89.550819
q8118,5,d2061,83.510757
q8118,6,d1101,77.089897
q8118,7,d6540,76.797226
q8118,8,d1287,75.833458
q8118,9,d2322,73.549393
q8118,10,d6397,72.050529
q8119,1,d2705,88.401108
q8119,2,d1537,84.176079
q8119,3,d3350,79.464378
q8119,4,d3711,78.082504
q8119,5,d4331,77.768425
q8119,6,d4479,72.617805
q8119,7,d4419,72.564285
q8119,8,d3848,69.476105
q8119,9,d4222,68.377434
q8119,10,d4507,67.392029
q8120,1,d1101,41.373573
q8120,2,d171,37.314823
q8120,3,d3258,34.858112
q8120,4,d1117,33.038490
q8120,5,d2762,32.518551
q8120,6,d962,32.445980
q8120,7,d7680,30.067860
q8120,8,d4463,29.526365
q8120,9,d243,29.262209
q8120,10,d6384,28.236645
q8121,1,d1101,57.735809
q8121,2,d1287,45.832172
q8121,3,d7989,40.472889
q8121,4,d5124,38.182930
q8121,5,d3316,37.825409
q8121,6,d135,34.555611
q8121,7,d6384,34.030533
q8121,8,d6687,31.398592
q8121,9,d1626,30.888817
q8121,10,d5053,30.359135
q8122,1,d3898,101.400803
q8122,2,d287,79.350159
q8122,3,d4226,65.607208
q8122,4,d5012,46.054886
q8122,5,d7114,41.070736
q8122,6,d5917,39.290947
q8122,7,d8527,38.949062
q8122,8,d3653,38.899517
q8122,9,d1989,35.272316
q8122,10,d4329,34.706253
q8123,1,d1101,54.598072
q8123,2,d3394,54.146954
q8123,3,d5053,34.961613
q8123,4,d1929,34.911640
q8123,5,d7325,34.813026
q8123,6,d6103,33.581558
q8123,7,d5236,32.462582
q8123,8,d2061,31.316538
q8123,9,d3316,31.144943
q8123,10,d6687,30.340412
q8124,1,d1101,67.794319
q8124,2,d3258,40.936932
q8124,3,d447,39.846710
q8124,4,d4331,36.302807
q8124,5,d194,34.033783
q8124,6,d1704,31.586246
q8124,7,d5611,31.495525
q8124,8,d6384,30.973822
q8124,9,d5965,30.022339
q8124,10,d243,28.765902
q8125,1,d1737,45.398453
q8125,2,d2489,45.171516
q8125,3,d4149,37.988831
q8125,4,d1183,34.282536
q8125,5,d3394,34.214035
q8125,6,d4308,33.797962
q8125,7,d1929,33.117592
q8125,8,d1101,31.782589
q8125,9,d8713,31.188540
q8125,10,d2622,29.852118
q8126,1,d1101,116.451660
q8126,2,d679,73.986961
q8126,3,d865,69.145027
q8126,4,d8606,67.884094
q8126,5,d2104,67.816124
q8126,6,d6465,66.458618
q8126,7,d1337,66.177086
q8126,8,d2410,60.228195
q8126,9,d6575,59.406315
q8126,10,d4826,59.327042
q8127,1,d3193,57.604885
q8127,2,d3332,51.553490
q8127,3,d2749,46.008080
q8127,4,d1741,43.753342
q8127,5,d2776,38.334869
q8127,6,d5389,36.243866
q8127,7,d1811,35.062599
q8127,8,d2855,33.682869
q8127,9,d5969,33.600651
q8127,10,d6632,33.159210
q8128,1,d2989,117.947388
q8128,2,d1716,105.592529
q8128,3,d4796,105.187401
q8128,4,d1718,95.375305
q8128,5,d3810,92.777534
q8128,6,d3844,88.464478
q8128,7,d4240,80.891045
q8128,8,d2688,79.982521
q8128,9,d504,79.626213
q8128,10,d475,78.299141
q8129,1,d149,72.788986
q8129,2,d3264,71.720520
q8129,3,d436,68.065239
q8129,4,d1101,66.821976
q8129,5,d5087,61.383236
q8129,6,d6757,60.711288
q8129,7,d239,58.830914
q8129,8,d5236,58.374519
q8129,9,d4963,56.965637
q8129,10,d6384,55.868305
q8130,1,d4463,62.959049
q8130,2,d4244,61.740704
q8130,3,d8329,61.369621
q8130,4,d1101,60.741463
q8130,5,d6384,60.736694
q8130,6,d4558,59.563702
q8130,7,d3723,58.814423
q8130,8,d4399,57.145317
q8130,9,d3258,56.271866
q8130,10,d546,56.120396
q8131,1,d1101,90.232910
q8131,2,d865,79.555298
q8131,3,d895,63.605999
q8131,4,d669,60.751259
q8131,5,d679,60.581188
q8131,6,d7989,54.055313
q8131,7,d2104,49.882206
q8131,8,d6384,48.649273
q8131,9,d1337,47.117798
q8131,10,d1276,46.511242
q8132,1,d4712,25.817465
q8132,2,d2705,23.349167
q8132,3,d1101,21.586317
q8132,4,d2937,19.771788
q8132,5,d2913,19.567650
q8132,6,d5870,19.561445
q8132,7,d1697,19.528584
q8132,8,d4839,18.803814
q8132,9,d4791,17.384918
q8132,10,d3345,17.263277
q8133,1,d5053,69.923225
q8133,2,d7325,69.626045
q8133,3,d6103,67.163124
q8133,4,d5236,64.925156
q8133,5,d3350,62.879345
q8133,6,d2061,62.633068
q8133,7,d4331,57.520065
q8133,8,d6540,55.334469
q8133,9,d6235,54.540276
q8133,10,d6397,52.348888
q8134,1,d4940,114.536942
q8134,2,d4963,113.873451
q8134,3,d5087,110.841171
q8134,4,d6497,109.670822
q8134,5,d3473,109.466568
q8134,6,d5597,106.017296
q8134,7,d5834,105.621696
q8134,8,d3542,105.510429
q8134,9,d133,98.401909
q8134,10,d5543,96.992645
q8135,1,d3734,109.020798
q8135,2,d3982,95.395042
q8135,3,d1101,72.025200
q8135,4,d236,70.008774
q8135,5,d3350,63.952400
q8135,6,d1537,63.902756
q8135,7,d3631,60.787197
q8135,8,d5435,60.275597
q8135,9,d4331,59.193748
q8135,10,d2937,58.654934
q8136,1,d4779,73.147453
q8136,2,d1888,62.088234
q8136,3,d6255,60.420162
q8136,4,d7875,59.147827
q8136,5,d4579,58.954380
q8136,6,d5648,58.077236
q8136,7,d4027,52.931519
q8136,8,d1101,46.933205
q8136,9,d6944,45.305038
q8136,10,d4942,41.007172
q8137,1,d7209,48.632381
q8137,2,d2702,38.598328
q8137,3,d4303,32.357742
q8137,4,d123,31.653231
q8137,5,d285,30.176777
q8137,6,d3840,29.445377
q8137,7,d1748,29.300953
q8137,8,d4495,27.921175
q8137,9,d1165,27.021788
q8137,10,d1949,26.986835
q8138,1,d4954,155.571503
q8138,2,d1748,117.539528
q8138,3,d4322,117.036690
q8138,4,d1615,99.236801
q8138,5,d1118,83.989258
q8138,6,d6163,82.337807
q8138,7,d3762,71.066345
q8138,8,d2594,66.352531
q8138,9,d2261,61.948105
q8138,10,d7209,60.500568
q8139,1,d4074,83.089401
q8139,2,d4339,72.570961
q8139,3,d4932,71.198685
q8139,4,d3186,70.342834
q8139,5,d1936,69.747200
q8139,6,d1860,67.898468
q8139,7,d1986,66.811241
q8139,8,d1313,65.384331
q8139,9,d7628,61.466648
q8139,10,d4880,59.639290
q8140,1,d1671,21.605221
q8140,2,d7410,19.811962
q8140,3,d2939,19.309963
q8140,4,d8606,19.303541
q8140,5,d4469,19.158474
q8140,6,d3984,19.116495
q8140,7,d4896,18.912264
q8140,8,d3213,18.613186
q8140,9,d47,18.473982
q8140,10,d1239,18.155785
q8141,1,d4262,96.223534
q8141,2,d905,80.722336
q8141,3,d3234,75.145370
q8141,4,d1724,74.758003
q8141,5,d1627,58.513664
q8141,6,d7003,57.246044
q8141,7,d242,53.840275
q8141,8,d2322,53.156784
q8141,9,d6379,52.597317
q8141,10,d3777,51.829845
q8142,1,d132,25.686516
q8142,2,d7366,24.407145
q8142,3,d3911,23.474504
q8142,4,d4613,20.587378
q8142,5,d1746,19.905258
q8142,6,d7410,19.837563
q8142,7,d47,19.740898
q8142,8,d8089,19.595062
q8142,9,d1101,19.535357
q8142,10,d4425,19.348906
q8143,1,d503,85.997444
q8143,2,d821,79.051788
q8143,3,d2818,74.873055
q8143,4,d7114,74.656235
q8143,5,d6293,72.519539
q8143,6,d3155,65.208321
q8143,7,d4493,61.244831
q8143,8,d7743,57.766178
q8143,9,d2261,57.586262
q8143,10,d6383,57.085777
q8144,1,d6713,59.116749
q8144,2,d1101,47.721466
q8144,3,d4331,33.821514
q8144,4,d1947,33.297306
q8144,5,d5053,32.787910
q8144,6,d1748,32.052967
q8144,7,d5236,31.827333
q8144,8,d8317,29.569687
q8144,9,d8176,29.569687
q8144,10,d7325,29.010857
q8145,1,d1318,115.836334
q8145,2,d3121,92.809669
q8145,3,d2666,86.311081
q8145,4,d491,84.198074
q8145,5,d2897,80.810555
q8145,6,d2622,71.814529
q8145,7,d996,60.065083
q8145,8,d8145,57.410210
q8145,9,d4863,53.244221
q8145,10,d7414,51.747826
q8146,1,d3983,19.810762
q8146,2,d217,19.205658
q8146,3,d4485,18.767437
q8146,4,d4613,17.162125
q8146,5,d1640,16.868319
q8146,6,d2099,15.881273
q8146,7,d4360,15.778679
q8146,8,d1789,15.397366
q8146,9,d3533,15.140125
q8146,10,d3844,15.073608
q8147,1,d7209,23.736378
q8147,2,d3839,20.578627
q8147,3,d795,20.094921
q8147,4,d1709,17.554516
q8147,5,d7811,16.779329
q8147,6,d3488,13.023226
q8147,7,d6853,12.797669
q8147,8,d817,12.456877
q8147,9,d3597,12.397058
q8147,10,d2112,12.153247
q8148,1,d2702,126.843369
q8148,2,d123,107.334946
q8148,3,d3840,93.722000
q8148,4,d4495,92.976395
q8148,5,d686,91.969757
q8148,6,d285,88.352310
q8148,7,d6703,83.699242
q8148,8,d3790,82.135605
q8148,9,d7221,81.183937
q8148,10,d3555,78.734741
q8149,1,d3625,198.800903
q8149,2,d645,122.764694
q8149,3,d3041,112.903107
q8149,4,d4963,109.188965
q8149,5,d3473,104.872025
q8149,6,d2370,102.314369
q8149,7,d1047,100.263519
q8149,8,d314,99.398323
q8149,9,d133,98.891052
q8149,10,d4069,97.877602
q8150,1,d6713,59.116749
q8150,2,d1101,47.721466
q8150,3,d4331,33.821514
q8150,4,d1947,33.297306
q8150,5,d5053,32.787910
q8150,6,d1748,32.052967
q8150,7,d5236,31.827333
q8150,8,d8317,29.569687
q8150,9,d8176,29.569687
q8150,10,d7325,29.010857
q8151,1,d6316,32.455387
q8151,2,d3931,29.212303
q8151,3,d2177,27.054588
q8151,4,d7841,25.011606
q8151,5,d6443,24.275702
q8151,6,d2299,22.496983
q8151,7,d4803,20.885796
q8151,8,d3455,20.756191
q8151,9,d4346,19.193260
q8151,10,d3800,19.073387
q8152,1,d2722,58.086426
q8152,2,d1585,54.805389
q8152,3,d7182,43.987309
q8152,4,d4876,41.371792
q8152,5,d4648,33.437164
q8152,6,d2827,33.319416
q8152,7,d2843,33.209904
q8152,8,d6359,32.674820
q8152,9,d5010,32.518951
q8152,10,d2972,31.684872
q8153,1,d1639,25.492939
q8153,2,d152,22.883003
q8153,3,d6465,21.034359
q8153,4,d2572,17.977539
q8153,5,d4918,16.996176
q8153,6,d4086,16.334681
q8153,7,d4627,15.398542
q8153,8,d2658,14.244908
q8153,9,d1671,14.240316
q8153,10,d2410,13.885995
q8154,1,d4331,25.705196
q8154,2,d4037,16.424028
q8154,3,d3316,16.187983
q8154,4,d3983,15.247683
q8154,5,d8064,15.183251
q8154,6,d1101,15.075041
q8154,7,d2742,13.094717
q8154,8,d7209,12.641273
q8154,9,d5213,12.462951
q8154,10,d7682,12.238216
q8155,1,d7209,48.573799
q8155,2,d189,22.965748
q8155,3,d7639,20.392902
q8155,4,d7251,19.778339
q8155,5,d135,16.856974
q8155,6,d2983,16.790031
q8155,7,d1101,15.765944
q8155,8,d1525,15.416523
q8155,9,d1656,14.839123
q8155,10,d4990,14.158066
q8156,1,d7209,24.509460
q8156,2,d4331,22.503515
q8156,3,d3983,19.810762
q8156,4,d3316,16.856403
q8156,5,d7811,16.779329
q8156,6,d3464,16.010105
q8156,7,d4360,15.778679
q8156,8,d4613,15.047924
q8156,9,d2104,14.695931
q8156,10,d6965,14.462296
q8157,1,d1626,52.239922
q8157,2,d2469,49.655518
q8157,3,d4268,45.652088
q8157,4,d1789,38.603806
q8157,5,d7209,38.310364
q8157,6,d6668,37.723320
q8157,7,d1649,36.393166
q8157,8,d3100,36.352612
q8157,9,d6814,35.787792
q8157,10,d5652,33.497032
q8158,1,d6734,140.447800
q8158,2,d4665,85.511787
q8158,3,d5053,76.045509
q8158,4,d5236,72.239143
q8158,5,d8318,70.185280
q8158,6,d7325,69.626045
q8158,7,d6103,67.163124
q8158,8,d2061,62.633068
q8158,9,d6540,61.489395
q8158,10,d4907,59.586334
q8159,1,d480,140.932556
q8159,2,d6895,98.329506
q8159,3,d4486,94.000511
q8159,4,d3572,89.282700
q8159,5,d6713,88.675125
q8159,6,d1318,88.143906
q8159,7,d381,80.357651
q8159,8,d3296,70.360344
q8159,9,d4575,68.789368
q8159,10,d4236,64.931007
q8160,1,d3864,64.592720
q8160,2,d3856,52.636909
q8160,3,d5236,49.777676
q8160,4,d5053,48.442097
q8160,5,d7325,46.417366
q8160,6,d1748,46.281128
q8160,7,d6103,44.775414
q8160,8,d2061,41.755383
q8160,9,d6935,40.892151
q8160,10,d6540,36.889645
q8161,1,d2763,64.683517
q8161,2,d8612,60.135822
q8161,3,d6825,58.471672
q8161,4,d2895,53.802837
q8161,5,d152,53.477097
q8161,6,d7682,53.032276
q8161,7,d2724,52.761639
q8161,8,d446,50.985760
q8161,9,d3285,50.468563
q8161,10,d331,48.912281
q8162,1,d6465,94.622688
q8162,2,d5675,85.693146
q8162,3,d5543,80.103798
q8162,4,d6314,75.464920
q8162,5,d1626,74.447968
q8162,6,d2086,74.432800
q8162,7,d1717,74.130394
q8162,8,d2051,72.081062
q8162,9,d1344,69.663971
q8162,10,d6244,67.262192
q8163,1,d1649,51.990238
q8163,2,d5599,48.252594
q8163,3,d1626,47.198799
q8163,4,d4665,45.774921
q8163,5,d2251,44.242329
q8163,6,d5481,42.403748
q8163,7,d7297,41.274696
q8163,8,d1612,40.995296
q8163,9,d1789,38.872589
q8163,10,d3370,38.475555
q8164,1,d4406,41.197548
q8164,2,d1639,40.548531
q8164,3,d414,35.511604
q8164,4,d7685,34.316109
q8164,5,d3408,33.690002
q8164,6,d281,30.298618
q8164,7,d3297,29.968147
q8164,8,d3747,29.911255
q8164,9,d466,29.671783
q8164,10,d3178,28.112576
q8165,1,d4689,36.945000
q8165,2,d469,19.847815
q8165,3,d7209,19.348450
q8165,4,d189,17.667603
q8165,5,d1929,16.079025
q8165,6,d3476,16.041962
q8165,7,d165,14.871100
q8165,8,d311,14.348600
q8165,9,d2714,14.004833
q8165,10,d2913,13.934421
q8166,1,d3625,76.604561
q8166,2,d1101,69.612762
q8166,3,d645,68.490082
q8166,4,d3041,62.687660
q8166,5,d3455,53.698135
q8166,6,d865,46.944435
q8166,7,d273,43.375748
q8166,8,d6492,42.391815
q8166,9,d7989,40.097813
q8166,10,d2370,39.135372
q8167,1,d4665,77.651573
q8167,2,d7056,73.223244
q8167,3,d6734,73.112961
q8167,4,d8318,62.613194
q8167,5,d1261,62.436222
q8167,6,d5053,50.462742
q8167,7,d7325,46.417366
q8167,8,d6103,44.775414
q8167,9,d2061,41.755383
q8167,10,d5236,41.755383
q8168,1,d2844,62.507565
q8168,2,d3212,54.667324
q8168,3,d3858,53.524559
q8168,4,d2237,52.482300
q8168,5,d1101,51.393234
q8168,6,d2790,45.281757
q8168,7,d4900,44.043922
q8168,8,d4126,43.996277
q8168,9,d4982,43.944336
q8168,10,d8289,43.216331
q8169,1,d4665,128.303940
q8169,2,d8318,101.152451
q8169,3,d3598,68.006859
q8169,4,d3211,63.703537
q8169,5,d1925,61.078949
q8169,6,d7056,56.607044
q8169,7,d7209,48.632381
q8169,8,d1261,46.827168
q8169,9,d3932,45.720745
q8169,10,d1915,45.720745
q8170,1,d3864,75.958305
q8170,2,d3182,75.632629
q8170,3,d3856,57.900600
q8170,4,d3796,42.982738
q8170,5,d4967,39.909824
q8170,6,d6656,36.092300
q8170,7,d6746,32.983093
q8170,8,d4766,31.374655
q8170,9,d7209,24.896004
q8170,10,d8289,19.255629
q8171,1,d8171,83.775894
q8171,2,d1661,30.850111
q8171,3,d8710,28.091635
q8171,4,d8711,27.070717
q8171,5,d3984,26.763094
q8171,6,d3213,26.058460
q8171,7,d4896,25.799059
q8171,8,d1811,25.797045
q8171,9,d3034,25.763876
q8171,10,d1671,25.666941
q8172,1,d1392,67.834427
q8172,2,d4593,62.011253
q8172,3,d1881,56.905106
q8172,4,d463,55.233116
q8172,5,d8352,52.816467
q8172,6,d4983,51.390312
q8172,7,d4039,46.408852
q8172,8,d326,45.348873
q8172,9,d1559,43.781784
q8172,10,d1626,42.929604
q8173,1,d1671,41.203880
q8173,2,d2572,40.758659
q8173,3,d2410,40.623356
q8173,4,d4508,39.865574
q8173,5,d4839,38.109825
q8173,6,d1011,37.984032
q8173,7,d6929,37.963512
q8173,8,d4165,35.867847
q8173,9,d4588,35.341564
q8173,10,d6606,34.672516
q8174,1,d1101,24.931606
q8174,2,d5716,17.143499
q8174,3,d7121,17.005043
q8174,4,d3984,16.518007
q8174,5,d2939,15.771145
q8174,6,d4469,15.646571
q8174,7,d8701,15.022146
q8174,8,d3213,14.890549
q8174,9,d1239,14.798560
q8174,10,d3034,14.502317
q8175,1,d3034,45.691231
q8175,2,d3615,45.166374
q8175,3,d1704,40.967598
q8175,4,d3911,34.295479
q8175,5,d4853,31.457508
q8175,6,d132,30.222950
q8175,7,d7366,29.147112
q8175,8,d3184,29.096199
q8175,9,d1101,26.950045
q8175,10,d1746,24.881573
q8176,1,d2705,53.559856
q8176,2,d2937,51.535862
q8176,3,d1537,51.284187
q8176,4,d3350,46.916389
q8176,5,d4331,46.115017
q8176,6,d3297,45.603996
q8176,7,d4479,43.570683
q8176,8,d4419,43.538574
q8176,9,d1101,41.922798
q8176,10,d3848,41.685665
q8177,1,d4730,28.431618
q8177,2,d135,27.899855
q8177,3,d2489,25.727365
q8177,4,d7104,25.241442
q8177,5,d4824,23.838688
q8177,6,d1929,22.955204
q8177,7,d2937,21.987720
q8177,8,d5464,21.821497
q8177,9,d7989,21.527084
q8177,10,d3745,21.183575
q8178,1,d8064,46.066246
q8178,2,d1768,45.157764
q8178,3,d298,35.353779
q8178,4,d5656,25.185921
q8178,5,d5726,24.818722
q8178,6,d4473,22.829052
q8178,7,d4493,22.581665
q8178,8,d2701,21.326866
q8178,9,d2992,20.954315
q8178,10,d7883,20.891188
q8179,1,d8179,30.130423
q8179,2,d3316,27.720879
q8179,3,d2489,25.926779
q8179,4,d7557,25.450527
q8179,5,d3931,25.130417
q8179,6,d7209,24.509460
q8179,7,d7989,24.290766
q8179,8,d4331,23.962267
q8179,9,d4669,22.803896
q8179,10,d4230,22.726248
q8180,1,d2572,56.971432
q8180,2,d3297,55.043705
q8180,3,d703,42.046043
q8180,4,d4918,39.836151
q8180,5,d4627,32.148697
q8180,6,d2639,31.226803
q8180,7,d4119,30.604229
q8180,8,d6465,28.862463
q8180,9,d2501,27.319218
q8180,10,d1287,25.688015
q8181,1,d4665,125.520233
q8181,2,d3598,118.547783
q8181,3,d1925,117.946136
q8181,4,d3211,112.706223
q8181,5,d8318,106.598396
q8181,6,d1915,92.787888
q8181,7,d6965,90.807053
q8181,8,d5992,90.400452
q8181,9,d4327,86.647720
q8181,10,d5599,85.397415
q8182,1,d7209,25.610504
q8182,2,d189,20.726871
q8182,3,d1287,17.037895
q8182,4,d1929,16.801224
q8182,5,d5124,16.364113
q8182,6,d2939,15.464059
q8182,7,d4469,15.332588
q8182,8,d4896,15.052693
q8182,9,d1173,14.236531
q8182,10,d1239,14.180660
q8183,1,d8526,31.394562
q8183,2,d3316,29.982534
q8183,3,d4408,29.606426
q8183,4,d7230,27.430151
q8183,5,d956,27.004002
q8183,6,d846,25.767853
q8183,7,d3345,25.698259
q8183,8,d1929,24.896397
q8183,9,d3831,23.345282
q8183,10,d3745,22.352308
q8184,1,d1537,39.736740
q8184,2,d4331,35.251869
q8184,3,d3734,34.067986
q8184,4,d4507,34.067986
q8184,5,d1630,34.065945
q8184,6,d3350,29.675528
q8184,7,d7209,25.223963
q8184,8,d1627,24.644436
q8184,9,d2937,24.363941
q8184,10,d4479,24.205936
q8185,1,d3639,67.092468
q8185,2,d2784,56.870075
q8185,3,d7229,56.264950
q8185,4,d7291,55.448280
q8185,5,d5865,55.231819
q8185,6,d3144,54.913071
q8185,7,d152,53.663822
q8185,8,d6636,52.271198
q8185,9,d1627,51.525665
q8185,10,d439,51.264027
q8186,1,d7209,24.122919
q8186,2,d1816,19.432144
q8186,3,d2572,17.977539
q8186,4,d4918,16.996176
q8186,5,d4086,16.334681
q8186,6,d4627,15.398542
q8186,7,d3387,15.122987
q8186,8,d4543,14.994210
q8186,9,d3768,14.848850
q8186,10,d4403,14.776501
q8187,1,d1287,70.556557
q8187,2,d7989,56.772488
q8187,3,d1101,54.379139
q8187,4,d2540,52.468918
q8187,5,d2762,51.189579
q8187,6,d895,47.556423
q8187,7,d7971,45.715755
q8187,8,d8183,45.708595
q8187,9,d3584,45.269459
q8187,10,d4463,45.235458
q8188,1,d4779,192.991272
q8188,2,d1888,180.026779
q8188,3,d1955,176.631470
q8188,4,d5648,155.750397
q8188,5,d6255,143.632706
q8188,6,d4036,134.246887
q8188,7,d3896,131.731003
q8188,8,d6631,131.194199
q8188,9,d5870,129.692032
q8188,10,d6555,122.265236
q8189,1,d1287,49.094330
q8189,2,d1101,41.881466
q8189,3,d5053,36.788227
q8189,4,d7325,34.813026
q8189,5,d5236,33.608624
q8189,6,d6103,33.581558
q8189,7,d2061,31.316538
q8189,8,d7492,31.004000
q8189,9,d6304,30.016399
q8189,10,d6540,27.667234
q8190,1,d8529,68.735237
q8190,2,d1630,65.027039
q8190,3,d4331,64.075920
q8190,4,d1537,58.129036
q8190,5,d1029,56.484810
q8190,6,d7682,53.543701
q8190,7,d1859,51.520622
q8190,8,d4896,50.804974
q8190,9,d4507,49.093590
q8190,10,d3734,49.093590
q8191,1,d4482,44.357536
q8191,2,d4208,44.357536
q8191,3,d4402,31.625404
q8191,4,d194,28.593201
q8191,5,d2085,27.466717
q8191,6,d4360,26.508911
q8191,7,d3320,25.306635
q8191,8,d384,24.636992
q8191,9,d2740,23.192715
q8191,10,d6933,22.374220
q8192,1,d8527,52.624935
q8192,2,d1947,48.955742
q8192,3,d2500,48.577766
q8192,4,d4318,47.495178
q8192,5,d1677,45.176064
q8192,6,d7244,44.923923
q8192,7,d6960,44.167992
q8192,8,d4395,43.146477
q8192,9,d7804,43.083241
q8192,10,d7192,42.374599
q8193,1,d7209,47.472752
q8193,2,d6734,30.921633
q8193,3,d1101,24.400759
q8193,4,d138,24.311829
q8193,5,d3604,21.523806
q8193,6,d3916,20.137911
q8193,7,d7471,19.801632
q8193,8,d3316,17.414879
q8193,9,d1029,17.239040
q8193,10,d4485,16.130266
q8194,1,d3158,202.206039
q8194,2,d5752,136.922775
q8194,3,d6500,129.203369
q8194,4,d8419,121.163116
q8194,5,d3244,102.697433
q8194,6,d4327,97.460762
q8194,7,d2538,85.491821
q8194,8,d3866,62.303234
q8194,9,d1101,61.018120
q8194,10,d1357,53.688393
q8195,1,d2937,69.013580
q8195,2,d1626,64.774063
q8195,3,d4331,59.890209
q8195,4,d3350,59.067307
q8195,5,d7133,55.676849
q8195,6,d1537,51.284184
q8195,7,d1101,48.842308
q8195,8,d2705,46.964802
q8195,9,d5087,46.650887
q8195,10,d7989,44.706642
q8196,1,d1101,64.304527
q8196,2,d3522,60.400856
q8196,3,d1748,55.498302
q8196,4,d8196,54.057987
q8196,5,d1949,52.096886
q8196,6,d7258,51.421577
q8196,7,d6490,48.911854
q8196,8,d8727,48.680988
q8196,9,d1892,48.016945
q8196,10,d1724,47.918743
q8197,1,d7811,83.896645
q8197,2,d7209,36.764194
q8197,3,d189,19.682983
q8197,4,d7741,16.005835
q8197,5,d7456,15.945105
q8197,6,d4579,15.222120
q8197,7,d7814,15.157897
q8197,8,d6082,14.926313
q8197,9,d4824,14.896539
q8197,10,d1697,14.795490
q8198,1,d3412,51.570438
q8198,2,d2774,44.382164
q8198,3,d6778,44.228085
q8198,4,d8567,44.101063
q8198,5,d1501,42.515656
q8198,6,d4769,41.194744
q8198,7,d5585,37.700127
q8198,8,d4709,32.549965
q8198,9,d6960,32.326851
q8198,10,d6542,29.831831
q8199,1,d3593,40.545200
q8199,2,d2961,40.389359
q8199,3,d7939,39.914993
q8199,4,d5298,38.092766
q8199,5,d713,37.619534
q8199,6,d2007,37.593266
q8199,7,d7755,37.532318
q8199,8,d4254,37.123695
q8199,9,d4124,36.504795
q8199,10,d2804,36.383659
q8200,1,d5379,34.902245
q8200,2,d8529,34.648689
q8200,3,d2346,33.334473
q8200,4,d1409,32.755550
q8200,5,d1296,30.432602
q8200,6,d8182,25.585691
q8200,7,d5451,25.128416
q8200,8,d7209,24.896002
q8200,9,d6850,24.751865
q8200,10,d6752,24.693485
q8201,1,d7209,23.736378
q8201,2,d3186,21.654669
q8201,3,d3983,18.431334
q8201,4,d4613,18.210022
q8201,5,d3783,17.711292
q8201,6,d2897,17.533199
q8201,7,d3370,17.067152
q8201,8,d189,16.362242
q8201,9,d6825,16.002665
q8201,10,d4360,15.778679
q8202,1,d1739,51.344349
q8202,2,d3430,47.456100
q8202,3,d3999,45.810356
q8202,4,d4855,32.249287
q8202,5,d3167,28.597897
q8202,6,d401,27.818233
q8202,7,d4384,26.900160
q8202,8,d4223,26.634327
q8202,9,d3207,26.588287
q8202,10,d484,26.313236
q8203,1,d7209,24.837421
q8203,2,d3999,18.860987
q8203,3,d6876,18.826620
q8203,4,d993,14.178729
q8203,5,d4420,13.668509
q8203,6,d1777,13.562138
q8203,7,d189,13.300728
q8203,8,d4791,12.801836
q8203,9,d1697,12.541358
q8203,10,d7410,11.884863
q8204,1,d7209,47.472752
q8204,2,d469,25.561203
q8204,3,d2913,23.224033
q8204,4,d1929,23.145487
q8204,5,d419,22.459127
q8204,6,d135,22.445213
q8204,7,d5765,21.712046
q8204,8,d3789,21.365757
q8204,9,d4576,21.139370
q8204,10,d1101,20.410936
q8205,1,d4331,22.970676
q8205,2,d3316,18.645561
q8205,3,d1029,16.576550
q8205,4,d1101,15.765944
q8205,5,d3104,15.650582
q8205,6,d2706,14.741518
q8205,7,d846,13.702766
q8205,8,d1070,13.666521
q8205,9,d4966,13.393327
q8205,10,d5435,12.660058
q8206,1,d4952,25.739574
q8206,2,d1130,23.309004
q8206,3,d3606,22.756796
q8206,4,d1767,22.520046
q8206,5,d54,22.501217
q8206,6,d4357,21.834829
q8206,7,d4040,21.791201
q8206,8,d4250,21.419989
q8206,9,d265,21.368870
q8206,10,d3447,21.354761
q8207,1,d2177,59.758957
q8207,2,d6443,39.449398
q8207,3,d7841,37.248856
q8207,4,d7209,36.764194
q8207,5,d2299,36.558880
q8207,6,d5487,35.891750
q8207,7,d4346,31.190140
q8207,8,d3800,29.117304
q8207,9,d3455,29.058666
q8207,10,d1287,29.007956
q8208,1,d250,41.554512
q8208,2,d3652,29.989468
q8208,3,d1646,28.230921
q8208,4,d183,27.171101
q8208,5,d4691,26.569637
q8208,6,d4767,26.541121
q8208,7,d2727,26.496899
q8208,8,d3448,26.028704
q8208,9,d484,25.202259
q8208,10,d3973,24.933046
q8209,1,d1101,57.735809
q8209,2,d1287,45.832172
q8209,3,d7989,41.270584
q8209,4,d5124,38.182930
q8209,5,d3316,37.825409
q8209,6,d135,35.639549
q8209,7,d6384,34.030533
q8209,8,d6687,31.398592
q8209,9,d1626,30.888817
q8209,10,d2104,30.805756
q8210,1,d1287,51.511471
q8210,2,d1101,48.032791
q8210,3,d6384,47.674870
q8210,4,d2949,46.105118
q8210,5,d5124,43.637634
q8210,6,d4659,40.176815
q8210,7,d194,37.415264
q8210,8,d5053,37.410526
q8210,9,d6304,36.333748
q8210,10,d447,36.080151
q8211,1,d4486,78.404053
q8211,2,d1287,56.078651
q8211,3,d1101,48.640297
q8211,4,d1964,41.759979
q8211,5,d1435,40.865570
q8211,6,d1915,39.597443
q8211,7,d7738,39.503750
q8211,8,d4643,38.003693
q8211,9,d7969,37.442719
q8211,10,d365,37.303932
q8212,1,d7209,47.472752
q8212,2,d3898,27.211746
q8212,3,d4954,20.108353
q8212,4,d2262,20.003233
q8212,5,d3694,19.793854
q8212,6,d4444,19.445549
q8212,7,d4424,17.327179
q8212,8,d4271,17.010246
q8212,9,d1717,16.710442
q8212,10,d2908,16.522228
q8213,1,d4240,40.704758
q8213,2,d2688,40.327858
q8213,3,d3169,40.061447
q8213,4,d4537,39.712307
q8213,5,d2555,39.679512
q8213,6,d7716,39.540775
q8213,7,d4448,39.326836
q8213,8,d3559,39.326649
q8213,9,d1977,38.964909
q8213,10,d2840,38.858959
q8214,1,d6668,29.943863
q8214,2,d6814,29.823160
q8214,3,d1713,25.468449
q8214,4,d1101,20.318563
q8214,5,d3316,18.738577
q8214,6,d2099,18.634323
q8214,7,d1615,18.300585
q8214,8,d4613,17.372553
q8214,9,d2700,17.178862
q8214,10,d3378,17.103834
q8215,1,d2572,19.796858
q8215,2,d4918,19.714716
q8215,3,d152,17.474543
q8215,4,d4627,16.701874
q8215,5,d2501,16.267702
q8215,6,d2413,14.314818
q8215,7,d4086,14.045183
q8215,8,d6465,13.574071
q8215,9,d2639,13.382915
q8215,10,d306,13.163998
q8216,1,d250,42.442806
q8216,2,d183,37.652157
q8216,3,d484,34.963665
q8216,4,d1861,34.466202
q8216,5,d1967,33.100330
q8216,6,d1646,30.702475
q8216,7,d4767,28.142557
q8216,8,d7042,27.974463
q8216,9,d2641,27.572075
q8216,10,d1041,26.777025
q8217,1,d7209,54.566475
q8217,2,d8701,40.637333
q8217,3,d3983,37.520630
q8217,4,d4360,31.557358
q8217,5,d6314,30.198109
q8217,6,d3297,29.385798
q8217,7,d5660,29.047621
q8217,8,d6965,28.924589
q8217,9,d7716,27.651459
q8217,10,d6977,27.497824
q8218,1,d4505,26.890877
q8218,2,d2551,23.340719
q8218,3,d3892,18.992926
q8218,4,d4794,17.614477
q8218,5,d3613,17.435965
q8218,6,d2731,16.929880
q8218,7,d1318,16.713964
q8218,8,d189,15.633259
q8218,9,d6292,15.629809
q8218,10,d4702,15.465050
q8219,1,d4622,37.224194
q8219,2,d1287,36.864647
q8219,3,d7209,36.764194
q8219,4,d2205,33.548904
q8219,5,d4980,31.514429
q8219,6,d5965,29.798119
q8219,7,d7155,29.627356
q8219,8,d1135,27.472080
q8219,9,d6248,27.231331
q8219,10,d1101,27.207155
q8220,1,d7209,48.245838
q8220,2,d5460,44.605873
q8220,3,d3144,35.894073
q8220,4,d5602,34.045197
q8220,5,d4824,33.798466
q8220,6,d3016,33.685970
q8220,7,d953,30.488190
q8220,8,d4546,30.278872
q8220,9,d8456,28.673870
q8220,10,d7748,28.049915
q8221,1,d3889,46.676899
q8221,2,d2681,37.872841
q8221,3,d1653,37.733654
q8221,4,d4135,35.962070
q8221,5,d4551,35.540516
q8221,6,d4837,34.772675
q8221,7,d4714,32.599091
q8221,8,d4422,30.573837
q8221,9,d8221,29.027409
q8221,10,d2884,28.843019
q8222,1,d7209,29.670471
q8222,2,d2844,29.508230
q8222,3,d361,28.688419
q8222,4,d3172,28.647635
q8222,5,d4558,26.782125
q8222,6,d1145,24.833185
q8222,7,d545,21.701313
q8222,8,d1082,20.759253
q8222,9,d3421,19.800026
q8222,10,d8222,18.048252
q8223,1,d6063,49.925137
q8223,2,d2169,49.490990
q8223,3,d1101,48.079063
q8223,4,d799,43.853497
q8223,5,d5236,43.412216
q8223,6,d5053,43.237461
q8223,7,d4576,42.260185
q8223,8,d4339,42.112957
q8223,9,d1936,42.099152
q8223,10,d3331,41.536495
q8224,1,d4779,97.639328
q8224,2,d6255,90.670593
q8224,3,d1888,87.620522
q8224,4,d5648,74.659515
q8224,5,d1955,69.729271
q8224,6,d4579,68.965538
q8224,7,d5228,67.633835
q8224,8,d7875,65.291924
q8224,9,d2937,62.136032
q8224,10,d6944,60.694977
q8225,1,d3378,70.893097
q8225,2,d5087,66.644127
q8225,3,d7133,64.180679
q8225,4,d1287,61.566017
q8225,5,d4963,55.346321
q8225,6,d220,55.035568
q8225,7,d3473,53.403053
q8225,8,d5597,52.239189
q8225,9,d4661,51.627655
q8225,10,d1219,50.065151
q8226,1,d4877,27.720356
q8226,2,d4281,27.040358
q8226,3,d4297,26.945009
q8226,4,d6039,26.814953
q8226,5,d1101,26.471319
q8226,6,d8479,26.051809
q8226,7,d3954,24.224190
q8226,8,d3924,23.624840
q8226,9,d2650,23.192715
q8226,10,d1831,22.804775
q8227,1,d8227,119.260384
q8227,2,d5947,61.458740
q8227,3,d6905,59.713814
q8227,4,d1101,38.229355
q8227,5,d2370,27.623871
q8227,6,d47,20.565104
q8227,7,d7410,20.548338
q8227,8,d2429,16.767218
q8227,9,d1704,16.003233
q8227,10,d175,15.949685
q8228,1,d1287,67.379189
q8228,2,d6384,63.466862
q8228,3,d2762,51.042904
q8228,4,d4463,49.021210
q8228,5,d3258,46.976501
q8228,6,d7492,44.420036
q8228,7,d6304,43.005077
q8228,8,d5906,41.940823
q8228,9,d5053,40.788548
q8228,10,d7325,40.615196
q8229,1,d4617,15.425695
q8229,2,d1101,14.471159
q8229,3,d400,13.005136
q8229,4,d7410,12.183525
q8229,5,d47,12.050673
q8229,6,d3984,11.469896
q8229,7,d469,11.391371
q8229,8,d3213,11.167912
q8229,9,d961,10.781729
q8229,10,d2939,10.616458
q8230,1,d7209,35.604565
q8230,2,d3378,32.198929
q8230,3,d3510,29.459446
q8230,4,d3889,28.267317
q8230,5,d7811,27.965548
q8230,6,d6292,26.801535
q8230,7,d6576,24.845406
q8230,8,d3270,24.160244
q8230,9,d4994,23.039747
q8230,10,d2732,21.491930
q8231,1,d7209,35.991108
q8231,2,d4993,28.135757
q8231,3,d3191,27.369564
q8231,4,d2654,27.182625
q8231,5,d5184,26.918364
q8231,6,d2950,24.390955
q8231,7,d7636,21.976707
q8231,8,d7900,20.215757
q8231,9,d3632,20.186834
q8231,10,d1357,19.726641
q8232,1,d133,48.525234
q8232,2,d3473,42.904610
q8232,3,d314,42.430256
q8232,4,d4676,41.714989
q8232,5,d610,41.335709
q8232,6,d4963,41.177181
q8232,7,d6757,41.146877
q8232,8,d3115,41.134342
q8232,9,d1131,40.331516
q8232,10,d437,37.397182
q8233,1,d4576,31.762070
q8233,2,d3605,30.326725
q8233,3,d2913,30.045708
q8233,4,d3297,29.929771
q8233,5,d6587,28.301748
q8233,6,d1929,27.968643
q8233,7,d419,26.950953
q8233,8,d2695,26.451826
q8233,9,d5765,26.054455
q8233,10,d3789,25.638908
q8234,1,d1101,33.318687
q8234,2,d7209,24.896002
q8234,3,d8529,23.099125
q8234,4,d4331,21.219641
q8234,5,d5957,20.645130
q8234,6,d2469,19.736679
q8234,7,d3104,19.563229
q8234,8,d4951,18.580545
q8234,9,d2706,18.426897
q8234,10,d685,17.904413
q8235,1,d4779,80.360901
q8235,2,d1888,73.979584
q8235,3,d5648,70.739731
q8235,4,d2937,50.543530
q8235,5,d4409,47.641788
q8235,6,d4027,43.311119
q8235,7,d7875,37.665676
q8235,8,d4942,31.894468
q8235,9,d1029,24.684351
q8235,10,d2456,23.931725
q8236,1,d4360,52.595596
q8236,2,d3983,52.511414
q8236,3,d6965,48.207653
q8236,4,d1982,46.831612
q8236,5,d3476,46.753395
q8236,6,d4689,45.835533
q8236,7,d165,45.191605
q8236,8,d7716,44.944016
q8236,9,d2913,43.980129
q8236,10,d6524,43.957611
q8237,1,d5053,36.788227
q8237,2,d7325,34.813026
q8237,3,d6103,33.581558
q8237,4,d5236,32.462582
q8237,5,d2061,31.316538
q8237,6,d1748,28.158699
q8237,7,d6540,27.667234
q8237,8,d6397,26.174442
q8237,9,d6235,25.682051
q8237,10,d6935,25.030724
q8238,1,d7531,33.356392
q8238,2,d7209,29.670471
q8238,3,d388,26.833008
q8238,4,d4022,25.768505
q8238,5,d4968,25.655643
q8238,6,d1769,25.160923
q8238,7,d4746,24.322554
q8238,8,d1100,24.015297
q8238,9,d7736,23.592070
q8238,10,d1838,22.444122
q8239,1,d1615,82.214043
q8239,2,d7983,79.229248
q8239,3,d3744,63.042469
q8239,4,d4981,57.509914
q8239,5,d4174,55.887489
q8239,6,d250,54.958183
q8239,7,d4932,51.099388
q8239,8,d7209,47.472752
q8239,9,d1121,45.882435
q8239,10,d2467,43.665161
q8240,1,d3983,26.058773
q8240,2,d7209,24.122919
q8240,3,d4360,21.038239
q8240,4,d1921,19.325253
q8240,5,d6965,19.283060
q8240,6,d7716,19.005182
q8240,7,d3457,18.186741
q8240,8,d7243,17.992706
q8240,9,d6524,17.583046
q8240,10,d5207,17.528214
q8241,1,d2728,37.751312
q8241,2,d152,31.059122
q8241,3,d460,29.848930
q8241,4,d4918,29.775434
q8241,5,d2572,29.171055
q8241,6,d8414,25.544125
q8241,7,d4165,24.548195
q8241,8,d4627,24.425285
q8241,9,d3100,23.866234
q8241,10,d4772,23.847786
q8242,1,d3473,49.246307
q8242,2,d3457,47.606396
q8242,3,d4963,46.615253
q8242,4,d6965,42.057392
q8242,5,d314,41.595589
q8242,6,d133,40.989075
q8242,7,d2572,39.871311
q8242,8,d5597,39.575672
q8242,9,d3115,38.174587
q8242,10,d3983,38.115639
q8243,1,d7209,23.736378
q8243,2,d4147,21.619373
q8243,3,d8169,20.181564
q8243,4,d7259,17.322235
q8243,5,d4120,15.977532
q8243,6,d5648,14.877426
q8243,7,d6234,13.792518
q8243,8,d7553,13.641555
q8243,9,d7117,12.884911
q8243,10,d3536,12.751307
q8244,1,d2489,93.157188
q8244,2,d155,84.744461
q8244,3,d7989,79.359070
q8244,4,d135,79.134048
q8244,5,d4230,78.051865
q8244,6,d1640,75.500206
q8244,7,d2963,73.092751
q8244,8,d4669,72.300278
q8244,9,d3745,71.423149
q8244,10,d3316,71.097839
q8245,1,d1101,63.426430
q8245,2,d2099,44.849030
q8245,3,d5236,37.046753
q8245,4,d5053,34.961613
q8245,5,d3316,34.872646
q8245,6,d7325,34.813026
q8245,7,d6103,33.581558
q8245,8,d3580,31.663286
q8245,9,d5965,31.596443
q8245,10,d2061,31.316538
q8246,1,d7743,82.079643
q8246,2,d503,71.382195
q8246,3,d5386,64.726425
q8246,4,d821,61.299332
q8246,5,d3835,60.672424
q8246,6,d6465,60.383911
q8246,7,d1737,58.493237
q8246,8,d7114,57.672043
q8246,9,d3807,57.460045
q8246,10,d1933,56.880146
q8247,1,d5053,74.821053
q8247,2,d7325,69.626045
q8247,3,d6103,67.163124
q8247,4,d5236,64.925156
q8247,5,d2061,62.633068
q8247,6,d6540,60.483418
q8247,7,d1677,53.308960
q8247,8,d6397,52.348888
q8247,9,d6235,51.364101
q8247,10,d3830,51.144833
q8248,1,d1101,44.268578
q8248,2,d5236,37.046749
q8248,3,d7989,36.118366
q8248,4,d5053,34.961613
q8248,5,d7325,34.813026
q8248,6,d4669,34.247696
q8248,7,d6103,33.581558
q8248,8,d3316,33.111427
q8248,9,d6935,31.897068
q8248,10,d2061,31.316538
q8249,1,d7209,26.384481
q8249,2,d1630,21.752171
q8249,3,d4331,21.584417
q8249,4,d1101,19.910864
q8249,5,d4171,19.267448
q8249,6,d1287,18.263428
q8249,7,d6384,18.036537
q8249,8,d2074,17.931595
q8249,9,d1537,17.451769
q8249,10,d669,17.119637
q8250,1,d7209,85.010040
q8250,2,d6304,66.832642
q8250,3,d7492,53.664146
q8250,4,d1287,47.885452
q8250,5,d2842,40.891960
q8250,6,d3790,39.753723
q8250,7,d1623,35.184425
q8250,8,d2702,34.589813
q8250,9,d3035,33.900547
q8250,10,d3555,33.505291
q8251,1,d7209,24.837423
q8251,2,d1630,21.804762
q8251,3,d446,17.420107
q8251,4,d3421,17.262403
q8251,5,d8529,17.027782
q8251,6,d1537,16.511251
q8251,7,d293,16.243763
q8251,8,d4331,16.214411
q8251,9,d5954,15.869699
q8251,10,d3734,15.323180
q8252,1,d3835,92.992958
q8252,2,d439,92.731926
q8252,3,d390,89.175323
q8252,4,d1841,85.929253
q8252,5,d6214,84.610252
q8252,6,d7436,84.321541
q8252,7,d5386,83.004051
q8252,8,d281,82.872177
q8252,9,d5990,82.830841
q8252,10,d1041,82.791893
q8253,1,d434,58.886227
q8253,2,d221,53.491543
q8253,3,d248,47.045601
q8253,4,d171,38.974907
q8253,5,d3296,37.482822
q8253,6,d7270,36.216644
q8253,7,d294,34.151588
q8253,8,d1706,33.165257
q8253,9,d4314,31.510201
q8253,10,d250,31.155323
q8254,1,d4331,30.177711
q8254,2,d1929,27.793344
q8254,3,d2489,26.019701
q8254,4,d3285,25.074823
q8254,5,d3658,23.736614
q8254,6,d135,22.514074
q8254,7,d1804,21.495272
q8254,8,d192,20.683470
q8254,9,d2786,19.843876
q8254,10,d3027,19.455610
q8255,1,d7209,47.472752
q8255,2,d4896,45.966625
q8255,3,d6316,25.794411
q8255,4,d7287,24.333496
q8255,5,d302,23.911497
q8255,6,d1955,20.461031
q8255,7,d703,20.348459
q8255,8,d142,20.047449
q8255,9,d1907,20.029530
q8255,10,d6965,19.846453
q8256,1,d4331,28.116806
q8256,2,d3745,18.379152
q8256,3,d3316,16.207247
q8256,4,d2939,15.771144
q8256,5,d7410,15.653171
q8256,6,d4469,15.646571
q8256,7,d1929,15.524614
q8256,8,d47,15.501689
q8256,9,d1101,15.320705
q8256,10,d4896,15.315801
q8257,1,d7720,72.860138
q8257,2,d6316,52.677975
q8257,3,d7287,51.312618
q8257,4,d5093,51.088451
q8257,5,d6493,50.884079
q8257,6,d1955,50.598003
q8257,7,d4615,46.878040
q8257,8,d4409,42.877815
q8257,9,d3487,40.131054
q8257,10,d445,39.559982
q8258,1,d2413,26.270161
q8258,2,d152,25.802210
q8258,3,d2410,24.523491
q8258,4,d6929,24.228846
q8258,5,d4508,23.975943
q8258,6,d2619,23.005924
q8258,7,d4896,20.655163
q8258,8,d6606,20.337442
q8258,9,d8060,19.811031
q8258,10,d7067,19.683403
q8259,1,d5228,44.309063
q8259,2,d3251,41.101616
q8259,3,d3750,38.925835
q8259,4,d6419,34.646351
q8259,5,d4093,28.445120
q8259,6,d4689,28.401474
q8259,7,d2795,25.329515
q8259,8,d206,22.585756
q8259,9,d3487,22.004204
q8259,10,d3983,21.327435
q8260,1,d7209,47.472752
q8260,2,d8260,29.312077
q8260,3,d6304,19.837233
q8260,4,d4622,18.612097
q8260,5,d2205,18.560715
q8260,6,d189,16.402502
q8260,7,d2325,15.798753
q8260,8,d4980,15.757214
q8260,9,d4791,11.589946
q8260,10,d1697,11.497541
q8261,1,d2715,35.840057
q8261,2,d7743,19.948698
q8261,3,d503,18.688345
q8261,4,d6293,17.780268
q8261,5,d3807,17.350235
q8261,6,d821,17.335335
q8261,7,d7114,16.097872
q8261,8,d2088,15.984350
q8261,9,d6429,15.375945
q8261,10,d4086,15.089506
q8262,1,d8529,57.747818
q8262,2,d3631,51.847904
q8262,3,d4018,47.429413
q8262,4,d4171,43.304398
q8262,5,d4866,37.807011
q8262,6,d1068,37.591206
q8262,7,d2926,37.030239
q8262,8,d1934,36.530685
q8262,9,d1643,34.218067
q8262,10,d3350,32.691452
q8263,1,d8549,58.490818
q8263,2,d8527,49.172401
q8263,3,d5471,48.277462
q8263,4,d2500,47.487991
q8263,5,d6862,45.263149
q8263,6,d6960,43.422050
q8263,7,d1794,43.353523
q8263,8,d804,39.770115
q8263,9,d3963,36.516094
q8263,10,d1784,36.367954
q8264,1,d4612,37.318947
q8264,2,d4091,32.634056
q8264,3,d1795,28.854744
q8264,4,d4946,27.313217
q8264,5,d7209,23.736378
q8264,6,d4827,23.006023
q8264,7,d307,20.700096
q8264,8,d1640,20.533579
q8264,9,d4384,20.295757
q8264,10,d7468,19.999952
q8265,1,d2154,69.173271
q8265,2,d1791,69.153893
q8265,3,d7534,56.479073
q8265,4,d7233,55.798428
q8265,5,d258,53.657932
q8265,6,d1287,53.168762
q8265,7,d1317,50.328331
q8265,8,d1006,49.968578
q8265,9,d8158,48.790791
q8265,10,d7505,48.272835
q8266,1,d3533,95.887451
q8266,2,d3064,75.467026
q8266,3,d4484,59.530598
q8266,4,d7702,53.603985
q8266,5,d3861,44.357536
q8266,6,d2676,41.312599
q8266,7,d1047,35.808392
q8266,8,d783,31.719715
q8266,9,d5251,31.537209
q8266,10,d2099,24.255402
q8267,1,d3942,166.490372
q8267,2,d4997,118.219597
q8267,3,d4639,117.246735
q8267,4,d3699,93.426514
q8267,5,d4351,57.469025
q8267,6,d4204,39.270153
q8267,7,d1287,29.596422
q8267,8,d2705,27.834694
q8267,9,d2937,27.153524
q8267,10,d4824,26.724527
q8268,1,d4331,38.323627
q8268,2,d7209,37.092155
q8268,3,d2913,27.577774
q8268,4,d8169,26.908752
q8268,5,d1101,25.241842
q8268,6,d1929,24.313961
q8268,7,d165,23.176033
q8268,8,d419,22.459127
q8268,9,d5765,21.712046
q8268,10,d3789,21.365757
q8269,1,d1615,60.548969
q8269,2,d3744,51.013611
q8269,3,d7983,47.743568
q8269,4,d2467,47.308495
q8269,5,d7209,36.568718
q8269,6,d1799,35.324318
q8269,7,d1084,35.127327
q8269,8,d1559,31.774775
q8269,9,d5635,30.514297
q8269,10,d7217,30.205109
q8270,1,d135,58.168301
q8270,2,d1537,57.188515
q8270,3,d8526,56.290295
q8270,4,d2937,54.597645
q8270,5,d3922,53.084187
q8270,6,d4331,52.955090
q8270,7,d5236,49.777676
q8270,8,d3734,49.242378
q8270,9,d4507,49.242378
q8270,10,d1101,49.118786
q8271,1,d4593,71.296890
q8271,2,d158,69.996979
q8271,3,d5181,64.746101
q8271,4,d692,64.340874
q8271,5,d4174,58.436134
q8271,6,d4930,54.954826
q8271,7,d249,54.257710
q8271,8,d7960,53.569519
q8271,9,d1902,51.254787
q8271,10,d1978,50.594276
q8272,1,d6606,58.145252
q8272,2,d1101,48.365734
q8272,3,d4896,46.899807
q8272,4,d2077,45.237995
q8272,5,d6281,44.902164
q8272,6,d8307,43.888794
q8272,7,d6465,43.800320
q8272,8,d5609,43.005859
q8272,9,d5933,41.701866
q8272,10,d2572,41.610077
q8273,1,d2154,91.551659
q8273,2,d1317,87.479706
q8273,3,d258,77.283409
q8273,4,d1452,73.690498
q8273,5,d7114,63.080925
q8273,6,d7809,61.765911
q8273,7,d1791,59.371922
q8273,8,d2215,58.938580
q8273,9,d7505,57.425781
q8273,10,d7233,55.837013
q8274,1,d1724,96.778061
q8274,2,d1101,68.429863
q8274,3,d7258,66.649986
q8274,4,d2322,65.916664
q8274,5,d1748,64.606873
q8274,6,d5053,61.320423
q8274,7,d6379,60.607780
q8274,8,d7325,58.021706
q8274,9,d1627,56.790569
q8274,10,d6540,56.613655
q8275,1,d7209,30.443556
q8275,2,d3316,18.645561
q8275,3,d4331,17.643394
q8275,4,d1101,15.765944
q8275,5,d3104,15.650582
q8275,6,d1029,14.777409
q8275,7,d2706,14.741518
q8275,8,d1070,13.666521
q8275,9,d4966,13.393327
q8275,10,d4613,12.838645
q8276,1,d3345,29.299608
q8276,2,d4964,27.393660
q8276,3,d2756,26.958378
q8276,4,d4517,26.426353
q8276,5,d4427,26.180117
q8276,6,d279,25.633408
q8276,7,d4712,25.349226
q8276,8,d4020,24.492887
q8276,9,d2973,24.052937
q8276,10,d795,23.790197
q8277,1,d4769,23.118500
q8277,2,d2841,20.443098
q8277,3,d7471,16.101364
q8277,4,d1101,15.022041
q8277,5,d188,13.824124
q8277,6,d3916,13.088320
q8277,7,d465,13.080109
q8277,8,d4779,12.947421
q8277,9,d138,12.592695
q8277,10,d2493,12.592695
q8278,1,d4485,20.849340
q8278,2,d3489,19.283562
q8278,3,d4265,17.898035
q8278,4,d2491,16.982870
q8278,5,d664,15.831456
q8278,6,d8724,15.568044
q8278,7,d650,14.851101
q8278,8,d2413,14.208765
q8278,9,d3916,14.099181
q8278,10,d4086,14.045183
q8279,1,d1639,26.426125
q8279,2,d2972,24.237818
q8279,3,d4036,23.084351
q8279,4,d367,23.082888
q8279,5,d4839,23.082888
q8279,6,d2488,21.599361
q8279,7,d3492,20.074829
q8279,8,d152,19.911016
q8279,9,d328,18.356251
q8279,10,d4139,17.118301
q8280,1,d4331,31.998825
q8280,2,d1929,29.103558
q8280,3,d2423,23.387157
q8280,4,d1101,23.372606
q8280,5,d4619,22.926666
q8280,6,d7133,22.688791
q8280,7,d4498,22.499502
q8280,8,d5435,22.202747
q8280,9,d846,21.485689
q8280,10,d4659,19.966749
q8281,1,d4112,43.779846
q8281,2,d1622,40.949135
q8281,3,d458,34.811214
q8281,4,d1949,32.906818
q8281,5,d2960,32.405594
q8281,6,d6192,30.637358
q8281,7,d1892,30.288515
q8281,8,d4802,29.981731
q8281,9,d3522,29.698948
q8281,10,d6490,29.483040
q8282,1,d3121,43.237869
q8282,2,d6316,42.208164
q8282,3,d7287,41.437702
q8282,4,d1955,39.336460
q8282,5,d4985,33.400448
q8282,6,d4409,31.016541
q8282,7,d2666,28.027954
q8282,8,d3136,27.186646
q8282,9,d679,25.835548
q8282,10,d1664,25.429451
q8283,1,d1029,32.079529
q8283,2,d1130,25.014469
q8283,3,d311,24.632565
q8283,4,d7209,24.509460
q8283,5,d3881,24.490644
q8283,6,d3316,23.532837
q8283,7,d1068,23.091965
q8283,8,d1626,22.637388
q8283,9,d8196,22.560684
q8283,10,d6287,22.114628
q8284,1,d8607,79.402634
q8284,2,d2710,72.014580
q8284,3,d3473,48.058315
q8284,4,d4963,43.519436
q8284,5,d314,39.926262
q8284,6,d133,39.686665
q8284,7,d5597,38.415665
q8284,8,d1755,30.088184
q8284,9,d7209,25.879887
q8284,10,d610,25.834818
q8285,1,d4659,23.716911
q8285,2,d1029,22.714426
q8285,3,d3316,21.325830
q8285,4,d1101,20.830029
q8285,5,d1630,20.247131
q8285,6,d8169,20.181564
q8285,7,d3378,18.964106
q8285,8,d4230,18.395098
q8285,9,d3910,18.392002
q8285,10,d189,17.982603
q8286,1,d5184,100.200539
q8286,2,d1673,99.316505
q8286,3,d5460,94.327591
q8286,4,d7536,93.343704
q8286,5,d2809,84.355789
q8286,6,d953,71.863754
q8286,7,d1671,60.737854
q8286,8,d3144,55.927288
q8286,9,d2823,55.679321
q8286,10,d4546,54.628632
q8287,1,d5087,117.505585
q8287,2,d4940,114.536942
q8287,3,d4963,109.911880
q8287,4,d6497,109.670822
q8287,5,d5834,105.621696
q8287,6,d3542,105.510429
q8287,7,d3473,105.429237
q8287,8,d5597,102.943283
q8287,9,d7133,97.720833
q8287,10,d5543,96.992645
q8288,1,d6384,78.619110
q8288,2,d1101,63.657421
q8288,3,d3258,63.211906
q8288,4,d7989,60.472275
q8288,5,d2540,57.674141
q8288,6,d4244,55.859207
q8288,7,d466,53.174706
q8288,8,d2762,52.170856
q8288,9,d4463,51.860001
q8288,10,d895,51.003162
q8289,1,d1615,57.254883
q8289,2,d1101,55.646675
q8289,3,d4932,54.832882
q8289,4,d5236,53.851055
q8289,5,d5053,52.442417
q8289,6,d7325,52.219536
q8289,7,d6103,50.372341
q8289,8,d1029,48.356495
q8289,9,d7983,48.189857
q8289,10,d2061,46.974804
q8290,1,d4981,73.637840
q8290,2,d3769,67.702675
q8290,3,d5854,66.267380
q8290,4,d3519,65.324379
q8290,5,d5520,61.457172
q8290,6,d7576,56.781643
q8290,7,d8089,56.103298
q8290,8,d6631,54.386406
q8290,9,d175,53.218330
q8290,10,d6783,53.188820
q8291,1,d1739,24.210501
q8291,2,d3430,22.960915
q8291,3,d3999,22.164650
q8291,4,d3064,21.792717
q8291,5,d401,18.545490
q8291,6,d4384,17.933439
q8291,7,d907,17.796759
q8291,8,d4223,17.756218
q8291,9,d484,17.542156
q8291,10,d3890,16.883741
q8292,1,d3432,46.891411
q8292,2,d3106,44.915958
q8292,3,d4373,34.703594
q8292,4,d8292,27.389595
q8292,5,d7209,23.736378
q8292,6,d1306,22.038858
q8292,7,d3864,17.637665
q8292,8,d4643,17.324492
q8292,9,d536,13.810523
q8292,10,d2700,13.800664
q8293,1,d1656,44.893925
q8293,2,d394,44.083801
q8293,3,d8083,41.908161
q8293,4,d4855,37.914051
q8293,5,d7639,35.278019
q8293,6,d2983,33.580063
q8293,7,d6654,32.105629
q8293,8,d4780,30.969210
q8293,9,d2638,29.310188
q8293,10,d4155,28.049374
q8294,1,d3983,34.527275
q8294,2,d6965,30.836519
q8294,3,d6587,27.542301
q8294,4,d6524,27.442383
q8294,5,d4360,26.297798
q8294,6,d1921,22.616964
q8294,7,d3457,22.093119
q8294,8,d3283,21.687534
q8294,9,d7716,21.615692
q8294,10,d3186,20.846737
q8295,1,d7209,24.509460
q8295,2,d3983,18.431334
q8295,3,d4360,15.778679
q8295,4,d6965,14.462296
q8295,5,d3457,14.280361
q8295,6,d1921,13.287239
q8295,7,d6524,13.187284
q8295,8,d7716,12.969415
q8295,9,d1982,12.802729
q8295,10,d3186,12.508041
q8296,1,d4837,52.118988
q8296,2,d2681,48.693657
q8296,3,d4551,45.694950
q8296,4,d1653,45.680973
q8296,5,d4135,43.573395
q8296,6,d3264,35.178452
q8296,7,d3530,34.805275
q8296,8,d4422,34.679131
q8296,9,d2884,33.554493
q8296,10,d3899,32.422539
q8297,1,d7209,29.670471
q8297,2,d7477,23.774372
q8297,3,d6977,20.750648
q8297,4,d8297,20.622572
q8297,5,d5034,18.711109
q8297,6,d6918,18.081284
q8297,7,d7093,16.614843
q8297,8,d8281,15.753355
q8297,9,d3639,14.967539
q8297,10,d8213,14.481934
q8298,1,d6039,53.629910
q8298,2,d8479,52.103619
q8298,3,d3378,51.373451
q8298,4,d4877,48.146744
q8298,5,d3924,47.249680
q8298,6,d2650,46.385426
q8298,7,d257,43.007568
q8298,8,d2681,42.210018
q8298,9,d3270,40.839996
q8298,10,d220,34.837513
q8299,1,d4132,57.183304
q8299,2,d4486,56.212372
q8299,3,d5922,50.941200
q8299,4,d6444,48.957863
q8299,5,d3060,48.396587
q8299,6,d2715,46.298241
q8299,7,d3934,45.234413
q8299,8,d7738,44.441719
q8299,9,d4643,44.354214
q8299,10,d365,36.514931
q8300,1,d1776,26.237173
q8300,2,d8252,23.898174
q8300,3,d4714,21.109085
q8300,4,d3998,20.037365
q8300,5,d1759,19.594904
q8300,6,d1185,19.462786
q8300,7,d1717,19.349962
q8300,8,d3261,18.770374
q8300,9,d4362,18.673000
q8300,10,d3369,18.569773
q8301,1,d4839,37.915138
q8301,2,d1639,35.053371
q8301,3,d7270,34.730785
q8301,4,d4508,34.394669
q8301,5,d6929,32.638298
q8301,6,d2086,31.251148
q8301,7,d3420,31.113749
q8301,8,d3373,30.702324
q8301,9,d2572,30.497112
q8301,10,d2410,30.234247
q8302,1,d4331,43.886528
q8302,2,d135,40.162743
q8302,3,d3316,33.181343
q8302,4,d5435,31.066038
q8302,5,d1929,28.775047
q8302,6,d2489,27.862125
q8302,7,d3922,27.274429
q8302,8,d4230,26.483585
q8302,9,d8526,26.154238
q8302,10,d7401,26.125664
q8303,1,d4918,30.182156
q8303,2,d2572,28.122597
q8303,3,d2639,26.765831
q8303,4,d152,26.350010
q8303,5,d4119,26.232197
q8303,6,d6465,25.099028
q8303,7,d2501,23.690296
q8303,8,d4627,23.170238
q8303,9,d306,21.514015
q8303,10,d961,20.371851
q8304,1,d2453,65.858177
q8304,2,d457,65.344284
q8304,3,d496,64.471260
q8304,4,d5656,54.812141
q8304,5,d7883,51.951187
q8304,6,d2701,46.413673
q8304,7,d3415,46.321747
q8304,8,d4333,45.722424
q8304,9,d2992,45.602890
q8304,10,d5726,45.602890
q8305,1,d3328,38.857811
q8305,2,d4784,30.211180
q8305,3,d8717,16.784187
q8305,4,d4717,15.243465
q8305,5,d417,14.345713
q8305,6,d6830,13.932295
q8305,7,d1771,13.029509
q8305,8,d2622,12.475647
q8305,9,d6133,12.441868
q8305,10,d2240,12.424248
q8306,1,d4043,58.834938
q8306,2,d7955,48.850601
q8306,3,d7156,48.487217
q8306,4,d1676,46.162529
q8306,5,d7258,45.228577
q8306,6,d8196,44.960564
q8306,7,d1664,41.984280
q8306,8,d543,41.768993
q8306,9,d8727,41.390736
q8306,10,d7202,41.076584
q8307,1,d2613,32.541180
q8307,2,d2624,32.541180
q8307,3,d8712,32.541180
q8307,4,d2602,31.934877
q8307,5,d2610,31.934877
q8307,6,d2573,31.350748
q8307,7,d2615,31.350748
q8307,8,d2589,28.723806
q8307,9,d8699,26.919302
q8307,10,d8227,26.859507
q8308,1,d7209,35.991108
q8308,2,d3711,29.648308
q8308,3,d8089,28.697016
q8308,4,d1118,28.430246
q8308,5,d969,28.230318
q8308,6,d4171,27.990736
q8308,7,d1477,27.408213
q8308,8,d1722,26.327206
q8308,9,d4840,26.200104
q8308,10,d201,26.041153
q8309,1,d7209,83.077324
q8309,2,d369,64.190384
q8309,3,d4303,35.832939
q8309,4,d5653,35.432758
q8309,5,d1949,35.108879
q8309,6,d2072,35.025845
q8309,7,d1892,34.392891
q8309,8,d7149,34.278130
q8309,9,d6026,33.961964
q8309,10,d3522,33.941654
q8310,1,d3297,19.164143
q8310,2,d4791,17.384918
q8310,3,d4086,16.488777
q8310,4,d1697,16.230635
q8310,5,d1657,15.493722
q8310,6,d1639,15.312842
q8310,7,d703,15.261345
q8310,8,d217,13.787948
q8310,9,d8606,13.734200
q8310,10,d8532,13.663523
q8311,1,d6316,42.378033
q8311,2,d7287,38.504032
q8311,3,d1955,37.774292
q8311,4,d1907,31.788746
q8311,5,d142,30.071173
q8311,6,d6965,29.769678
q8311,7,d5724,27.347248
q8311,8,d679,27.203594
q8311,9,d189,27.161364
q8311,10,d363,27.064634
q8312,1,d1101,26.114353
q8312,2,d865,25.605555
q8312,3,d1566,25.351870
q8312,4,d7209,23.736378
q8312,5,d7811,22.372438
q8312,6,d1070,21.810396
q8312,7,d8638,20.833931
q8312,8,d8319,20.270922
q8312,9,d7519,19.983086
q8312,10,d7460,19.787462
q8313,1,d3297,35.637100
q8313,2,d703,34.813515
q8313,3,d8024,24.835814
q8313,4,d1344,24.747601
q8313,5,d2972,24.237818
q8313,6,d3420,22.844145
q8313,7,d217,20.954950
q8313,8,d243,20.341881
q8313,9,d902,19.684111
q8313,10,d1993,18.923952
q8314,1,d372,60.614464
q8314,2,d7808,58.458118
q8314,3,d7209,47.472752
q8314,4,d6676,40.821392
q8314,5,d7492,36.819984
q8314,6,d5992,36.316772
q8314,7,d2093,33.522949
q8314,8,d7841,30.195150
q8314,9,d5391,28.182135
q8314,10,d7976,26.997250
q8315,1,d7209,35.604565
q8315,2,d4327,31.342257
q8315,3,d5054,27.081245
q8315,4,d3142,25.910038
q8315,5,d8083,25.273569
q8315,6,d7906,23.678640
q8315,7,d1368,22.687994
q8315,8,d1494,22.460115
q8315,9,d7969,22.452829
q8315,10,d1203,20.754711
q8316,1,d7209,38.193195
q8316,2,d6465,36.657028
q8316,3,d2703,29.307852
q8316,4,d4603,28.790699
q8316,5,d3313,27.809278
q8316,6,d1082,27.329678
q8316,7,d1145,24.833185
q8316,8,d2572,22.664637
q8316,9,d4918,22.026535
q8316,10,d545,21.701313
q8317,1,d2705,53.559856
q8317,2,d2937,51.535862
q8317,3,d1537,51.284187
q8317,4,d3350,46.916389
q8317,5,d4331,46.115017
q8317,6,d3297,45.603996
q8317,7,d4479,43.570683
q8317,8,d4419,43.538574
q8317,9,d1101,41.922798
q8317,10,d3848,41.685665
q8318,1,d4665,85.511780
q8318,2,d8318,70.185280
q8318,3,d7056,66.639328
q8318,4,d1101,66.297211
q8318,5,d6734,63.230740
q8318,6,d5053,58.269352
q8318,7,d7325,58.021706
q8318,8,d4574,56.433899
q8318,9,d6103,55.969269
q8318,10,d5236,54.486309
q8319,1,d4574,85.528915
q8319,2,d3933,60.457733
q8319,3,d1101,59.063808
q8319,4,d454,55.628822
q8319,5,d7162,55.005863
q8319,6,d4348,43.085861
q8319,7,d645,42.664780
q8319,8,d5957,40.485428
q8319,9,d4163,39.697384
q8319,10,d7521,39.064339
q8320,1,d1536,59.176182
q8320,2,d553,56.432728
q8320,3,d2864,48.249031
q8320,4,d3487,34.870155
q8320,5,d1101,34.268829
q8320,6,d1070,28.687775
q8320,7,d3167,28.597897
q8320,8,d47,27.763178
q8320,9,d7410,26.938694
q8320,10,d5648,26.344524
q8321,1,d6255,84.958534
q8321,2,d1955,78.620819
q8321,3,d4779,73.180695
q8321,4,d1888,66.630135
q8321,5,d5257,63.564835
q8321,6,d4395,61.026752
q8321,7,d5648,60.037338
q8321,8,d4579,59.376446
q8321,9,d3007,59.224777
q8321,10,d126,58.859039
q8322,1,d6713,112.321823
q8322,2,d905,88.060730
q8322,3,d1789,84.983070
q8322,4,d2261,64.318390
q8322,5,d7889,62.430107
q8322,6,d4983,61.371189
q8322,7,d5354,61.328754
q8322,8,d4954,60.640934
q8322,9,d6237,59.546680
q8322,10,d1101,59.305450
q8323,1,d1212,64.521530
q8323,2,d1657,61.651516
q8323,3,d198,60.534386
q8323,4,d8532,59.208603
q8323,5,d2686,56.516254
q8323,6,d394,55.885151
q8323,7,d217,55.383068
q8323,8,d6655,54.560688
q8323,9,d8310,53.828690
q8323,10,d8731,53.283890
q8324,1,d2154,81.292755
q8324,2,d6133,70.269737
q8324,3,d1435,69.972458
q8324,4,d7534,66.467216
q8324,5,d7233,65.601974
q8324,6,d5053,64.040245
q8324,7,d7325,58.021706
q8324,8,d5236,57.924435
q8324,9,d1101,56.186672
q8324,10,d6103,55.969269
q8325,1,d5236,102.452332
q8325,2,d2710,102.410797
q8325,3,d6540,99.592934
q8325,4,d6235,93.573662
q8325,5,d5053,93.230965
q8325,6,d7325,92.834724
q8325,7,d6103,89.550819
q8325,8,d5087,86.637367
q8325,9,d2061,83.510757
q8325,10,d7133,80.537773
q8326,1,d3357,42.291378
q8326,2,d2895,33.739407
q8326,3,d135,28.453634
q8326,4,d3316,25.152313
q8326,5,d2965,24.261299
q8326,6,d6415,21.657543
q8326,7,d3695,21.466534
q8326,8,d4730,18.819572
q8326,9,d4824,18.662806
q8326,10,d3176,18.539518
q8327,1,d3328,64.388733
q8327,2,d4784,53.469448
q8327,3,d7209,47.859295
q8327,4,d4130,38.094173
q8327,5,d3983,32.932201
q8327,6,d2151,29.971544
q8327,7,d4759,29.350300
q8327,8,d2483,25.495327
q8327,9,d481,25.185999
q8327,10,d4546,24.035849
q8328,1,d287,60.999435
q8328,2,d3898,59.819992
q8328,3,d4226,45.420376
q8328,4,d4331,39.162716
q8328,5,d4230,37.817387
q8328,6,d6486,33.981220
q8328,7,d2965,33.367378
q8328,8,d3316,32.455143
q8328,9,d7557,30.280252
q8328,10,d8184,30.229532
q8329,1,d4839,63.199879
q8329,2,d7209,61.543034
q8329,3,d7270,53.202606
q8329,4,d1639,50.912933
q8329,5,d6551,47.930450
q8329,6,d4991,46.233692
q8329,7,d271,45.869118
q8329,8,d2410,45.357182
q8329,9,d3373,44.573082
q8329,10,d422,41.975544
q8330,1,d4803,51.173706
q8330,2,d144,49.881233
q8330,3,d4484,37.241146
q8330,4,d3142,34.594051
q8330,5,d2784,31.648273
q8330,6,d3639,30.870399
q8330,7,d4349,29.969069
q8330,8,d3868,29.750900
q8330,9,d7209,29.670471
q8330,10,d4499,26.092611
q8331,1,d257,61.327179
q8331,2,d3270,56.839443
q8331,3,d3378,53.297043
q8331,4,d2681,52.762524
q8331,5,d4360,51.546543
q8331,6,d372,47.205391
q8331,7,d3983,46.358231
q8331,8,d3464,43.868568
q8331,9,d220,43.546894
q8331,10,d4527,42.786728
q8332,1,d3922,24.942322
q8332,2,d8526,23.681278
q8332,3,d1025,23.296791
q8332,4,d8115,23.143997
q8332,5,d6726,21.795839
q8332,6,d135,21.476101
q8332,7,d3552,21.129025
q8332,8,d171,13.892327
q8332,9,d7209,12.641273
q8332,10,d4791,11.589946
q8333,1,d4485,30.842756
q8333,2,d7471,26.441166
q8333,3,d3489,24.104452
q8333,4,d3916,22.974171
q8333,5,d4265,22.372543
q8333,6,d2491,21.228588
q8333,7,d4171,19.756643
q8333,8,d5787,18.687006
q8333,9,d5940,17.900684
q8333,10,d5699,17.602261
q8334,1,d8529,46.198254
q8334,2,d8334,36.933655
q8334,3,d7882,19.470201
q8334,4,d6167,19.453215
q8334,5,d415,18.819822
q8334,6,d5342,18.470135
q8334,7,d1225,18.311655
q8334,8,d2317,17.873974
q8334,9,d8526,17.688194
q8334,10,d3632,17.368412
q8335,1,d1929,28.312948
q8335,2,d4331,22.673100
q8335,3,d7133,21.130625
q8335,4,d2913,20.756096
q8335,5,d3261,19.723625
q8335,6,d3206,19.107193
q8335,7,d3655,18.722523
q8335,8,d3130,18.722523
q8335,9,d4669,18.407837
q8335,10,d4619,18.341333
q8336,1,d4679,38.849541
q8336,2,d7209,35.604565
q8336,3,d1853,23.075731
q8336,4,d7743,21.716766
q8336,5,d202,21.441420
q8336,6,d3549,19.846455
q8336,7,d3316,18.775728
q8336,8,d8412,17.484402
q8336,9,d2489,15.348426
q8336,10,d4230,14.914186
q8337,1,d8337,30.363121
q8337,2,d192,23.008493
q8337,3,d469,22.095453
q8337,4,d1929,21.537949
q8337,5,d5473,21.440609
q8337,6,d4130,19.047085
q8337,7,d2864,18.815235
q8337,8,d7254,18.806166
q8337,9,d5952,18.717516
q8337,10,d5691,17.920536
q8338,1,d1047,39.978046
q8338,2,d3796,36.842346
q8338,3,d3182,36.028801
q8338,4,d4967,34.208420
q8338,5,d2695,32.371361
q8338,6,d7258,30.384653
q8338,7,d4766,29.110563
q8338,8,d6026,28.593050
q8338,9,d2072,28.564871
q8338,10,d4303,28.538792
q8339,1,d8529,51.676476
q8339,2,d7209,36.319069
q8339,3,d1630,35.603065
q8339,4,d2949,35.318226
q8339,5,d1537,33.963024
q8339,6,d1225,31.995285
q8339,7,d2074,30.863396
q8339,8,d3734,30.497570
q8339,9,d4507,30.497570
q8339,10,d3093,28.886614
q8340,1,d3955,50.971428
q8340,2,d3839,44.031307
q8340,3,d4455,39.029697
q8340,4,d2960,24.977592
q8340,5,d6192,24.509886
q8340,6,d1622,23.692907
q8340,7,d2701,23.543617
q8340,8,d458,23.421640
q8340,9,d193,22.726402
q8340,10,d155,22.382532
q8341,1,d278,52.368603
q8341,2,d4908,45.463398
q8341,3,d3317,38.737705
q8341,4,d7209,32.762806
q8341,5,d315,30.930525
q8341,6,d2251,30.830748
q8341,7,d3803,30.770922
q8341,8,d4473,27.622362
q8341,9,d5142,27.613888
q8341,10,d311,27.287745
q8342,1,d3510,38.460911
q8342,2,d1749,27.210764
q8342,3,d6754,26.117668
q8342,4,d3777,24.539265
q8342,5,d1665,24.060129
q8342,6,d7804,22.753468
q8342,7,d4510,21.413984
q8342,8,d7300,20.471706
q8342,9,d1506,20.001595
q8342,10,d1834,19.746326
q8343,1,d3864,56.871235
q8343,2,d3856,48.685905
q8343,3,d4967,43.101658
q8343,4,d3796,42.982738
q8343,5,d3182,42.033600
q8343,6,d805,36.094563
q8343,7,d4766,31.374655
q8343,8,d7209,24.896004
q8343,9,d1964,18.973360
q8343,10,d3694,16.318382
q8344,1,d3839,69.197426
q8344,2,d4455,61.367916
q8344,3,d561,54.933670
q8344,4,d4837,53.799038
q8344,5,d4378,52.930908
q8344,6,d1527,52.092903
q8344,7,d8637,49.889263
q8344,8,d7246,49.722412
q8344,9,d2642,48.627037
q8344,10,d8390,45.355915
q8345,1,d3210,27.814545
q8345,2,d5219,24.749128
q8345,3,d4230,24.466578
q8345,4,d3394,22.373926
q8345,5,d8345,20.493391
q8345,6,d3745,20.357744
q8345,7,d4331,18.854324
q8345,8,d3548,18.620022
q8345,9,d3372,16.845806
q8345,10,d3238,16.797733
q8346,1,d8711,35.451458
q8346,2,d781,28.303255
q8346,3,d4659,27.950970
q8346,4,d3316,27.563168
q8346,5,d5266,27.083961
q8346,6,d1947,26.787619
q8346,7,d3352,26.426605
q8346,8,d3285,26.234690
q8346,9,d5842,26.037134
q8346,10,d1735,25.083820
q8347,1,d8532,45.545078
q8347,2,d8749,44.954140
q8347,3,d1212,44.002445
q8347,4,d2686,43.474041
q8347,5,d8731,43.053699
q8347,6,d6655,41.969761
q8347,7,d198,41.651192
q8347,8,d8644,40.877804
q8347,9,d1052,40.357319
q8347,10,d8310,40.037933
q8348,1,d338,53.015820
q8348,2,d6593,48.417622
q8348,3,d6386,41.769047
q8348,4,d5819,41.106148
q8348,5,d498,40.125698
q8348,6,d8108,38.613693
q8348,7,d5611,38.581467
q8348,8,d5054,38.534245
q8348,9,d6783,38.199318
q8348,10,d4327,37.784401
q8349,1,d1029,24.780294
q8349,2,d189,19.733341
q8349,3,d4331,19.525017
q8349,4,d8529,17.620903
q8349,5,d1101,17.326138
q8349,6,d1287,16.506872
q8349,7,d2913,16.111290
q8349,8,d7702,15.172413
q8349,9,d3316,15.163208
q8349,10,d599,13.737366
q8350,1,d7811,89.489754
q8350,2,d3864,60.731976
q8350,3,d3856,47.373219
q8350,4,d4967,44.776367
q8350,5,d3796,42.982738
q8350,6,d3182,42.033600
q8350,7,d4766,33.592655
q8350,8,d805,22.790075
q8350,9,d3803,22.126490
q8350,10,d6583,21.320999
q8351,1,d6555,31.213032
q8351,2,d7209,24.896002
q8351,3,d969,21.572985
q8351,4,d1477,21.210693
q8351,5,d3073,19.932039
q8351,6,d4171,19.734270
q8351,7,d3297,19.500835
q8351,8,d3093,19.152725
q8351,9,d4442,18.954306
q8351,10,d4838,18.529903
q8352,1,d4174,89.722145
q8352,2,d250,84.282082
q8352,3,d7983,55.559017
q8352,4,d1615,52.825863
q8352,5,d1910,49.062710
q8352,6,d2545,47.271366
q8352,7,d137,46.448982
q8352,8,d6690,46.075623
q8352,9,d3744,44.310093
q8352,10,d4981,42.459492
q8353,1,d2939,17.387012
q8353,2,d4469,17.245531
q8353,3,d1239,16.168222
q8353,4,d1671,16.135378
q8353,5,d7410,15.953197
q8353,6,d47,15.838778
q8353,7,d4896,15.315801
q8353,8,d3984,15.293196
q8353,9,d3213,14.890549
q8353,10,d1697,14.795490
q8354,1,d152,16.219076
q8354,2,d2154,14.992056
q8354,3,d6127,13.898783
q8354,4,d2444,13.790219
q8354,5,d7400,13.093502
q8354,6,d8724,13.006494
q8354,7,d2972,12.118909
q8354,8,d4896,11.856798
q8354,9,d4086,11.755684
q8354,10,d4791,11.589946
q8355,1,d3316,20.762058
q8355,2,d4659,20.536165
q8355,3,d3983,18.431334
q8355,4,d2700,17.871296
q8355,5,d3285,17.574636
q8355,6,d2539,16.338326
q8355,7,d2489,16.040405
q8355,8,d4360,15.778679
q8355,9,d4331,14.746885
q8355,10,d1906,14.525042
q8356,1,d7209,41.538658
q8356,2,d6179,27.907984
q8356,3,d4771,27.610596
q8356,4,d203,25.458742
q8356,5,d242,23.747614
q8356,6,d3561,20.026430
q8356,7,d2407,17.170397
q8356,8,d6615,16.705534
q8356,9,d5143,16.705534
q8356,10,d2464,16.631054
q8357,1,d1101,62.461052
q8357,2,d4522,54.237854
q8357,3,d2487,50.378941
q8357,4,d2937,46.921425
q8357,5,d3316,44.985973
q8357,6,d481,43.654472
q8357,7,d5870,43.518402
q8357,8,d2489,41.944389
q8357,9,d4230,41.261654
q8357,10,d7900,41.025295
q8358,1,d1101,106.012497
q8358,2,d865,59.296169
q8358,3,d1929,56.322571
q8358,4,d1337,53.094769
q8358,5,d8358,48.515816
q8358,6,d1044,47.000614
q8358,7,d2937,46.964821
q8358,8,d679,45.444366
q8358,9,d2104,44.704643
q8358,10,d4171,42.129875
q8359,1,d1929,60.725536
q8359,2,d3394,52.456345
q8359,3,d4331,49.566135
q8359,4,d1101,49.410076
q8359,5,d3316,48.989265
q8359,6,d2489,47.747723
q8359,7,d3409,46.878990
q8359,8,d4171,46.045853
q8359,9,d4357,45.888096
q8359,10,d467,43.927296
q8360,1,d6316,82.633972
q8360,2,d7287,70.852684
q8360,3,d1955,67.090492
q8360,4,d5053,64.837166
q8360,5,d3487,57.038128
q8360,6,d6540,52.936798
q8360,7,d6159,52.776978
q8360,8,d1101,52.245808
q8360,9,d142,50.118626
q8360,10,d1907,50.073818
q8361,1,d1287,90.080177
q8361,2,d3530,88.427399
q8361,3,d5236,51.361454
q8361,4,d3576,49.255787
q8361,5,d7492,48.141838
q8361,6,d5053,46.615482
q8361,7,d6304,46.608318
q8361,8,d7325,46.417366
q8361,9,d3316,46.285294
q8361,10,d1101,45.860779
q8362,1,d1101,91.951607
q8362,2,d865,62.300201
q8362,3,d243,49.381405
q8362,4,d1948,48.123035
q8362,5,d217,46.861565
q8362,6,d5053,46.615482
q8362,7,d7325,46.417366
q8362,8,d267,46.306160
q8362,9,d6103,44.775414
q8362,10,d2413,43.866894
q8363,1,d3378,52.885689
q8363,2,d3889,45.813499
q8363,3,d3270,41.103458
q8363,4,d4135,35.982040
q8363,5,d3694,33.695740
q8363,6,d332,33.223110
q8363,7,d6187,32.171658
q8363,8,d4908,31.639294
q8363,9,d6086,31.499819
q8363,10,d8280,30.409664
q8364,1,d1888,53.004425
q8364,2,d4779,49.442841
q8364,3,d7875,49.012596
q8364,4,d4027,45.219742
q8364,5,d5648,41.919529
q8364,6,d4942,41.007172
q8364,7,d1107,30.048355
q8364,8,d1959,25.642471
q8364,9,d3518,23.387537
q8364,10,d6255,22.244312
q8365,1,d3533,50.467083
q8365,2,d3064,39.200768
q8365,3,d4484,35.517513
q8365,4,d6668,31.734547
q8365,5,d6814,29.823160
q8365,6,d1713,25.468449
q8365,7,d6825,23.754536
q8365,8,d3694,23.269325
q8365,9,d1551,22.564632
q8365,10,d2895,22.455431
q8366,1,d3402,18.697636
q8366,2,d4314,18.656727
q8366,3,d7209,17.802284
q8366,4,d4715,16.609783
q8366,5,d4951,16.480497
q8366,6,d2963,15.936539
q8366,7,d4020,15.584633
q8366,8,d5460,15.292480
q8366,9,d426,15.168859
q8366,10,d2466,13.399481
q8367,1,d7804,19.738811
q8367,2,d6860,19.117552
q8367,3,d5593,18.939787
q8367,4,d2057,18.430994
q8367,5,d8061,18.252560
q8367,6,d7322,18.090805
q8367,7,d5383,17.955681
q8367,8,d1947,17.798643
q8367,9,d7922,17.516811
q8367,10,d8090,17.193312
q8368,1,d2913,18.579227
q8368,2,d419,17.967302
q8368,3,d1101,17.827154
q8368,4,d5765,17.369637
q8368,5,d4331,17.200745
q8368,6,d3789,17.092606
q8368,7,d1929,17.034416
q8368,8,d7702,16.806305
q8368,9,d4350,16.054947
q8368,10,d3476,15.441838
q8369,1,d192,20.863918
q8369,2,d469,19.144775
q8369,3,d5952,18.717516
q8369,4,d5691,17.920536
q8369,5,d3513,17.507959
q8369,6,d5473,17.282875
q8369,7,d5050,16.918352
q8369,8,d4494,16.855547
q8369,9,d2886,16.730011
q8369,10,d3902,16.730011
q8370,1,d6082,15.721586
q8370,2,d8733,12.979280
q8370,3,d846,12.854149
q8370,4,d4791,12.801836
q8370,5,d1697,12.541358
q8370,6,d7814,12.412923
q8370,7,d7729,12.410204
q8370,8,d7209,12.254731
q8370,9,d7741,12.241294
q8370,10,d911,12.080927
q8371,1,d2215,23.630051
q8371,2,d2279,22.102764
q8371,3,d3588,20.695492
q8371,4,d5648,18.149666
q8371,5,d7117,17.179880
q8371,6,d3426,17.037039
q8371,7,d3536,17.001741
q8371,8,d1029,16.983604
q8371,9,d7259,16.686096
q8371,10,d5307,16.542549
q8372,1,d3898,51.037533
q8372,2,d287,42.727009
q8372,3,d4226,35.326962
q8372,4,d5958,29.398321
q8372,5,d3310,26.031195
q8372,6,d4086,25.492672
q8372,7,d1671,24.418913
q8372,8,d1478,24.256729
q8372,9,d7067,23.525864
q8372,10,d2086,23.171402
q8373,1,d8724,23.252693
q8373,2,d7067,21.132738
q8373,3,d4086,20.913677
q8373,4,d8024,20.483450
q8373,5,d4403,19.899601
q8373,6,d1671,19.329615
q8373,7,d152,19.238489
q8373,8,d2413,19.103312
q8373,9,d2728,17.592274
q8373,10,d3192,17.592274
q8374,1,d4770,45.087383
q8374,2,d7209,36.377651
q8374,3,d401,34.236233
q8374,4,d1939,28.870113
q8374,5,d1707,25.075006
q8374,6,d155,24.585247
q8374,7,d1101,23.035973
q8374,8,d4384,22.416800
q8374,9,d4223,22.195272
q8374,10,d1787,22.076084
q8375,1,d4493,64.043564
q8375,2,d3499,59.399574
q8375,3,d8375,47.900566
q8375,4,d3310,47.509823
q8375,5,d503,47.098713
q8375,6,d2828,44.578243
q8375,7,d4730,44.021294
q8375,8,d8046,43.534874
q8375,9,d4473,43.134476
q8375,10,d3321,41.686916
q8376,1,d1789,60.635902
q8376,2,d3592,55.323166
q8376,3,d7979,54.361389
q8376,4,d1287,50.271980
q8376,5,d1101,43.223614
q8376,6,d5053,38.614845
q8376,7,d1929,36.552830
q8376,8,d5236,35.900707
q8376,9,d7325,34.813026
q8376,10,d6103,34.549740
q8377,1,d1287,56.774460
q8377,2,d1101,41.266853
q8377,3,d7492,35.175926
q8377,4,d5053,34.961613
q8377,5,d7325,34.813026
q8377,6,d5236,34.754665
q8377,7,d6304,34.055431
q8377,8,d6103,33.581558
q8377,9,d2061,31.316538
q8377,10,d6935,27.684082
q8378,1,d4566,76.427559
q8378,2,d173,74.688637
q8378,3,d3610,71.820686
q8378,4,d447,71.415833
q8378,5,d2169,71.137779
q8378,6,d3910,70.739471
q8378,7,d3201,70.105942
q8378,8,d4463,68.311714
q8378,9,d7989,67.755142
q8378,10,d3466,67.553207
q8379,1,d2154,144.222107
q8379,2,d7233,109.524406
q8379,3,d1435,106.320648
q8379,4,d930,91.375847
q8379,5,d6133,88.833183
q8379,6,d2215,79.114120
q8379,7,d6188,75.111038
q8379,8,d8488,74.014236
q8379,9,d8379,73.534172
q8379,10,d258,68.563560
q8380,1,d7114,96.717957
q8380,2,d1435,93.441147
q8380,3,d6188,84.985413
q8380,4,d7233,83.280060
q8380,5,d5012,80.959274
q8380,6,d6985,78.018394
q8380,7,d1989,77.691048
q8380,8,d6133,77.344238
q8380,9,d2215,76.682457
q8380,10,d8488,73.812241
q8381,1,d8526,47.866631
q8381,2,d4543,40.592422
q8381,3,d6465,39.220200
q8381,4,d1101,33.461216
q8381,5,d6726,32.234741
q8381,6,d5675,32.098064
q8381,7,d2413,30.792488
q8381,8,d217,29.346485
q8381,9,d7067,29.096531
q8381,10,d1025,27.956150
q8382,1,d5648,54.038601
q8382,2,d4779,53.262493
q8382,3,d6255,51.544010
q8382,4,d1888,51.270050
q8382,5,d1748,46.290749
q8382,6,d5257,46.228970
q8382,7,d4219,45.880325
q8382,8,d4395,45.440403
q8382,9,d5053,44.441780
q8382,10,d3007,43.072563
q8383,1,d2705,162.003342
q8383,2,d1537,131.567551
q8383,3,d3350,117.717743
q8383,4,d4479,116.188484
q8383,5,d4419,116.102829
q8383,6,d3848,111.161804
q8383,7,d4222,109.403885
q8383,8,d3290,108.670364
q8383,9,d4202,106.405518
q8383,10,d4507,104.732819
q8384,1,d4892,64.641830
q8384,2,d1711,63.323402
q8384,3,d8419,58.992901
q8384,4,d7727,57.357533
q8384,5,d543,56.659023
q8384,6,d7258,55.243832
q8384,7,d6540,55.067917
q8384,8,d6235,53.120705
q8384,9,d6808,52.935692
q8384,10,d7202,50.762344
q8385,1,d3111,61.475075
q8385,2,d1737,57.045719
q8385,3,d6944,53.970924
q8385,4,d609,53.937904
q8385,5,d2998,53.118099
q8385,6,d1646,52.055500
q8385,7,d8209,51.974728
q8385,8,d8121,51.974728
q8385,9,d7873,51.559242
q8385,10,d3295,51.506927
q8386,1,d664,46.851837
q8386,2,d217,46.442959
q8386,3,d4165,41.746906
q8386,4,d4839,40.463593
q8386,5,d3373,40.425514
q8386,6,d2728,40.018669
q8386,7,d5087,39.986473
q8386,8,d4654,38.374393
q8386,9,d3318,37.295765
q8386,10,d7133,37.259998
q8387,1,d3297,50.136883
q8387,2,d5053,46.615482
q8387,3,d7325,46.417366
q8387,4,d5236,46.339554
q8387,5,d703,45.784035
q8387,6,d1101,45.120113
q8387,7,d6103,44.775414
q8387,8,d6443,43.960907
q8387,9,d2061,41.755383
q8387,10,d1029,39.851719
q8388,1,d4593,71.296890
q8388,2,d158,69.996979
q8388,3,d5181,64.746101
q8388,4,d692,64.340874
q8388,5,d4174,58.436134
q8388,6,d4930,54.954826
q8388,7,d249,54.257710
q8388,8,d7960,53.569519
q8388,9,d1902,51.254787
q8388,10,d1978,50.594276
q8389,1,d1929,26.642181
q8389,2,d1101,19.713951
q8389,3,d3394,19.404778
q8389,4,d812,19.402931
q8389,5,d3285,18.191420
q8389,6,d4331,17.388607
q8389,7,d1029,17.206383
q8389,8,d3316,16.184193
q8389,9,d4171,15.594421
q8389,10,d8713,15.542367
q8390,1,d1782,97.103966
q8390,2,d4395,92.189766
q8390,3,d3799,91.453918
q8390,4,d1705,87.888878
q8390,5,d561,85.345863
q8390,6,d4318,84.306717
q8390,7,d1784,82.947716
q8390,8,d4378,81.253174
q8390,9,d7246,75.207237
q8390,10,d8637,74.833900
q8391,1,d2413,32.105309
q8391,2,d7067,29.773209
q8391,3,d8024,28.159151
q8391,4,d8724,26.991453
q8391,5,d4403,26.991453
q8391,6,d271,26.884821
q8391,7,d2728,26.157446
q8391,8,d3192,26.157446
q8391,9,d4826,25.855036
q8391,10,d8663,25.531961
q8392,1,d2863,81.808510
q8392,2,d7209,60.114025
q8392,3,d4779,58.997639
q8392,4,d5648,49.035778
q8392,5,d1481,44.553284
q8392,6,d1888,42.224625
q8392,7,d1287,34.436600
q8392,8,d2739,27.470558
q8392,9,d2456,26.252743
q8392,10,d2937,25.231024
q8393,1,d1929,16.102497
q8393,2,d7463,15.102835
q8393,3,d2913,13.934421
q8393,4,d6028,13.898952
q8393,5,d419,13.475477
q8393,6,d5468,13.047798
q8393,7,d5765,13.027227
q8393,8,d3789,12.819454
q8393,9,d7471,12.534245
q8393,10,d469,12.335886
q8394,1,d6968,79.872887
q8394,2,d4785,76.797539
q8394,3,d1778,53.540115
q8394,4,d3572,49.617119
q8394,5,d3155,48.737301
q8394,6,d1287,40.555180
q8394,7,d703,36.958923
q8394,8,d293,34.468910
q8394,9,d3854,31.497616
q8394,10,d7685,30.350069
q8395,1,d7530,28.681679
q8395,2,d2177,26.322834
q8395,3,d5792,26.209942
q8395,4,d1789,26.070482
q8395,5,d1101,24.859676
q8395,6,d2960,24.030014
q8395,7,d3177,24.013512
q8395,8,d1925,23.979420
q8395,9,d2261,23.514971
q8395,10,d3597,23.391136
q8396,1,d7209,35.991108
q8396,2,d2081,32.666939
q8396,3,d7155,30.500324
q8396,4,d3903,28.822271
q8396,5,d4803,28.697397
q8396,6,d4738,26.978018
q8396,7,d1931,24.289305
q8396,8,d2633,23.431890
q8396,9,d4794,22.255953
q8396,10,d2503,20.172478
q8397,1,d5061,107.340942
q8397,2,d3889,96.352905
q8397,3,d2205,89.494965
q8397,4,d643,85.524185
q8397,5,d1071,84.463043
q8397,6,d5142,83.204346
q8397,7,d7117,82.907928
q8397,8,d8658,80.777008
q8397,9,d462,80.029213
q8397,10,d4422,79.564232
q8398,1,d3080,78.803566
q8398,2,d7550,60.809578
q8398,3,d1624,60.219173
q8398,4,d8529,29.361526
q8398,5,d1225,26.567980
q8398,6,d7209,24.896002
q8398,7,d6620,22.301762
q8398,8,d7787,22.005245
q8398,9,d2939,19.002880
q8398,10,d4469,18.844490
q8399,1,d7209,42.146065
q8399,2,d4679,36.749493
q8399,3,d5995,35.990707
q8399,4,d6179,30.595995
q8399,5,d484,30.586336
q8399,6,d3996,26.485142
q8399,7,d5297,25.945637
q8399,8,d1164,24.858685
q8399,9,d2524,24.238457
q8399,10,d137,24.166426
q8400,1,d3100,28.116743
q8400,2,d4772,26.858938
q8400,3,d3516,26.297905
q8400,4,d2728,25.635403
q8400,5,d3778,22.889420
q8400,6,d4965,22.497309
q8400,7,d7538,21.774738
q8400,8,d7750,21.344105
q8400,9,d4013,20.188992
q8400,10,d7297,19.507725
q8401,1,d1029,14.864529
q8401,2,d1101,14.212767
q8401,3,d3316,13.347129
q8401,4,d4331,12.783436
q8401,5,d4791,11.589946
q8401,6,d1697,11.497541
q8401,7,d4828,10.536945
q8401,8,d189,9.835590
q8401,9,d2828,9.778772
q8401,10,d3378,9.618380
q8402,1,d8402,67.399223
q8402,2,d2578,37.460239
q8402,3,d192,32.388340
q8402,4,d5597,30.527428
q8402,5,d643,30.478926
q8402,6,d5610,30.055428
q8402,7,d4888,30.021408
q8402,8,d4896,29.982906
q8402,9,d47,29.664219
q8402,10,d2619,29.596809
q8403,1,d4331,41.677315
q8403,2,d3316,33.481041
q8403,3,d4230,33.280910
q8403,4,d3238,32.160736
q8403,5,d2489,28.016493
q8403,6,d3745,26.701565
q8403,7,d4574,25.548182
q8403,8,d1929,24.416082
q8403,9,d3285,23.245903
q8403,10,d4816,21.960625
q8404,1,d3889,86.895508
q8404,2,d3378,66.770699
q8404,3,d3815,57.947277
q8404,4,d1980,50.655613
q8404,5,d3500,43.138618
q8404,6,d4661,42.557739
q8404,7,d332,41.906528
q8404,8,d3202,34.739891
q8404,9,d7051,33.284340
q8404,10,d1845,30.120335
q8405,1,d3950,72.768776
q8405,2,d666,71.411263
q8405,3,d444,59.065609
q8405,4,d2674,46.025646
q8405,5,d4700,36.488510
q8405,6,d5044,33.145840
q8405,7,d1649,31.257072
q8405,8,d5489,29.964504
q8405,9,d4786,27.109186
q8405,10,d7209,25.282543
q8406,1,d7209,24.509462
q8406,2,d4040,21.662701
q8406,3,d4250,19.393978
q8406,4,d3682,17.801712
q8406,5,d1720,17.795469
q8406,6,d4156,17.696537
q8406,7,d4357,16.415844
q8406,8,d2489,16.373558
q8406,9,d1767,14.929388
q8406,10,d1130,14.850344
q8407,1,d3297,31.471102
q8407,2,d3542,30.122349
q8407,3,d6182,23.924374
q8407,4,d4885,18.286072
q8407,5,d3940,16.275986
q8407,6,d623,14.110381
q8407,7,d4952,13.064256
q8407,8,d3311,12.725075
q8407,9,d8546,12.564383
q8407,10,d7209,11.868189
q8408,1,d6668,35.932636
q8408,2,d6814,35.787792
q8408,3,d5561,34.606056
q8408,4,d1713,30.562138
q8408,5,d4137,28.281595
q8408,6,d4177,25.695091
q8408,7,d3249,24.203245
q8408,8,d1615,21.960701
q8408,9,d6205,18.845331
q8408,10,d2704,18.679855
q8409,1,d192,37.743465
q8409,2,d4250,34.519428
q8409,3,d3658,33.133575
q8409,4,d1804,31.646519
q8409,5,d4331,31.298960
q8409,6,d8409,28.915424
q8409,7,d135,28.644163
q8409,8,d3805,28.564960
q8409,9,d8067,25.849220
q8409,10,d1836,25.428078
q8410,1,d3121,84.332108
q8410,2,d1101,65.317009
q8410,3,d1907,62.510975
q8410,4,d5940,58.806835
q8410,5,d3316,54.939007
q8410,6,d5699,52.806782
q8410,7,d6159,49.789143
q8410,8,d817,48.375969
q8410,9,d1934,47.395199
q8410,10,d6390,46.462749
q8411,1,d5087,46.650887
q8411,2,d7133,45.915565
q8411,3,d1101,39.226334
q8411,4,d4963,36.377048
q8411,5,d3473,34.116512
q8411,6,d7069,34.101849
q8411,7,d5597,33.802727
q8411,8,d481,32.200520
q8411,9,d133,30.446918
q8411,10,d314,30.271683
q8412,1,d2154,66.747490
q8412,2,d258,59.439426
q8412,3,d1317,56.627663
q8412,4,d1452,53.653164
q8412,5,d5053,50.462742
q8412,6,d1101,49.017296
q8412,7,d2215,48.614422
q8412,8,d7809,46.932938
q8412,9,d7114,46.424698
q8412,10,d7325,46.417366
q8413,1,d7233,74.103027
q8413,2,d2154,71.114342
q8413,3,d2215,63.533474
q8413,4,d6356,46.688705
q8413,5,d7534,45.078388
q8413,6,d7134,42.985069
q8413,7,d5702,38.709476
q8413,8,d5236,37.922222
q8413,9,d1101,36.572563
q8413,10,d7743,36.545143
q8414,1,d2622,118.836884
q8414,2,d1318,87.047531
q8414,3,d2559,85.887718
q8414,4,d1101,80.567337
q8414,5,d1626,74.921730
q8414,6,d8145,73.496597
q8414,7,d4863,69.217484
q8414,8,d2897,68.165413
q8414,9,d5965,66.973618
q8414,10,d217,66.551842
q8415,1,d4824,53.648438
q8415,2,d3357,52.697319
q8415,3,d4730,51.718632
q8415,4,d135,46.344814
q8415,5,d7989,44.440105
q8415,6,d4861,43.947914
q8415,7,d1626,42.250244
q8415,8,d2950,41.307369
q8415,9,d4285,40.237526
q8415,10,d2965,40.182735
q8416,1,d4391,51.766182
q8416,2,d4472,46.264679
q8416,3,d1101,44.920120
q8416,4,d503,37.349281
q8416,5,d7114,30.582899
q8416,6,d7410,30.406612
q8416,7,d47,30.281118
q8416,8,d7743,29.073330
q8416,9,d4493,28.434214
q8416,10,d5870,28.425398
q8417,1,d4331,59.857941
q8417,2,d618,56.547558
q8417,3,d1101,56.355225
q8417,4,d2762,54.298431
q8417,5,d2705,43.545826
q8417,6,d5906,43.320927
q8417,7,d1627,43.065521
q8417,8,d2578,42.569355
q8417,9,d7482,39.246887
q8417,10,d6384,39.132511
q8418,1,d3983,34.416508
q8418,2,d4360,31.557358
q8418,3,d6965,28.924589
q8418,4,d6524,26.374569
q8418,5,d3457,25.999496
q8418,6,d7716,25.938831
q8418,7,d3186,25.016085
q8418,8,d6587,23.607687
q8418,9,d3464,23.438269
q8418,10,d2512,22.596247
q8419,1,d8419,59.714291
q8419,2,d6460,57.956463
q8419,3,d181,31.637819
q8419,4,d5599,31.206993
q8419,5,d7969,24.038206
q8419,6,d4892,23.506119
q8419,7,d7906,22.822250
q8419,8,d1915,22.443472
q8419,9,d1711,21.123505
q8419,10,d6429,20.864761
q8420,1,d4171,14.345457
q8420,2,d5957,13.122316
q8420,3,d6384,12.761024
q8420,4,d7813,12.736830
q8420,5,d6,12.501555
q8420,6,d1603,12.174205
q8420,7,d5368,12.058727
q8420,8,d7209,11.868189
q8420,9,d5634,11.850026
q8420,10,d4791,11.589946
q8421,1,d2828,24.596922
q8421,2,d2763,23.001570
q8421,3,d4383,22.634552
q8421,4,d2724,20.360422
q8421,5,d2795,20.253536
q8421,6,d4730,20.072325
q8421,7,d4573,19.792263
q8421,8,d4613,19.254951
q8421,9,d5103,17.451164
q8421,10,d4824,16.557911
q8422,1,d8422,41.908051
q8422,2,d8749,41.337921
q8422,3,d8731,39.202816
q8422,4,d703,30.522688
q8422,5,d8221,29.740177
q8422,6,d5134,29.549850
q8422,7,d8347,29.307852
q8422,8,d3297,28.287121
q8422,9,d7414,28.199167
q8422,10,d7077,27.696152
q8423,1,d153,63.247341
q8423,2,d2943,59.741756
q8423,3,d1676,58.495770
q8423,4,d1481,57.115223
q8423,5,d2781,56.699760
q8423,6,d2538,55.763809
q8423,7,d8727,54.328602
q8423,8,d4874,52.308556
q8423,9,d2928,52.147820
q8423,10,d4497,50.283897
q8424,1,d8424,50.880905
q8424,2,d8618,35.568050
q8424,3,d3922,24.942322
q8424,4,d8526,23.681278
q8424,5,d1025,23.296791
q8424,6,d8115,23.143997
q8424,7,d6726,22.877018
q8424,8,d3552,21.129025
q8424,9,d135,17.770891
q8424,10,d2728,16.428543
q8425,1,d8425,60.378563
q8425,2,d8748,45.591606
q8425,3,d8532,38.088936
q8425,4,d5041,30.293745
q8425,5,d8749,24.639660
q8425,6,d8731,23.553579
q8425,7,d1212,22.001221
q8425,8,d2686,21.737019
q8425,9,d6655,20.984882
q8425,10,d198,20.825596
q8426,1,d469,23.948280
q8426,2,d192,23.636097
q8426,3,d3658,20.367846
q8426,4,d1929,18.756437
q8426,5,d2913,18.579227
q8426,6,d4250,18.168869
q8426,7,d419,17.967302
q8426,8,d5473,17.726952
q8426,9,d5765,17.369637
q8426,10,d3789,17.092606
q8427,1,d4508,85.202026
q8427,2,d6929,81.252243
q8427,3,d2410,79.810486
q8427,4,d4826,79.006935
q8427,5,d1478,77.542313
q8427,6,d2799,76.633324
q8427,7,d7067,76.356499
q8427,8,d8024,76.283058
q8427,9,d3754,75.685333
q8427,10,d8606,75.316628
q8428,1,d1101,56.835400
q8428,2,d865,39.611774
q8428,3,d6575,30.891649
q8428,4,d1337,29.186886
q8428,5,d1070,29.042362
q8428,6,d2104,27.425421
q8428,7,d3316,26.661493
q8428,8,d1737,26.532635
q8428,9,d669,26.137753
q8428,10,d5053,25.134359
q8429,1,d314,59.930359
q8429,2,d133,59.265171
q8429,3,d4963,57.804199
q8429,4,d3473,57.431602
q8429,5,d610,56.836594
q8429,6,d3115,56.559719
q8429,7,d1131,55.455833
q8429,8,d5622,55.138802
q8429,9,d6757,52.840897
q8429,10,d437,52.727276
q8430,1,d5053,91.966568
q8430,2,d1101,88.580666
q8430,3,d7325,81.230385
q8430,4,d6103,78.356972
q8430,5,d2061,77.158478
q8430,6,d5236,73.071915
q8430,7,d6540,68.590492
q8430,8,d6235,63.032497
q8430,9,d6397,61.073704
q8430,10,d7989,59.435600
q8431,1,d1101,32.433655
q8431,2,d3420,31.616743
q8431,3,d1671,31.025282
q8431,4,d4165,29.943672
q8431,5,d6103,28.434063
q8431,6,d3457,27.656414
q8431,7,d6465,27.639709
q8431,8,d8606,27.519875
q8431,9,d2410,27.062906
q8431,10,d2619,25.810719
q8432,1,d2154,118.074371
q8432,2,d258,91.037720
q8432,3,d7534,90.889145
q8432,4,d7264,85.586670
q8432,5,d1317,81.081535
q8432,6,d7809,79.663033
q8432,7,d7233,76.751404
q8432,8,d7815,72.126793
q8432,9,d2215,71.981369
q8432,10,d1791,71.188728
q8433,1,d1101,46.005013
q8433,2,d4391,45.295410
q8433,3,d4104,44.503788
q8433,4,d4472,40.481594
q8433,5,d503,36.749344
q8433,6,d7743,34.514545
q8433,7,d2869,33.744827
q8433,8,d2937,30.149223
q8433,9,d3349,29.851498
q8433,10,d7114,29.696573
q8434,1,d8434,51.258720
q8434,2,d1691,42.575222
q8434,3,d7209,36.764194
q8434,4,d5965,26.161903
q8434,5,d1535,26.042332
q8434,6,d5870,23.590965
q8434,7,d6292,22.492613
q8434,8,d4356,22.334814
q8434,9,d70,20.214890
q8434,10,d2489,20.118538
q8435,1,d2919,35.902145
q8435,2,d4907,34.978516
q8435,3,d7133,32.197945
q8435,4,d3569,26.899885
q8435,5,d4140,25.500584
q8435,6,d1996,24.645884
q8435,7,d7209,23.736378
q8435,8,d6847,23.553482
q8435,9,d1107,22.713518
q8435,10,d5161,18.708794
q8436,1,d4918,37.117615
q8436,2,d2572,36.725933
q8436,3,d6465,31.131174
q8436,4,d4627,30.845367
q8436,5,d2639,26.765831
q8436,6,d4119,26.232197
q8436,7,d2501,25.135630
q8436,8,d152,24.965946
q8436,9,d306,21.514015
q8436,10,d4268,20.454573
q8437,1,d7169,34.232544
q8437,2,d6460,33.117977
q8437,3,d181,30.869802
q8437,4,d7056,25.337372
q8437,5,d4029,24.942142
q8437,6,d5752,23.812654
q8437,7,d6642,23.700937
q8437,8,d6500,22.470150
q8437,9,d2955,21.705349
q8437,10,d4327,21.590008
q8438,1,d2710,34.378395
q8438,2,d8607,33.084431
q8438,3,d3473,30.923990
q8438,4,d4963,29.292480
q8438,5,d314,29.200378
q8438,6,d133,28.757475
q8438,7,d610,25.834818
q8438,8,d3115,25.708963
q8438,9,d4331,25.221537
q8438,10,d1131,25.207199
q8439,1,d273,41.982365
q8439,2,d6619,37.207626
q8439,3,d4462,35.933926
q8439,4,d4475,33.232121
q8439,5,d1774,27.617956
q8439,6,d3587,23.820896
q8439,7,d1101,23.228369
q8439,8,d2908,19.845396
q8439,9,d3107,19.845396
q8439,10,d443,18.708876
q8440,1,d8440,60.344696
q8440,2,d2774,32.981117
q8440,3,d4709,32.549965
q8440,4,d2919,31.411373
q8440,5,d3903,25.166241
q8440,6,d4988,23.943295
q8440,7,d2489,23.479040
q8440,8,d3150,23.387537
q8440,9,d7811,22.372438
q8440,10,d7808,22.270828
q8441,1,d2913,76.493774
q8441,2,d1047,72.794418
q8441,3,d419,71.869209
q8441,4,d5765,69.478531
q8441,5,d3789,68.370422
q8441,6,d1929,67.064026
q8441,7,d4350,64.219788
q8441,8,d165,58.802101
q8441,9,d3973,56.389378
q8441,10,d3476,56.277401
q8442,1,d8240,39.556252
q8442,2,d7243,38.870789
q8442,3,d3282,27.909168
q8442,4,d4888,27.691769
q8442,5,d4963,26.792610
q8442,6,d5597,26.786037
q8442,7,d1166,25.779919
q8442,8,d4127,23.917942
q8442,9,d3849,23.898567
q8442,10,d3983,23.831800
q8443,1,d481,79.077652
q8443,2,d1101,55.787445
q8443,3,d8731,55.429375
q8443,4,d293,51.674015
q8443,5,d1097,50.261612
q8443,6,d436,45.844376
q8443,7,d5134,44.420555
q8443,8,d467,44.231094
q8443,9,d2907,42.589058
q8443,10,d8749,42.498699
q8444,1,d7123,71.546638
q8444,2,d1947,68.774590
q8444,3,d7804,67.504128
q8444,4,d7244,64.089989
q8444,5,d1677,63.558014
q8444,6,d7024,62.511066
q8444,7,d2380,60.887280
q8444,8,d2078,60.219864
q8444,9,d7192,60.200214
q8444,10,d372,60.193550
q8445,1,d1101,63.018967
q8445,2,d1929,58.573856
q8445,3,d7133,57.673466
q8445,4,d1287,50.756229
q8445,5,d2960,50.417866
q8445,6,d4171,45.242138
q8445,7,d6192,44.179935
q8445,8,d458,43.754955
q8445,9,d3297,42.838100
q8445,10,d4331,41.588474
q8446,1,d4395,147.749115
q8446,2,d1782,134.998245
q8446,3,d8527,112.183075
q8446,4,d2500,99.600922
q8446,5,d8549,97.464790
q8446,6,d4322,95.101578
q8446,7,d1101,94.549500
q8446,8,d1748,93.827766
q8446,9,d6960,90.285263
q8446,10,d1615,89.074432
q8447,1,d1101,65.910004
q8447,2,d1287,61.237591
q8447,3,d4463,46.167465
q8447,4,d7471,45.299995
q8447,5,d6384,44.087811
q8447,6,d5124,43.637634
q8447,7,d3916,42.156910
q8447,8,d4542,41.471306
q8447,9,d1929,37.420292
q8447,10,d5053,37.410526
q8448,1,d1101,115.067940
q8448,2,d3464,85.338303
q8448,3,d7989,77.002129
q8448,4,d865,70.382912
q8448,5,d1337,66.951851
q8448,6,d679,64.923737
q8448,7,d2104,63.830967
q8448,8,d8606,62.271736
q8448,9,d6575,61.777008
q8448,10,d2937,60.813049
q8449,1,d5053,75.750160
q8449,2,d7325,75.428215
q8449,3,d6103,72.760048
q8449,4,d5236,70.144577
q8449,5,d2061,67.852493
q8449,6,d6540,63.743919
q8449,7,d1748,62.943699
q8449,8,d6235,59.504162
q8449,9,d6397,56.711296
q8449,10,d2322,55.548828
q8450,1,d1101,57.261063
q8450,2,d481,44.359695
q8450,3,d5134,44.127693
q8450,4,d2051,42.844257
q8450,5,d5236,40.922611
q8450,6,d436,37.934998
q8450,7,d7414,36.360157
q8450,8,d6388,36.314354
q8450,9,d7077,35.839699
q8450,10,d5053,34.961613
q8451,1,d4779,89.699387
q8451,2,d1888,84.298286
q8451,3,d1955,81.384895
q8451,4,d6255,74.079277
q8451,5,d7875,67.656303
q8451,6,d5648,67.262909
q8451,7,d4027,65.434174
q8451,8,d4579,65.087997
q8451,9,d1101,57.882000
q8451,10,d6944,55.627930
q8452,1,d1622,63.539406
q8452,2,d2960,63.233055
q8452,3,d6192,61.274715
q8452,4,d458,60.632141
q8452,5,d8089,57.338184
q8452,6,d1101,57.008617
q8452,7,d193,56.816010
q8452,8,d3613,53.907120
q8452,9,d713,52.744576
q8452,10,d2559,52.718861
q8453,1,d2705,166.189575
q8453,2,d1537,127.674866
q8453,3,d3350,121.815872
q8453,4,d236,116.921036
q8453,5,d4479,116.188484
q8453,6,d4419,116.102829
q8453,7,d3848,111.161804
q8453,8,d4222,109.403885
q8453,9,d1630,106.941994
q8453,10,d4202,106.405518
q8454,1,d817,114.487404
q8454,2,d7123,87.327835
q8454,3,d6409,85.115479
q8454,4,d561,78.482315
q8454,5,d4378,72.848152
q8454,6,d1814,69.944481
q8454,7,d8637,69.844971
q8454,8,d7246,69.611382
q8454,9,d1287,69.128304
q8454,10,d1527,65.069061
q8455,1,d2919,144.413269
q8455,2,d7155,129.464523
q8455,3,d2503,124.634880
q8455,4,d1318,111.946083
q8455,5,d1402,110.298286
q8455,6,d8236,109.281425
q8455,7,d4857,102.042717
q8455,8,d1931,101.899918
q8455,9,d4390,101.896187
q8455,10,d3217,101.144058
q8456,1,d8456,218.124496
q8456,2,d5460,149.571747
q8456,3,d5184,126.895973
q8456,4,d3016,117.744164
q8456,5,d2809,115.546532
q8456,6,d1726,114.590820
q8456,7,d3244,111.872047
q8456,8,d953,111.073082
q8456,9,d7536,104.444321
q8456,10,d4824,96.878693
q8457,1,d1101,82.531555
q8457,2,d865,56.846806
q8457,3,d1337,47.117798
q8457,4,d2104,46.391064
q8457,5,d6575,43.728737
q8457,6,d8358,42.182961
q8457,7,d2937,40.940395
q8457,8,d1044,40.686890
q8457,9,d679,39.339695
q8457,10,d1070,38.420174
q8458,1,d1101,85.323296
q8458,2,d5053,64.096291
q8458,3,d7325,63.823875
q8458,4,d5236,63.143856
q8458,5,d6103,61.566196
q8458,6,d865,57.693092
q8458,7,d2061,57.413647
q8458,8,d6540,50.723263
q8458,9,d6935,50.090816
q8458,10,d1748,49.248112
q8459,1,d273,105.284599
q8459,2,d6619,93.853165
q8459,3,d4462,83.845833
q8459,4,d4475,83.031570
q8459,5,d1774,67.154503
q8459,6,d3107,56.239643
q8459,7,d5087,53.315300
q8459,8,d7133,51.014877
q8459,9,d1101,47.674309
q8459,10,d6164,46.307678
q8460,1,d2572,20.845318
q8460,2,d6654,19.607349
q8460,3,d4918,19.307995
q8460,4,d4086,18.624180
q8460,5,d4627,17.956917
q8460,6,d4508,17.458874
q8460,7,d1671,16.784966
q8460,8,d6929,16.433651
q8460,9,d6465,16.222641
q8460,10,d152,15.453421
q8461,1,d6638,39.535046
q8461,2,d2685,32.701214
q8461,3,d1029,31.334938
q8461,4,d5648,30.899286
q8461,5,d2702,30.563911
q8461,6,d7117,30.064789
q8461,7,d3536,29.753046
q8461,8,d7259,29.200668
q8461,9,d5307,28.949461
q8461,10,d2944,28.850925
q8462,1,d6192,24.509886
q8462,2,d7209,24.122919
q8462,3,d1622,23.692907
q8462,4,d458,23.421640
q8462,5,d2960,23.399458
q8462,6,d193,22.726402
q8462,7,d3613,19.814739
q8462,8,d1721,16.852020
q8462,9,d3639,16.813314
q8462,10,d2534,16.423038
q8463,1,d3080,80.609772
q8463,2,d7550,64.481262
q8463,3,d1624,63.369640
q8463,4,d4954,55.627697
q8463,5,d3790,53.502106
q8463,6,d3035,53.378326
q8463,7,d2702,51.182205
q8463,8,d1623,50.028503
q8463,9,d2842,48.057022
q8463,10,d476,46.266560
q8464,1,d8464,75.891449
q8464,2,d798,51.155979
q8464,3,d7773,51.067101
q8464,4,d4461,47.501881
q8464,5,d4496,42.992714
q8464,6,d4838,32.700489
q8464,7,d2497,32.661106
q8464,8,d3473,21.919287
q8464,9,d4373,16.769550
q8464,10,d2864,15.262628
q8465,1,d5348,33.085873
q8465,2,d6211,30.849817
q8465,3,d3639,30.370060
q8465,4,d2155,29.607664
q8465,5,d1138,28.126989
q8465,6,d3427,25.430094
q8465,7,d6384,25.065950
q8465,8,d3943,24.895014
q8465,9,d2237,24.002083
q8465,10,d3264,23.410858
q8466,1,d8329,85.186310
q8466,2,d6384,83.544815
q8466,3,d4558,79.593903
q8466,4,d4244,76.969086
q8466,5,d4214,75.862778
q8466,6,d3116,75.844185
q8466,7,d3723,75.022530
q8466,8,d1101,74.521790
q8466,9,d2830,73.114120
q8466,10,d6540,73.112816
q8467,1,d1101,76.493317
q8467,2,d5053,45.921299
q8467,3,d1337,42.887459
q8467,4,d1185,42.034767
q8467,5,d865,39.611774
q8467,6,d2104,37.377666
q8467,7,d5236,35.900707
q8467,8,d1535,35.421310
q8467,9,d5660,35.349586
q8467,10,d7325,34.813026
q8468,1,d273,104.262802
q8468,2,d6619,94.675415
q8468,3,d3107,69.891785
q8468,4,d4462,59.889874
q8468,5,d2844,58.945820
q8468,6,d4475,58.131844
q8468,7,d1866,55.555801
q8468,8,d1101,55.425041
q8468,9,d1709,49.473984
q8468,10,d1774,47.386227
q8469,1,d1101,55.471581
q8469,2,d217,44.873039
q8469,3,d7209,43.026249
q8469,4,d8724,41.867325
q8469,5,d4403,40.190777
q8469,6,d1913,36.278103
q8469,7,d91,36.206982
q8469,8,d3844,35.171753
q8469,9,d4309,34.129028
q8469,10,d1948,32.817924
q8470,1,d1101,114.467049
q8470,2,d1537,84.352646
q8470,3,d865,83.451897
q8470,4,d669,77.830879
q8470,5,d1337,66.000282
q8470,6,d1630,61.188618
q8470,7,d2104,58.480667
q8470,8,d8358,58.354904
q8470,9,d1044,56.353764
q8470,10,d6575,55.073879
q8471,1,d2215,95.673187
q8471,2,d2154,95.619934
q8471,3,d4811,92.435562
q8471,4,d7233,92.003044
q8471,5,d7211,84.398689
q8471,6,d1843,70.554390
q8471,7,d1851,69.818947
q8471,8,d1317,68.512032
q8471,9,d1452,67.250069
q8471,10,d930,66.917320
q8472,1,d1626,62.766167
q8472,2,d1101,61.872345
q8472,3,d1799,61.545158
q8472,4,d1881,61.416893
q8472,5,d1559,57.417679
q8472,6,d4983,54.430920
q8472,7,d865,49.963894
q8472,8,d1392,48.521854
q8472,9,d4868,48.501297
q8472,10,d4593,45.777775
q8473,1,d1287,69.956894
q8473,2,d5124,54.547043
q8473,3,d6304,45.349640
q8473,4,d6167,42.065273
q8473,5,d7492,41.719269
q8473,6,d3022,39.655636
q8473,7,d1101,37.511940
q8473,8,d3370,35.630604
q8473,9,d5053,34.961613
q8473,10,d7325,34.813026
q8474,1,d1101,59.216476
q8474,2,d865,39.611774
q8474,3,d5053,36.788231
q8474,4,d7325,34.813026
q8474,5,d6103,33.581558
q8474,6,d5236,32.462582
q8474,7,d2061,31.316538
q8474,8,d2104,30.518612
q8474,9,d6575,30.425858
q8474,10,d1337,29.186884
q8475,1,d6606,71.733688
q8475,2,d2410,70.768456
q8475,3,d217,66.092094
q8475,4,d2413,62.211281
q8475,5,d4508,62.152218
q8475,6,d3316,60.384060
q8475,7,d1101,59.994541
q8475,8,d152,59.237518
q8475,9,d6929,57.975780
q8475,10,d4331,57.383018
q8476,1,d1748,93.345490
q8476,2,d8196,92.061356
q8476,3,d7258,84.957031
q8476,4,d8727,84.281235
q8476,5,d3978,82.759583
q8476,6,d7202,82.692482
q8476,7,d7955,82.692291
q8476,8,d1949,82.373230
q8476,9,d1905,81.321991
q8476,10,d3612,80.537674
q8477,1,d8158,30.445042
q8477,2,d1697,14.795490
q8477,3,d8223,14.786644
q8477,4,d7986,14.554989
q8477,5,d1409,14.071301
q8477,6,d4934,13.014723
q8477,7,d4896,12.351799
q8477,8,d3493,12.257465
q8477,9,d3359,12.257465
q8477,10,d4133,12.033262
q8478,1,d3068,42.261112
q8478,2,d3602,26.915451
q8478,3,d4223,22.248096
q8478,4,d1101,20.434631
q8478,5,d2904,19.664122
q8478,6,d7202,18.060575
q8478,7,d2807,18.001095
q8478,8,d6642,16.885395
q8478,9,d4000,16.423038
q8478,10,d4331,15.975321
q8479,1,d4877,49.762360
q8479,2,d8479,49.426289
q8479,3,d2650,44.001923
q8479,4,d2795,28.952211
q8479,5,d6039,26.814953
q8479,6,d3962,25.688988
q8479,7,d4486,25.144903
q8479,8,d3203,24.847391
q8479,9,d4273,24.316309
q8479,10,d2589,24.224062
q8480,1,d4413,25.085691
q8480,2,d4712,24.531878
q8480,3,d1404,24.490419
q8480,4,d7209,23.736378
q8480,5,d3454,21.414772
q8480,6,d192,18.167274
q8480,7,d152,17.862886
q8480,8,d4408,17.325010
q8480,9,d5675,17.099310
q8480,10,d4331,16.632309
q8481,1,d2728,25.575300
q8481,2,d2559,19.460276
q8481,3,d6217,19.079142
q8481,4,d3596,19.071100
q8481,5,d3318,17.652151
q8481,6,d4548,17.479641
q8481,7,d8414,17.389614
q8481,8,d6655,17.177471
q8481,9,d8707,17.096262
q8481,10,d460,16.995935
q8482,1,d4086,14.045183
q8482,2,d7067,13.637375
q8482,3,d5675,12.849056
q8482,4,d8024,12.798800
q8482,5,d8724,12.214951
q8482,6,d4403,12.214951
q8482,7,d2728,12.176010
q8482,8,d3192,12.176010
q8482,9,d4826,12.038347
q8482,10,d8663,11.982565
q8483,1,d2051,76.257736
q8483,2,d1789,73.806122
q8483,3,d1287,63.022297
q8483,4,d8021,59.599010
q8483,5,d4331,59.185844
q8483,6,d6128,58.269817
q8483,7,d7133,55.965206
q8483,8,d7215,55.686680
q8483,9,d1859,55.649612
q8483,10,d8184,53.782345
q8484,1,d3864,101.729385
q8484,2,d3856,76.783875
q8484,3,d4643,53.959408
q8484,4,d1101,49.555733
q8484,5,d4967,47.735741
q8484,6,d4458,45.090954
q8484,7,d4613,41.326744
q8484,8,d1748,41.118088
q8484,9,d8196,40.497761
q8484,10,d7258,39.041512
q8485,1,d1101,59.117836
q8485,2,d5236,47.485592
q8485,3,d4331,47.405380
q8485,4,d5053,46.615482
q8485,5,d7325,46.417366
q8485,6,d6103,44.775414
q8485,7,d2061,41.755383
q8485,8,d7989,39.613724
q8485,9,d1748,38.904816
q8485,10,d6935,38.238789
q8486,1,d5053,46.615482
q8486,2,d7325,46.417366
q8486,3,d703,45.784035
q8486,4,d1101,45.120113
q8486,5,d3297,45.014942
q8486,6,d6103,44.775414
q8486,7,d6443,43.960907
q8486,8,d2061,41.755383
q8486,9,d5236,41.755383
q8486,10,d1964,38.664894
q8487,1,d1939,44.684937
q8487,2,d1848,44.566292
q8487,3,d5236,39.338833
q8487,4,d1101,39.293579
q8487,5,d5053,38.012688
q8487,6,d4770,36.069908
q8487,7,d7325,34.813026
q8487,8,d6103,34.549740
q8487,9,d6705,34.042221
q8487,10,d2104,33.807030
q8488,1,d2154,92.885956
q8488,2,d5053,82.813354
q8488,3,d7325,81.230385
q8488,4,d5236,80.907967
q8488,5,d1791,80.524666
q8488,6,d6103,78.356972
q8488,7,d7505,73.436752
q8488,8,d2061,73.071915
q8488,9,d7534,67.211357
q8488,10,d6540,65.572556
q8489,1,d4779,100.688049
q8489,2,d6255,95.009094
q8489,3,d1955,93.786728
q8489,4,d4579,88.893204
q8489,5,d1888,81.731140
q8489,6,d4395,74.358482
q8489,7,d5648,73.094429
q8489,8,d6944,70.494781
q8489,9,d5833,68.155800
q8489,10,d388,67.569969
q8490,1,d1101,65.897209
q8490,2,d1929,55.630978
q8490,3,d1737,53.982162
q8490,4,d2937,53.977585
q8490,5,d2489,50.447765
q8490,6,d7989,48.441544
q8490,7,d3394,43.148083
q8490,8,d4331,40.789288
q8490,9,d3758,39.787132
q8490,10,d3316,39.174332
q8491,1,d1536,118.352364
q8491,2,d553,112.865456
q8491,3,d3297,88.384926
q8491,4,d2864,83.714470
q8491,5,d817,76.989265
q8491,6,d7123,76.351768
q8491,7,d1219,65.084694
q8491,8,d5865,64.132858
q8491,9,d6006,62.178215
q8491,10,d1831,61.876503
q8492,1,d2503,82.614014
q8492,2,d1402,78.226120
q8492,3,d7155,74.949173
q8492,4,d2919,52.326694
q8492,5,d2177,52.326649
q8492,6,d8236,51.526249
q8492,7,d4390,48.614651
q8492,8,d1318,47.482269
q8492,9,d1931,45.842522
q8492,10,d6497,45.180168
q8493,1,d2958,78.075233
q8493,2,d1955,66.061150
q8493,3,d1101,55.830193
q8493,4,d5236,53.560417
q8493,5,d5965,48.447487
q8493,6,d6255,48.084148
q8493,7,d5053,46.615482
q8493,8,d7325,46.417366
q8493,9,d6103,44.775414
q8493,10,d6971,43.883381
q8494,1,d1101,60.239109
q8494,2,d5053,59.505611
q8494,3,d7325,58.021706
q8494,4,d6103,55.969269
q8494,5,d5236,53.340267
q8494,6,d2061,52.194225
q8494,7,d6540,47.127731
q8494,8,d6397,43.624073
q8494,9,d6235,42.803417
q8494,10,d1748,42.002956
q8495,1,d5487,71.783501
q8495,2,d1101,61.621559
q8495,3,d6063,57.656631
q8495,4,d5606,54.351749
q8495,5,d5965,45.120102
q8495,6,d5611,44.599892
q8495,7,d5870,43.227814
q8495,8,d4458,40.475204
q8495,9,d1287,40.453709
q8495,10,d1029,37.695087
q8496,1,d7209,41.925201
q8496,2,d1029,23.921459
q8496,3,d4331,22.506275
q8496,4,d7702,22.006273
q8496,5,d1101,20.765181
q8496,6,d8169,20.181564
q8496,7,d3910,20.015079
q8496,8,d3316,18.645563
q8496,9,d3104,15.650582
q8496,10,d1697,14.795490
q8497,1,d1537,50.343666
q8497,2,d3350,46.092972
q8497,3,d4507,41.357605
q8497,4,d3734,41.357605
q8497,5,d1630,39.038490
q8497,6,d4331,38.851101
q8497,7,d4479,38.729496
q8497,8,d4419,38.700954
q8497,9,d3848,37.053925
q8497,10,d4202,36.974857
q8498,1,d6793,28.154984
q8498,2,d1661,23.682560
q8498,3,d4764,17.014727
q8498,4,d7471,14.777029
q8498,5,d1029,14.661609
q8498,6,d4828,13.803396
q8498,7,d4791,11.589946
q8498,8,d1697,11.497541
q8498,9,d6316,10.310127
q8498,10,d2325,9.874221
q8499,1,d484,27.558191
q8499,2,d1677,25.894636
q8499,3,d3830,25.572416
q8499,4,d4510,24.595510
q8499,5,d2341,23.741192
q8499,6,d5679,23.088537
q8499,7,d5995,22.758863
q8499,8,d4171,21.556149
q8499,9,d434,21.490423
q8499,10,d3737,21.474079
q8500,1,d1287,24.761364
q8500,2,d5124,24.626865
q8500,3,d8529,23.099125
q8500,4,d189,16.870352
q8500,5,d6167,16.826109
q8500,6,d7492,16.687706
q8500,7,d8369,16.312086
q8500,8,d6304,16.156134
q8500,9,d5213,15.981721
q8500,10,d4331,15.349839
q8501,1,d8529,34.648689
q8501,2,d7067,26.342823
q8501,3,d316,26.297945
q8501,4,d8724,24.237068
q8501,5,d4403,20.883976
q8501,6,d2413,20.404585
q8501,7,d7787,19.513756
q8501,8,d217,18.675575
q8501,9,d4086,18.624180
q8501,10,d3420,17.985964
q8502,1,d4960,27.496063
q8502,2,d4331,22.533081
q8502,3,d1101,18.325933
q8502,4,d3162,17.932095
q8502,5,d3235,17.421610
q8502,6,d4791,15.225617
q8502,7,d4966,14.724332
q8502,8,d1697,14.628991
q8502,9,d1929,14.494547
q8502,10,d3316,14.097227
q8503,1,d2735,32.687134
q8503,2,d6734,28.102549
q8503,3,d3699,25.854050
q8503,4,d4281,23.500431
q8503,5,d401,18.545490
q8503,6,d4384,17.933439
q8503,7,d3999,17.920223
q8503,8,d907,17.796759
q8503,9,d4223,17.756218
q8503,10,d1939,17.682140
q8504,1,d445,32.147736
q8504,2,d6316,29.730532
q8504,3,d7287,29.304869
q8504,4,d5061,28.068558
q8504,5,d358,24.840429
q8504,6,d1955,24.734028
q8504,7,d3599,23.727234
q8504,8,d3338,20.155701
q8504,9,d142,20.047449
q8504,10,d1907,20.029530
q8505,1,d8527,65.764526
q8505,2,d5012,50.599545
q8505,3,d7114,44.547436
q8505,4,d5917,43.758244
q8505,5,d3653,42.738087
q8505,6,d4329,40.520100
q8505,7,d1989,38.752956
q8505,8,d4740,36.271366
q8505,9,d6304,35.895981
q8505,10,d7202,34.977051
q8506,1,d4837,47.151463
q8506,2,d5922,45.281067
q8506,3,d6444,43.518101
q8506,4,d2681,43.283249
q8506,5,d4132,42.194767
q8506,6,d2715,41.153992
q8506,7,d1653,40.773762
q8506,8,d4551,40.617733
q8506,9,d3934,40.521446
q8506,10,d4643,39.425968
q8507,1,d1814,144.800735
q8507,2,d7123,115.919724
q8507,3,d7516,113.134285
q8507,4,d2776,99.383209
q8507,5,d817,91.821655
q8507,6,d8073,87.550003
q8507,7,d243,86.607094
q8507,8,d4378,80.658348
q8507,9,d7642,70.868484
q8507,10,d4289,70.747116
q8508,1,d1101,41.029766
q8508,2,d3080,28.946981
q8508,3,d5551,28.624298
q8508,4,d1929,28.557663
q8508,5,d4669,26.485931
q8508,6,d6687,26.463512
q8508,7,d3038,26.446421
q8508,8,d3356,26.114752
q8508,9,d3394,25.756897
q8508,10,d2700,25.668417
q8509,1,d1101,115.686241
q8509,2,d4838,108.728165
q8509,3,d5949,108.525070
q8509,4,d6293,107.733215
q8509,5,d6631,105.374763
q8509,6,d1747,98.337929
q8509,7,d4036,96.741737
q8509,8,d6538,94.128052
q8509,9,d5660,82.053406
q8509,10,d7136,78.269882
q8510,1,d1717,68.715675
q8510,2,d6465,67.340263
q8510,3,d2771,66.984756
q8510,4,d1551,60.001202
q8510,5,d5053,59.493809
q8510,6,d7325,58.021706
q8510,7,d1101,56.948273
q8510,8,d5675,56.555214
q8510,9,d6103,55.969269
q8510,10,d2964,55.930977
q8511,1,d6465,62.575359
q8511,2,d1706,59.568634
q8511,3,d967,58.426533
q8511,4,d156,55.945534
q8511,5,d189,55.576897
q8511,6,d5819,54.229214
q8511,7,d5222,50.881920
q8511,8,d7199,50.158436
q8511,9,d5332,46.999249
q8511,10,d6687,46.420929
q8512,1,d1929,63.479786
q8512,2,d1029,60.014324
q8512,3,d3394,54.122440
q8512,4,d5477,53.771145
q8512,5,d1101,53.138454
q8512,6,d5609,52.562714
q8512,7,d2077,51.090134
q8512,8,d5933,50.968948
q8512,9,d5113,49.964592
q8512,10,d4896,49.270969
q8513,1,d1101,82.905556
q8513,2,d865,59.296169
q8513,3,d1337,53.094769
q8513,4,d2104,51.560383
q8513,5,d8358,48.515816
q8513,6,d1044,47.000614
q8513,7,d8317,46.451675
q8513,8,d8176,46.451675
q8513,9,d1239,46.193443
q8513,10,d679,45.444366
q8514,1,d1101,96.734169
q8514,2,d865,68.336830
q8514,3,d1337,55.519066
q8514,4,d8358,54.848671
q8514,5,d1044,53.314339
q8514,6,d679,51.549038
q8514,7,d2104,50.088531
q8514,8,d6575,47.445492
q8514,9,d4331,46.701107
q8514,10,d669,45.517895
q8515,1,d1101,53.133751
q8515,2,d3409,38.122238
q8515,3,d4611,37.248901
q8515,4,d192,37.140373
q8515,5,d135,36.658157
q8515,6,d7401,35.171677
q8515,7,d5236,34.089062
q8515,8,d1836,34.074005
q8515,9,d1640,34.059765
q8515,10,d6465,32.763794
q8516,1,d236,95.005142
q8516,2,d4331,85.933853
q8516,3,d1101,73.021439
q8516,4,d1630,70.797165
q8516,5,d5053,69.923225
q8516,6,d7325,69.626045
q8516,7,d5236,69.509331
q8516,8,d6103,67.163124
q8516,9,d2705,65.828438
q8516,10,d1627,65.360664
q8517,1,d1640,29.654654
q8517,2,d2099,25.240414
q8517,3,d3580,22.616632
q8517,4,d243,21.544743
q8517,5,d4844,21.234093
q8517,6,d3781,20.386467
q8517,7,d1388,19.979370
q8517,8,d1789,18.865944
q8517,9,d5906,16.611389
q8517,10,d6605,15.513850
q8518,1,d3781,18.474731
q8518,2,d281,16.561649
q8518,3,d4896,15.453261
q8518,4,d243,15.440693
q8518,5,d2762,13.989615
q8518,6,d2939,13.848192
q8518,7,d4469,13.733628
q8518,8,d5906,13.435678
q8518,9,d7482,13.302876
q8518,10,d3783,12.940916
q8519,1,d7209,48.960342
q8519,2,d6465,20.299753
q8519,3,d7557,20.186834
q8519,4,d5675,19.249012
q8519,5,d6486,17.650459
q8519,6,d388,16.372124
q8519,7,d7736,15.779957
q8519,8,d7685,15.697530
q8519,9,d2134,15.504738
q8519,10,d3969,15.160939
q8520,1,d7492,23.646397
q8520,2,d8529,23.099125
q8520,3,d7906,23.088238
q8520,4,d7969,22.084898
q8520,5,d4327,21.212347
q8520,6,d5391,20.327055
q8520,7,d3142,19.887295
q8520,8,d5054,19.879482
q8520,9,d1368,19.655769
q8520,10,d3903,19.519947
q8521,1,d7209,24.509460
q8521,2,d2177,21.350969
q8521,3,d5561,20.763634
q8521,4,d7841,19.655384
q8521,5,d311,18.080101
q8521,6,d4137,16.968958
q8521,7,d1925,16.275145
q8521,8,d4177,15.417054
q8521,9,d3888,14.104380
q8521,10,d315,13.725458
q8522,1,d3193,49.990059
q8522,2,d3332,35.053780
q8522,3,d4946,25.806549
q8522,4,d4304,19.319618
q8522,5,d2554,18.767204
q8522,6,d2469,16.018629
q8522,7,d1173,15.861805
q8522,8,d4730,15.612554
q8522,9,d3530,14.459887
q8522,10,d5103,14.350125
q8523,1,d1902,72.724831
q8523,2,d472,62.458706
q8523,3,d1287,50.313499
q8523,4,d234,39.987041
q8523,5,d1978,37.015190
q8523,6,d7492,35.175926
q8523,7,d6304,34.055431
q8523,8,d2781,27.179880
q8523,9,d2677,23.249130
q8523,10,d5124,21.818817
q8524,1,d4918,37.117615
q8524,2,d2572,36.725933
q8524,3,d4627,30.845367
q8524,4,d2639,26.765831
q8524,5,d4119,26.232197
q8524,6,d2501,25.135632
q8524,7,d4268,21.986473
q8524,8,d6465,21.819420
q8524,9,d306,21.514015
q8524,10,d1639,20.944695
q8525,1,d4918,20.121437
q8525,2,d1977,18.936152
q8525,3,d2572,18.748398
q8525,4,d2639,17.843887
q8525,5,d4119,17.488132
q8525,6,d2501,17.447390
q8525,7,d4627,15.446827
q8525,8,d6465,14.701797
q8525,9,d3213,14.365314
q8525,10,d306,14.342677
q8526,1,d8526,23.304901
q8526,2,d4408,17.511030
q8526,3,d7718,12.750622
q8526,4,d4791,11.589946
q8526,5,d1697,11.497541
q8526,6,d1671,11.349658
q8526,7,d135,11.344456
q8526,8,d3316,11.199436
q8526,9,d7410,10.909264
q8526,10,d3922,10.831379
q8527,1,d8527,95.538528
q8527,2,d6960,56.507370
q8527,3,d2500,55.499714
q8527,4,d1784,54.186970
q8527,5,d4395,54.035820
q8527,6,d3799,53.879112
q8527,7,d7969,46.183647
q8527,8,d1782,45.360241
q8527,9,d3310,45.116718
q8527,10,d5012,40.479637
q8528,1,d507,22.059885
q8528,2,d8414,17.119465
q8528,3,d3447,17.083809
q8528,4,d1130,16.917320
q8528,5,d1628,16.844288
q8528,6,d8757,16.738182
q8528,7,d1720,16.369745
q8528,8,d6091,16.329515
q8528,9,d4040,16.181280
q8528,10,d1767,16.175303
q8529,1,d7209,71.209129
q8529,2,d3625,38.302280
q8529,3,d7636,38.001610
q8529,4,d250,37.596771
q8529,5,d645,33.599033
q8529,6,d3041,30.632793
q8529,7,d7630,27.977688
q8529,8,d3455,26.849064
q8529,9,d1120,25.686403
q8529,10,d1858,24.238777
q8530,1,d273,51.506466
q8530,2,d7672,35.686295
q8530,3,d3625,33.627720
q8530,4,d6619,33.187897
q8530,5,d2370,30.322468
q8530,6,d1101,27.204035
q8530,7,d4026,26.222174
q8530,8,d1866,25.088692
q8530,9,d1894,24.085590
q8530,10,d2676,22.532335
q8531,1,d7209,23.736378
q8531,2,d8529,23.099125
q8531,3,d250,20.813137
q8531,4,d3652,18.043999
q8531,5,d7811,16.779329
q8531,6,d1101,15.048206
q8531,7,d8223,14.786644
q8531,8,d3316,14.737803
q8531,9,d7986,14.611778
q8531,10,d703,14.465053
q8532,1,d8532,48.299866
q8532,2,d8748,45.143265
q8532,3,d8425,43.395950
q8532,4,d8749,33.064095
q8532,5,d8731,31.448769
q8532,6,d1365,29.423779
q8532,7,d3541,28.753853
q8532,8,d3473,28.268372
q8532,9,d3787,27.986078
q8532,10,d7461,27.754391
q8533,1,d4331,20.405117
q8533,2,d1101,19.043671
q8533,3,d7675,17.735027
q8533,4,d3130,17.727272
q8533,5,d3316,16.093517
q8533,6,d3104,15.650582
q8533,7,d4669,15.552868
q8533,8,d3261,15.208415
q8533,9,d2706,14.741518
q8533,10,d3206,14.330395
q8534,1,d8534,72.764252
q8534,2,d4963,40.878517
q8534,3,d4477,40.346458
q8534,4,d4652,25.616739
q8534,5,d3800,21.462996
q8534,6,d2805,19.853386
q8534,7,d1671,18.290407
q8534,8,d2809,16.864325
q8534,9,d2311,16.324688
q8534,10,d953,15.420553
q8535,1,d6587,55.038815
q8535,2,d4613,39.448257
q8535,3,d3983,34.416508
q8535,4,d4360,31.557358
q8535,5,d7716,30.123314
q8535,6,d6965,28.924589
q8535,7,d1640,27.211273
q8535,8,d6524,26.374569
q8535,9,d3457,25.999496
q8535,10,d3186,25.016085
q8536,1,d5043,19.391153
q8536,2,d2731,15.575721
q8536,3,d7410,13.973875
q8536,4,d47,12.944502
q8536,5,d4331,12.866679
q8536,6,d6316,12.647500
q8536,7,d6025,12.355463
q8536,8,d7061,12.028751
q8536,9,d1101,11.923264
q8536,10,d3285,11.812773
q8537,1,d3110,24.914196
q8537,2,d7951,22.144560
q8537,3,d3842,21.945015
q8537,4,d3954,20.344532
q8537,5,d3844,20.098145
q8537,6,d1948,18.753099
q8537,7,d2755,18.685993
q8537,8,d1913,18.626562
q8537,9,d1145,18.624889
q8537,10,d217,18.426563
q8538,1,d7209,23.736378
q8538,2,d2177,21.643671
q8538,3,d7841,20.009285
q8538,4,d6443,19.420561
q8538,5,d6192,18.382414
q8538,6,d2299,17.997585
q8538,7,d1622,17.769680
q8538,8,d5348,17.606192
q8538,9,d458,17.566231
q8538,10,d2960,17.549593
q8539,1,d8527,68.546295
q8539,2,d7209,59.340939
q8539,3,d6862,58.038933
q8539,4,d2500,57.480862
q8539,5,d1794,56.168930
q8539,6,d8549,55.380444
q8539,7,d5471,55.231819
q8539,8,d6960,53.890362
q8539,9,d804,49.321983
q8539,10,d4395,48.899361
q8540,1,d3481,46.851109
q8540,2,d4242,45.628506
q8540,3,d4485,44.444710
q8540,4,d3489,43.388016
q8540,5,d2881,41.065556
q8540,6,d3916,40.956474
q8540,7,d4265,40.270580
q8540,8,d4287,39.735371
q8540,9,d649,38.574371
q8540,10,d3399,38.403511
q8541,1,d7209,37.150738
q8541,2,d3864,36.039303
q8541,3,d4967,33.427765
q8541,4,d3856,31.582146
q8541,5,d3796,30.701954
q8541,6,d2469,30.634552
q8541,7,d3182,30.024002
q8541,8,d4766,22.410467
q8541,9,d350,18.680943
q8541,10,d5025,18.626953
q8542,1,d6606,59.433918
q8542,2,d3316,50.973583
q8542,3,d3703,50.836151
q8542,4,d2789,50.776890
q8542,5,d8483,49.345505
q8542,6,d1175,48.701015
q8542,7,d4331,48.418880
q8542,8,d8184,48.349106
q8542,9,d1360,47.483032
q8542,10,d985,46.594570
q8543,1,d8083,19.856970
q8543,2,d8581,15.287424
q8543,3,d8278,13.914420
q8543,4,d8532,13.663523
q8543,5,d1212,13.200733
q8543,6,d2686,13.042211
q8543,7,d6655,12.590930
q8543,8,d198,12.495358
q8543,9,d8644,12.263343
q8543,10,d8749,12.233874
q8544,1,d5053,81.577095
q8544,2,d7325,81.230385
q8544,3,d6103,78.356972
q8544,4,d5236,76.510040
q8544,5,d2061,73.071915
q8544,6,d6540,67.931976
q8544,7,d6397,61.073704
q8544,8,d1748,60.636036
q8544,9,d6235,59.924786
q8544,10,d6935,59.289490
q8545,1,d5606,84.021431
q8545,2,d7841,79.415382
q8545,3,d4803,78.437149
q8545,4,d7969,68.108047
q8545,5,d24,64.165535
q8545,6,d7906,61.344040
q8545,7,d1435,60.534744
q8545,8,d2177,59.520103
q8545,9,d5965,58.978523
q8545,10,d5236,58.509270
q8546,1,d7233,59.173119
q8546,2,d2215,56.284893
q8546,3,d4672,51.563251
q8546,4,d1851,49.746231
q8546,5,d930,49.111137
q8546,6,d1843,49.098618
q8546,7,d4811,48.911423
q8546,8,d2154,48.207153
q8546,9,d7809,47.780914
q8546,10,d1006,47.159740
q8547,1,d1101,49.938622
q8547,2,d5236,37.046753
q8547,3,d5053,34.961613
q8547,4,d7325,34.813026
q8547,5,d6103,33.581558
q8547,6,d4331,31.620884
q8547,7,d2061,31.316538
q8547,8,d6935,30.337440
q8547,9,d1929,30.056854
q8547,10,d1748,29.643085
q8548,1,d7123,71.546638
q8548,2,d1947,69.215530
q8548,3,d7804,68.505722
q8548,4,d1677,65.115608
q8548,5,d7244,64.089989
q8548,6,d7024,62.511066
q8548,7,d2380,60.887280
q8548,8,d372,60.542969
q8548,9,d2078,60.219864
q8548,10,d7192,60.200214
q8549,1,d1782,109.154968
q8549,2,d8527,94.167961
q8549,3,d2500,84.240135
q8549,4,d8549,79.853752
q8549,5,d3799,78.748367
q8549,6,d4395,78.485497
q8549,7,d4318,78.213127
q8549,8,d7969,77.932549
q8549,9,d1784,75.889427
q8549,10,d6960,74.466629
q8550,1,d5053,42.013004
q8550,2,d5236,41.120129
q8550,3,d7325,40.615196
q8550,4,d6103,39.178486
q8550,5,d2061,36.535961
q8550,6,d1101,35.492447
q8550,7,d1748,34.330219
q8550,8,d6540,33.284420
q8550,9,d6935,32.961437
q8550,10,d1294,31.236677
q8551,1,d1101,59.157490
q8551,2,d865,46.203072
q8551,3,d2104,40.584419
q8551,4,d1537,39.722584
q8551,5,d6575,38.100742
q8551,6,d1737,35.659405
q8551,7,d669,34.550236
q8551,8,d6293,33.609367
q8551,9,d3316,32.175713
q8551,10,d6538,31.963722
q8552,1,d3615,114.474045
q8552,2,d3034,111.109306
q8552,3,d4853,110.575233
q8552,4,d4032,105.508614
q8552,5,d1802,101.724869
q8552,6,d2406,100.573830
q8552,7,d4768,85.581345
q8552,8,d6978,77.501892
q8552,9,d7642,68.200058
q8552,10,d4377,66.501900
q8553,1,d2960,125.350601
q8553,2,d6192,116.421959
q8553,3,d1622,112.541290
q8553,4,d458,111.252777
q8553,5,d193,107.950432
q8553,6,d3613,94.120003
q8553,7,d2534,78.009422
q8553,8,d1101,70.686180
q8553,9,d1747,57.051712
q8553,10,d7133,44.134686
q8554,1,d1636,63.917431
q8554,2,d4073,58.291321
q8554,3,d3842,57.257645
q8554,4,d4525,53.018505
q8554,5,d1974,51.514301
q8554,6,d1987,49.008381
q8554,7,d8060,48.617962
q8554,8,d722,48.524612
q8554,9,d1630,47.787792
q8554,10,d387,45.333023
q8555,1,d7233,141.941864
q8555,2,d6133,132.255112
q8555,3,d1435,121.358566
q8555,4,d5529,113.234947
q8555,5,d930,112.575150
q8555,6,d1297,111.196861
q8555,7,d7534,107.973999
q8555,8,d7108,105.929520
q8555,9,d5785,99.851021
q8555,10,d2215,98.493980
q8556,1,d1101,78.145187
q8556,2,d5053,52.442417
q8556,3,d7325,52.219536
q8556,4,d6103,50.372341
q8556,5,d5236,48.120846
q8556,6,d2061,46.974804
q8556,7,d1337,45.821884
q8556,8,d865,45.236439
q8556,9,d6540,43.750916
q8556,10,d2104,42.661777
q8557,1,d1101,78.517181
q8557,2,d2410,50.523037
q8557,3,d865,48.532085
q8557,4,d5236,47.996380
q8557,5,d2104,45.897251
q8557,6,d8606,45.218864
q8557,7,d6575,45.195801
q8557,8,d1748,42.631798
q8557,9,d5053,42.024807
q8557,10,d6935,40.921509
q8558,1,d5053,75.750160
q8558,2,d7325,75.428215
q8558,3,d6103,72.760048
q8558,4,d2061,67.852493
q8558,5,d5236,67.852493
q8558,6,d6540,63.743919
q8558,7,d1748,60.496876
q8558,8,d6235,59.504162
q8558,9,d6397,56.711296
q8558,10,d2322,55.548828
q8559,1,d1748,75.437439
q8559,2,d6540,60.107800
q8559,3,d5053,60.095966
q8559,4,d7325,58.021706
q8559,5,d5236,56.778393
q8559,6,d7258,56.662697
q8559,7,d6103,55.969269
q8559,8,d6206,54.230354
q8559,9,d6235,52.452717
q8559,10,d2061,52.194225
q8560,1,d2154,56.718578
q8560,2,d8289,55.168556
q8560,3,d1101,48.257935
q8560,4,d7534,46.800129
q8560,5,d5053,46.615482
q8560,6,d7325,46.417366
q8560,7,d5236,45.193508
q8560,8,d6985,44.984306
q8560,9,d6103,44.775414
q8560,10,d2215,44.703125
q8561,1,d1101,91.751343
q8561,2,d865,62.591816
q8561,3,d1337,56.647446
q8561,4,d2104,54.439960
q8561,5,d679,53.409927
q8561,6,d1044,52.969528
q8561,7,d8358,48.515816
q8561,8,d5053,44.441776
q8561,9,d6575,44.067093
q8561,10,d1287,43.815815
q8562,1,d5819,97.951401
q8562,2,d5332,94.426056
q8562,3,d189,92.813980
q8562,4,d6502,91.095222
q8562,5,d8737,89.306358
q8562,6,d6687,89.152252
q8562,7,d6465,87.666733
q8562,8,d5222,85.505684
q8562,9,d8060,80.585648
q8562,10,d8236,78.888046
q8563,1,d1101,78.437912
q8563,2,d865,68.650810
q8563,3,d2104,47.017288
q8563,4,d1337,45.645073
q8563,5,d4036,45.037140
q8563,6,d5236,43.412216
q8563,7,d6289,43.286049
q8563,8,d6575,43.115993
q8563,9,d8060,42.979603
q8563,10,d5660,42.379459
q8564,1,d8529,67.166878
q8564,2,d4025,63.140167
q8564,3,d1348,62.069099
q8564,4,d1101,60.345482
q8564,5,d1964,59.006710
q8564,6,d5053,58.269352
q8564,7,d7325,58.021706
q8564,8,d6103,55.969269
q8564,9,d2468,53.076084
q8564,10,d5236,52.194225
q8565,1,d6737,93.290840
q8565,2,d2322,91.536736
q8565,3,d5053,72.372139
q8565,4,d7325,69.626045
q8565,5,d2987,67.715645
q8565,6,d6103,67.163124
q8565,7,d5236,64.925156
q8565,8,d2426,62.668968
q8565,9,d2061,62.633068
q8565,10,d1101,62.354301
q8566,1,d3378,78.151855
q8566,2,d3889,69.927368
q8566,3,d3270,50.730907
q8566,4,d2884,49.112099
q8566,5,d1101,48.029842
q8566,6,d4135,44.669659
q8566,7,d2681,37.753075
q8566,8,d1653,36.794197
q8566,9,d3244,36.143242
q8566,10,d1980,35.259579
q8567,1,d1101,85.701653
q8567,2,d4262,79.944550
q8567,3,d865,61.453915
q8567,4,d3234,60.467094
q8567,5,d6575,60.403355
q8567,6,d6540,60.030056
q8567,7,d4036,57.827415
q8567,8,d6253,57.552711
q8567,9,d1725,56.101879
q8567,10,d8606,55.802433
q8568,1,d1955,166.666748
q8568,2,d4579,149.545074
q8568,3,d6255,127.568939
q8568,4,d6944,123.719833
q8568,5,d1101,115.370514
q8568,6,d4395,114.986092
q8568,7,d388,107.979553
q8568,8,d4779,88.621330
q8568,9,d5833,87.098122
q8568,10,d5257,86.679306
q8569,1,d2215,61.082802
q8569,2,d2172,58.609695
q8569,3,d1435,58.328926
q8569,4,d6985,58.314545
q8569,5,d7743,57.125996
q8569,6,d7233,57.115772
q8569,7,d6133,50.678219
q8569,8,d6195,50.222935
q8569,9,d7024,49.802952
q8569,10,d1843,48.193439
q8570,1,d1101,97.045883
q8570,2,d679,66.424698
q8570,3,d5053,63.887180
q8570,4,d5236,58.435223
q8570,5,d1287,55.202225
q8570,6,d2104,54.502972
q8570,7,d865,54.277096
q8570,8,d7325,52.219536
q8570,9,d5474,50.999912
q8570,10,d6103,50.372341
q8571,1,d7970,73.247032
q8571,2,d4870,66.724174
q8571,3,d6747,63.501312
q8571,4,d1938,46.366619
q8571,5,d8571,39.176575
q8571,6,d5449,37.678146
q8571,7,d3941,36.260780
q8571,8,d2187,34.542099
q8571,9,d334,33.573677
q8571,10,d4438,33.276478
q8572,1,d2983,22.626848
q8572,2,d1357,15.700882
q8572,3,d3452,15.160708
q8572,4,d5148,14.457966
q8572,5,d1950,13.986657
q8572,6,d4990,13.664141
q8572,7,d476,13.394634
q8572,8,d2653,12.456600
q8572,9,d6025,12.218364
q8572,10,d7983,12.183928
q8573,1,d3471,38.835171
q8573,2,d4952,38.620705
q8573,3,d4614,30.628899
q8573,4,d3389,29.583523
q8573,5,d3372,26.195976
q8573,6,d419,25.843376
q8573,7,d3147,25.796860
q8573,8,d1101,25.613991
q8573,9,d2990,25.330139
q8573,10,d1929,25.042027
q8574,1,d469,36.027348
q8574,2,d1929,28.152426
q8574,3,d2913,23.224033
q8574,4,d419,22.459127
q8574,5,d5765,21.712046
q8574,6,d3789,21.365757
q8574,7,d4350,20.068684
q8574,8,d1101,20.068016
q8574,9,d192,18.598616
q8574,10,d165,17.870831
q8575,1,d3983,19.810762
q8575,2,d4360,15.778679
q8575,3,d1921,15.700642
q8575,4,d7716,14.682044
q8575,5,d3316,14.485351
q8575,6,d2423,14.468361
q8575,7,d6965,14.462296
q8575,8,d3841,14.415478
q8575,9,d3457,14.280361
q8575,10,d8112,14.123875
q8576,1,d8727,45.169361
q8576,2,d4043,41.307495
q8576,3,d4874,41.159145
q8576,4,d1676,36.383831
q8576,5,d1949,31.529135
q8576,6,d7209,30.830099
q8576,7,d8196,30.713436
q8576,8,d7955,30.400644
q8576,9,d1892,26.592653
q8576,10,d6490,26.429848
q8577,1,d4961,27.210794
q8577,2,d1929,23.695890
q8577,3,d3372,22.127752
q8577,4,d4611,21.783379
q8577,5,d1029,21.264748
q8577,6,d7401,21.261612
q8577,7,d3394,20.850954
q8577,8,d6082,20.697023
q8577,9,d2489,18.650732
q8577,10,d4948,18.604429
q8578,1,d4261,53.570686
q8578,2,d5599,52.213112
q8578,3,d4534,50.431152
q8578,4,d1472,46.437401
q8578,5,d1349,45.064667
q8578,6,d4655,42.098690
q8578,7,d7906,41.904106
q8578,8,d4327,39.848396
q8578,9,d5054,39.829811
q8578,10,d5718,39.648949
q8579,1,d4077,42.418285
q8579,2,d8707,37.339634
q8579,3,d229,32.974533
q8579,4,d8579,31.971045
q8579,5,d5345,30.789234
q8579,6,d3936,28.450169
q8579,7,d4431,27.542753
q8579,8,d2936,25.914927
q8579,9,d4733,25.422913
q8579,10,d2747,25.422913
q8580,1,d2453,125.165710
q8580,2,d457,124.250999
q8580,3,d496,123.569908
q8580,4,d3415,110.632973
q8580,5,d5726,78.320587
q8580,6,d5656,75.557762
q8580,7,d210,73.771904
q8580,8,d4823,73.006721
q8580,9,d7883,70.319748
q8580,10,d320,69.248383
q8581,1,d3652,21.093262
q8581,2,d1029,18.760952
q8581,3,d4331,17.410526
q8581,4,d3316,17.071789
q8581,5,d7401,16.936441
q8581,6,d3409,15.001657
q8581,7,d3109,14.936399
q8581,8,d1646,14.755411
q8581,9,d3285,14.603109
q8581,10,d250,13.444874
q8582,1,d1287,34.075790
q8582,2,d5124,32.728226
q8582,3,d6167,25.239164
q8582,4,d7492,25.031559
q8582,5,d1101,24.663086
q8582,6,d6304,24.234201
q8582,7,d8529,23.099125
q8582,8,d1929,19.047461
q8582,9,d4331,18.906864
q8582,10,d4171,18.803112
q8583,1,d250,41.455788
q8583,2,d4174,38.159786
q8583,3,d1646,37.030479
q8583,4,d5656,35.132385
q8583,5,d4767,33.421196
q8583,6,d7883,32.384407
q8583,7,d2701,29.749306
q8583,8,d5726,29.229624
q8583,9,d2992,29.229624
q8583,10,d5369,28.663940
q8584,1,d7608,19.966328
q8584,2,d1869,19.486771
q8584,3,d2737,18.409338
q8584,4,d288,16.354479
q8584,5,d4786,15.883925
q8584,6,d7410,15.629657
q8584,7,d47,14.921065
q8584,8,d1101,12.911491
q8584,9,d7209,11.868189
q8584,10,d4791,11.589946
q8585,1,d192,13.610928
q8585,2,d469,13.496218
q8585,3,d5473,12.974955
q8585,4,d7972,12.840822
q8585,5,d1671,11.972922
q8585,6,d1404,11.844795
q8585,7,d4791,11.589946
q8585,8,d5164,11.499080
q8585,9,d1697,11.497541
q8585,10,d3111,10.983838
q8586,1,d250,75.825821
q8586,2,d1646,64.174744
q8586,3,d2727,61.826092
q8586,4,d4767,60.436642
q8586,5,d4989,58.084267
q8586,6,d4858,56.890865
q8586,7,d4691,56.401562
q8586,8,d3652,55.745525
q8586,9,d3448,54.645401
q8586,10,d4281,54.645401
q8587,1,d250,58.337364
q8587,2,d1646,56.878113
q8587,3,d4767,48.930717
q8587,4,d4174,36.296486
q8587,5,d5656,35.025799
q8587,6,d7883,34.960125
q8587,7,d5726,33.005356
q8587,8,d5369,32.662354
q8587,9,d7271,31.810501
q8587,10,d846,31.633871
q8588,1,d3625,52.778858
q8588,2,d645,42.674625
q8588,3,d4779,40.256535
q8588,4,d3041,35.738258
q8588,5,d2370,32.923592
q8588,6,d3455,31.323908
q8588,7,d1888,31.293858
q8588,8,d5648,30.404083
q8588,9,d273,25.302517
q8588,10,d6492,24.728559
q8589,1,d8120,75.738762
q8589,2,d4960,69.957230
q8589,3,d315,64.562431
q8589,4,d178,60.864986
q8589,5,d7042,56.563450
q8589,6,d6542,55.748947
q8589,7,d6214,54.215763
q8589,8,d7436,54.030766
q8589,9,d394,53.678799
q8589,10,d5990,53.075562
q8590,1,d8545,81.242966
q8590,2,d3500,48.549988
q8590,3,d3539,47.564926
q8590,4,d2497,45.387375
q8590,5,d4496,40.142937
q8590,6,d1603,38.592171
q8590,7,d3852,35.797623
q8590,8,d3473,35.732849
q8590,9,d6865,33.570972
q8590,10,d5401,33.026443
q8591,1,d3420,23.997908
q8591,2,d4714,20.668247
q8591,3,d7410,18.694517
q8591,4,d2972,18.178364
q8591,5,d47,18.054861
q8591,6,d1697,17.591610
q8591,7,d4156,16.952511
q8591,8,d4486,16.814835
q8591,9,d4896,16.520670
q8591,10,d1740,15.558463
q8592,1,d1707,30.090008
q8592,2,d4770,30.090008
q8592,3,d1848,29.061756
q8592,4,d3896,26.610851
q8592,5,d5870,26.083586
q8592,6,d6971,24.825077
q8592,7,d4036,24.621744
q8592,8,d7628,23.271017
q8592,9,d6555,22.803257
q8592,10,d6631,22.768211
q8593,1,d4331,47.737156
q8593,2,d1101,44.234131
q8593,3,d3104,39.126457
q8593,4,d2706,36.853794
q8593,5,d4966,33.483318
q8593,6,d5543,30.212837
q8593,7,d7209,30.057014
q8593,8,d3316,29.089359
q8593,9,d6314,28.765955
q8593,10,d1070,25.189833
q8594,1,d5134,32.443558
q8594,2,d2093,31.879032
q8594,3,d7414,31.350986
q8594,4,d7077,30.934294
q8594,5,d6631,30.752487
q8594,6,d5543,28.587059
q8594,7,d970,27.813267
q8594,8,d6388,27.369450
q8594,9,d6314,26.915077
q8594,10,d3929,24.958984
q8595,1,d3332,50.056377
q8595,2,d6255,37.264465
q8595,3,d7209,35.604565
q8595,4,d2735,33.104759
q8595,5,d1071,25.712803
q8595,6,d3193,21.601831
q8595,7,d1025,15.956714
q8595,8,d1697,14.795490
q8595,9,d8523,14.509611
q8595,10,d4946,13.397897
q8596,1,d3214,25.660877
q8596,2,d420,23.206120
q8596,3,d2434,17.224958
q8596,4,d1101,16.912590
q8596,5,d532,16.733532
q8596,6,d1012,16.656479
q8596,7,d6582,16.294050
q8596,8,d4150,16.246840
q8596,9,d5906,15.906406
q8596,10,d3008,15.801407
q8597,1,d3983,29.547926
q8597,2,d1225,27.603954
q8597,3,d4360,26.297798
q8597,4,d7209,25.282543
q8597,5,d6965,24.103825
q8597,6,d8721,23.159647
q8597,7,d1921,22.949865
q8597,8,d3457,22.093119
q8597,9,d7787,22.005245
q8597,10,d6524,21.978807
q8598,1,d6192,36.764828
q8598,2,d1622,35.539360
q8598,3,d458,35.132462
q8598,4,d2960,35.099186
q8598,5,d193,34.089603
q8598,6,d3613,29.722111
q8598,7,d2534,24.634556
q8598,8,d8598,18.694265
q8598,9,d8462,18.694265
q8598,10,d1747,17.620068
q8599,1,d8599,83.021355
q8599,2,d4963,43.094448
q8599,3,d3282,41.377312
q8599,4,d4888,39.868011
q8599,5,d4683,37.133324
q8599,6,d5597,36.521133
q8599,7,d314,35.196495
q8599,8,d4988,26.588394
q8599,9,d8486,26.139965
q8599,10,d8387,26.139965
q8600,1,d3973,29.397099
q8600,2,d3652,29.056908
q8600,3,d4350,28.076424
q8600,4,d4281,27.171404
q8600,5,d1664,26.082884
q8600,6,d2937,23.471756
q8600,7,d250,22.408123
q8600,8,d2727,22.080750
q8600,9,d4989,20.744381
q8600,10,d1929,20.672390
q8601,1,d7736,73.384613
q8601,2,d4022,45.094887
q8601,3,d7531,43.848518
q8601,4,d1100,42.026772
q8601,5,d388,37.457352
q8601,6,d2489,31.572968
q8601,7,d2700,30.383070
q8601,8,d514,30.125982
q8601,9,d1392,29.313877
q8601,10,d7647,28.173141
q8602,1,d8024,13.013678
q8602,2,d8724,13.006494
q8602,3,d1816,12.593077
q8602,4,d2413,12.577250
q8602,5,d2972,12.118909
q8602,6,d4896,11.856798
q8602,7,d4086,11.755684
q8602,8,d4791,11.589946
q8602,9,d1697,11.497541
q8602,10,d7067,11.138921
q8603,1,d2731,70.611290
q8603,2,d7287,69.629959
q8603,3,d6316,68.671852
q8603,4,d1955,58.334942
q8603,5,d6965,54.436893
q8603,6,d242,50.996441
q8603,7,d142,50.118626
q8603,8,d1907,50.073818
q8603,9,d679,48.505207
q8603,10,d3121,45.590397
q8604,1,d4665,54.478313
q8604,2,d1287,52.741547
q8604,3,d8318,45.514503
q8604,4,d3932,39.390411
q8604,5,d3598,37.682323
q8604,6,d6734,36.428589
q8604,7,d7492,35.175926
q8604,8,d3211,34.301903
q8604,9,d6304,34.055431
q8604,10,d5992,33.323956
q8605,1,d4789,63.259064
q8605,2,d3458,53.959675
q8605,3,d2784,51.207024
q8605,4,d4237,47.729641
q8605,5,d1630,30.654945
q8605,6,d4561,28.059624
q8605,7,d1671,19.444019
q8605,8,d1185,19.194588
q8605,9,d1709,17.260559
q8605,10,d8646,16.625095
q8606,1,d217,45.716087
q8606,2,d3844,40.196289
q8606,3,d3954,39.030640
q8606,4,d8724,38.613605
q8606,5,d4403,38.613605
q8606,6,d1948,37.506199
q8606,7,d1913,37.253124
q8606,8,d91,37.231617
q8606,9,d1142,36.406223
q8606,10,d3110,35.650700
q8607,1,d8607,86.019516
q8607,2,d2710,83.028549
q8607,3,d1219,20.026060
q8607,4,d5865,19.733189
q8607,5,d6006,19.131758
q8607,6,d1831,19.038921
q8607,7,d4963,18.969276
q8607,8,d4622,18.612097
q8607,9,d5597,18.436462
q8607,10,d2732,18.230852
q8608,1,d4527,29.810669
q8608,2,d3378,15.789859
q8608,3,d2099,15.144249
q8608,4,d599,13.737366
q8608,5,d3580,13.569979
q8608,6,d189,13.534407
q8608,7,d3619,13.337809
q8608,8,d329,13.326344
q8608,9,d3348,12.923038
q8608,10,d1789,12.484653
q8609,1,d1070,44.768520
q8609,2,d865,43.505264
q8609,3,d1566,42.720638
q8609,4,d1101,40.618046
q8609,5,d3499,39.623398
q8609,6,d1346,37.684940
q8609,7,d3314,37.272354
q8609,8,d3547,37.013596
q8609,9,d4533,36.811443
q8609,10,d5874,36.408215
q8610,1,d2728,48.121902
q8610,2,d7067,33.416763
q8610,3,d2413,31.866177
q8610,4,d8663,31.247190
q8610,5,d3192,31.111773
q8610,6,d4826,30.780020
q8610,7,d8024,30.711752
q8610,8,d4432,28.304621
q8610,9,d3817,26.792105
q8610,10,d3373,25.714125
q8611,1,d3917,45.742157
q8611,2,d1871,37.826767
q8611,3,d1842,34.414421
q8611,4,d3693,32.401459
q8611,5,d395,31.052197
q8611,6,d3421,30.935848
q8611,7,d1287,29.053854
q8611,8,d7655,28.269060
q8611,9,d1781,26.428482
q8611,10,d3983,25.822098
q8612,1,d4770,33.079956
q8612,2,d7209,25.223963
q8612,3,d1707,25.075006
q8612,4,d1287,22.107597
q8612,5,d1848,21.162317
q8612,6,d401,20.327118
q8612,7,d1939,17.307564
q8612,8,d2506,17.138945
q8612,9,d5124,16.364113
q8612,10,d362,16.244795
q8613,1,d7209,71.595673
q8613,2,d6668,51.584648
q8613,3,d6814,47.717056
q8613,4,d1713,43.991474
q8613,5,d4963,40.338615
q8613,6,d3473,38.153843
q8613,7,d5597,36.876747
q8613,8,d133,34.741188
q8613,9,d314,34.681641
q8613,10,d3364,34.609257
q8614,1,d458,78.566170
q8614,2,d6192,73.529655
q8614,3,d2960,71.776505
q8614,4,d1622,71.078712
q8614,5,d193,68.179214
q8614,6,d3613,59.444225
q8614,7,d2534,49.269108
q8614,8,d8614,43.573540
q8614,9,d5348,40.031544
q8614,10,d3943,39.385841
q8615,1,d8526,19.197058
q8615,2,d7410,13.367791
q8615,3,d47,12.121490
q8615,4,d4896,12.119905
q8615,5,d7061,12.028751
q8615,6,d4791,11.589946
q8615,7,d3922,11.542841
q8615,8,d5213,11.542549
q8615,9,d1697,11.497541
q8615,10,d5262,11.488853
q8616,1,d7651,58.694210
q8616,2,d189,31.212887
q8616,3,d2700,30.551685
q8616,4,d3694,30.220270
q8616,5,d1717,29.353676
q8616,6,d4908,27.684381
q8616,7,d6086,27.562342
q8616,8,d8280,26.608456
q8616,9,d2751,26.265726
q8616,10,d2658,25.288540
q8617,1,d3064,18.600033
q8617,2,d1234,18.200508
q8617,3,d3983,18.167318
q8617,4,d1640,16.885809
q8617,5,d7813,16.602707
q8617,6,d3533,15.140125
q8617,7,d4484,14.866397
q8617,8,d8248,14.271850
q8617,9,d7209,13.355777
q8617,10,d3457,13.208793
q8618,1,d3950,72.768776
q8618,2,d666,71.411263
q8618,3,d444,59.065609
q8618,4,d4493,48.376785
q8618,5,d3499,48.182892
q8618,6,d3310,43.059437
q8618,7,d2674,42.647537
q8618,8,d7114,39.961323
q8618,9,d503,35.717186
q8618,10,d821,31.692432
q8619,1,d4794,22.255953
q8619,2,d168,21.839342
q8619,3,d3859,21.839342
q8619,4,d2572,19.796858
q8619,5,d4918,19.714716
q8619,6,d3639,19.475399
q8619,7,d152,19.264566
q8619,8,d2919,18.960114
q8619,9,d4390,18.422611
q8619,10,d4505,17.888729
q8620,1,d759,59.641346
q8620,2,d1600,55.429333
q8620,3,d6493,49.300510
q8620,4,d5981,48.444897
q8620,5,d2896,41.598015
q8620,6,d523,38.299709
q8620,7,d680,29.640957
q8620,8,d1610,28.936501
q8620,9,d8356,27.917080
q8620,10,d7636,26.649157
q8621,1,d2783,43.423477
q8621,2,d289,34.294762
q8621,3,d6252,32.140701
q8621,4,d1058,31.481697
q8621,5,d1746,30.843149
q8621,6,d1807,29.853649
q8621,7,d8119,28.992039
q8621,8,d791,28.092499
q8621,9,d3764,27.787239
q8621,10,d2433,27.535826
q8622,1,d4786,37.439163
q8622,2,d7545,30.542330
q8622,3,d7511,27.010481
q8622,4,d7483,26.770489
q8622,5,d3597,26.763632
q8622,6,d119,26.636992
q8622,7,d510,26.593216
q8622,8,d1955,26.492100
q8622,9,d2958,24.583929
q8622,10,d6581,23.516947
q8623,1,d1925,41.029804
q8623,2,d3983,37.308678
q8623,3,d4655,35.589630
q8623,4,d6965,35.117893
q8623,5,d8658,34.618710
q8623,6,d5142,33.425259
q8623,7,d1844,33.355915
q8623,8,d1392,33.237736
q8623,9,d643,33.237732
q8623,10,d3815,33.150822
q8624,1,d4896,22.783316
q8624,2,d5933,22.009918
q8624,3,d5477,21.661741
q8624,4,d5609,19.113716
q8624,5,d1101,18.723804
q8624,6,d2077,18.578230
q8624,7,d2808,18.395748
q8624,8,d5113,17.568659
q8624,9,d8307,17.381260
q8624,10,d469,16.949080
q8625,1,d381,86.522179
q8625,2,d7209,84.623497
q8625,3,d3296,83.870163
q8625,4,d4689,77.540497
q8625,5,d3884,76.639938
q8625,6,d1746,71.714203
q8625,7,d7871,69.462646
q8625,8,d3138,66.226608
q8625,9,d2346,66.186447
q8625,10,d4838,62.756268
q8626,1,d4824,24.080254
q8626,2,d4268,20.641447
q8626,3,d5103,18.111004
q8626,4,d5460,17.915327
q8626,5,d288,16.797434
q8626,6,d4730,16.741369
q8626,7,d4546,15.656144
q8626,8,d3144,14.891069
q8626,9,d7951,14.843739
q8626,10,d2823,14.719578
q8627,1,d250,95.081863
q8627,2,d1646,66.646294
q8627,3,d4767,62.038078
q8627,4,d7209,60.769947
q8627,5,d2727,52.993793
q8627,6,d3652,50.831142
q8627,7,d4989,49.786514
q8627,8,d4858,48.763599
q8627,9,d4691,48.344196
q8627,10,d3448,46.838913
q8628,1,d817,121.014931
q8628,2,d7123,94.651703
q8628,3,d4112,73.355446
q8628,4,d3378,68.343948
q8628,5,d6763,67.153641
q8628,6,d3270,67.039536
q8628,7,d4135,63.223152
q8628,8,d3889,61.893646
q8628,9,d7209,60.114025
q8628,10,d6409,56.572678
q8629,1,d5266,152.903809
q8629,2,d3690,90.387352
q8629,3,d3704,87.340706
q8629,4,d3536,64.517715
q8629,5,d8207,23.470800
q8629,6,d5157,23.421921
q8629,7,d6120,23.310190
q8629,8,d5542,23.174742
q8629,9,d2638,22.382250
q8629,10,d8589,21.955202
q8630,1,d3394,22.373926
q8630,2,d4167,18.850441
q8630,3,d6086,16.320629
q8630,4,d8280,15.748663
q8630,5,d1664,15.719406
q8630,6,d1929,15.497766
q8630,7,d2939,15.464060
q8630,8,d4469,15.332588
q8630,9,d4128,15.128365
q8630,10,d6834,14.821922
q8631,1,d2913,25.400902
q8631,2,d1929,24.313961
q8631,3,d3841,23.115156
q8631,4,d419,22.459127
q8631,5,d5765,21.712046
q8631,6,d2404,21.586981
q8631,7,d165,21.560581
q8631,8,d3789,21.365757
q8631,9,d3476,20.331663
q8631,10,d4350,20.068684
q8632,1,d7636,26.210447
q8632,2,d5631,22.258698
q8632,3,d2120,21.092815
q8632,4,d2566,18.514788
q8632,5,d7915,18.501631
q8632,6,d2349,18.240294
q8632,7,d1029,17.583176
q8632,8,d2074,17.165585
q8632,9,d3707,15.488567
q8632,10,d2700,15.483456
q8633,1,d7610,32.843044
q8633,2,d2833,26.026579
q8633,3,d4839,23.481348
q8633,4,d5788,22.715164
q8633,5,d5175,20.287703
q8633,6,d2872,19.449093
q8633,7,d4331,17.137432
q8633,8,d4086,16.334681
q8633,9,d8433,16.294910
q8633,10,d7270,15.709626
q8634,1,d4331,40.730923
q8634,2,d4485,35.006561
q8634,3,d3489,33.746231
q8634,4,d3916,33.211605
q8634,5,d4265,31.321560
q8634,6,d3316,30.870220
q8634,7,d1101,30.411055
q8634,8,d2491,29.720024
q8634,9,d4841,26.945677
q8634,10,d7209,24.509460
q8635,1,d865,34.396114
q8635,2,d4135,32.739460
q8635,3,d1130,30.666069
q8635,4,d1029,29.757929
q8635,5,d6287,27.159845
q8635,6,d8196,27.072821
q8635,7,d7475,26.660620
q8635,8,d5277,26.323725
q8635,9,d3983,26.280312
q8635,10,d5560,26.155464
q8636,1,d3625,29.581285
q8636,2,d7970,24.773935
q8636,3,d4870,23.440260
q8636,4,d645,22.399355
q8636,5,d6747,22.214552
q8636,6,d3041,20.421864
q8636,7,d3455,17.899376
q8636,8,d2370,16.979628
q8636,9,d1938,16.161505
q8636,10,d47,14.921065
q8637,1,d561,62.002209
q8637,2,d4954,60.967117
q8637,3,d4378,59.299660
q8637,4,d7246,54.902519
q8637,5,d8637,54.878189
q8637,6,d4914,53.374805
q8637,7,d1527,51.500999
q8637,8,d1784,50.812176
q8637,9,d8390,49.891506
q8637,10,d5229,48.906902
q8638,1,d8638,89.728806
q8638,2,d7519,85.450569
q8638,3,d8241,71.417267
q8638,4,d8729,68.473022
q8638,5,d8319,45.609573
q8638,6,d7365,43.879944
q8638,7,d7811,39.151768
q8638,8,d3689,38.942814
q8638,9,d2083,37.751492
q8638,10,d7209,37.341805
q8639,1,d3864,70.099487
q8639,2,d1964,43.513367
q8639,3,d3856,42.109528
q8639,4,d7209,36.764194
q8639,5,d4025,35.358242
q8639,6,d3983,33.037079
q8639,7,d1789,32.828545
q8639,8,d2469,32.735435
q8639,9,d1626,31.930197
q8639,10,d1348,31.691288
q8640,1,d3898,108.229980
q8640,2,d153,105.026703
q8640,3,d4262,74.614914
q8640,4,d4444,64.308319
q8640,5,d242,60.992016
q8640,6,d2526,60.466740
q8640,7,d3234,56.435955
q8640,8,d2262,55.008892
q8640,9,d4954,49.251400
q8640,10,d4424,47.649742
q8641,1,d8419,60.910820
q8641,2,d7209,47.472752
q8641,3,d2177,43.287346
q8641,4,d7841,40.018570
q8641,5,d6443,38.841122
q8641,6,d4803,37.813683
q8641,7,d2299,35.995174
q8641,8,d3455,33.209904
q8641,9,d3932,31.906040
q8641,10,d4346,30.709215
q8642,1,d6316,32.997375
q8642,2,d7287,31.274738
q8642,3,d1955,29.233013
q8642,4,d2708,28.979427
q8642,5,d6443,26.535809
q8642,6,d7117,25.385347
q8642,7,d3487,23.869362
q8642,8,d1029,22.640642
q8642,9,d4409,22.331085
q8642,10,d1838,21.811100
q8643,1,d7209,30.830095
q8643,2,d4250,26.089785
q8643,3,d7675,23.646702
q8643,4,d2882,22.750263
q8643,5,d4040,22.380749
q8643,6,d2807,21.877151
q8643,7,d1108,21.576040
q8643,8,d5460,21.230122
q8643,9,d4966,21.192221
q8643,10,d135,20.888950
q8644,1,d8532,45.545078
q8644,2,d8749,44.954140
q8644,3,d1212,44.002445
q8644,4,d2686,43.474041
q8644,5,d8731,43.053699
q8644,6,d6655,41.969761
q8644,7,d198,41.651192
q8644,8,d8644,40.877804
q8644,9,d1052,40.357319
q8644,10,d8310,40.037933
q8645,1,d5597,62.739632
q8645,2,d4963,50.605888
q8645,3,d4888,50.380615
q8645,4,d2497,42.743690
q8645,5,d4218,39.190998
q8645,6,d4940,39.119560
q8645,7,d8756,36.577797
q8645,8,d3282,33.947590
q8645,9,d2787,33.095779
q8645,10,d3115,31.658007
q8646,1,d3839,94.288307
q8646,2,d4455,84.846344
q8646,3,d3955,72.870140
q8646,4,d3653,29.604124
q8646,5,d2701,23.543617
q8646,6,d1287,17.037895
q8646,7,d5124,16.364113
q8646,8,d1029,14.433081
q8646,9,d3983,13.562752
q8646,10,d7425,12.811423
q8647,1,d6486,39.539036
q8647,2,d7557,35.326962
q8647,3,d3898,27.358917
q8647,4,d2489,24.939734
q8647,5,d3316,24.488012
q8647,6,d7989,23.988203
q8647,7,d4230,23.578085
q8647,8,d1789,22.685352
q8647,9,d5385,22.150890
q8647,10,d8089,21.653212
q8648,1,d3898,65.437317
q8648,2,d287,48.830868
q8648,3,d4226,40.373669
q8648,4,d4331,37.866730
q8648,5,d1101,32.293034
q8648,6,d7209,29.670471
q8648,7,d3104,27.388519
q8648,8,d3316,26.178215
q8648,9,d2706,25.797655
q8648,10,d4966,23.438322
q8649,1,d6206,23.597898
q8649,2,d7473,21.932199
q8649,3,d643,20.040409
q8649,4,d5142,19.860142
q8649,5,d1980,19.448345
q8649,6,d4735,18.478495
q8649,7,d4655,17.679434
q8649,8,d6493,17.524189
q8649,9,d1845,17.523659
q8649,10,d1071,17.058222
q8650,1,d1481,20.234522
q8650,2,d4331,17.704773
q8650,3,d1929,15.394138
q8650,4,d1101,15.243371
q8650,5,d2913,13.934421
q8650,6,d419,13.475477
q8650,7,d5765,13.027227
q8650,8,d3789,12.819454
q8650,9,d4171,12.312460
q8650,10,d4350,12.041210
q8651,1,d7209,71.209129
q8651,2,d2154,66.042877
q8651,3,d1317,64.652084
q8651,4,d1452,60.469044
q8651,5,d258,57.907803
q8651,6,d7114,56.891762
q8651,7,d7233,54.459538
q8651,8,d1287,50.313499
q8651,9,d7809,49.580761
q8651,10,d7492,49.030502
q8652,1,d1101,19.473148
q8652,2,d135,18.692633
q8652,3,d1697,18.093439
q8652,4,d1795,14.427372
q8652,5,d1084,14.264690
q8652,6,d7615,14.104749
q8652,7,d4331,14.101987
q8652,8,d3316,14.065877
q8652,9,d338,13.948355
q8652,10,d447,13.781904
q8653,1,d5922,84.902000
q8653,2,d6444,81.596451
q8653,3,d4132,79.115189
q8653,4,d2715,77.163734
q8653,5,d4643,73.923691
q8653,6,d3934,73.512215
q8653,7,d3060,69.274582
q8653,8,d365,60.858208
q8653,9,d2302,58.964809
q8653,10,d3214,56.845898
q8654,1,d91,16.151859
q8654,2,d1948,16.149006
q8654,3,d3842,15.850559
q8654,4,d2413,15.510036
q8654,5,d3954,15.201258
q8654,6,d3844,15.073608
q8654,7,d217,15.033835
q8654,8,d4896,14.789586
q8654,9,d3301,14.364447
q8654,10,d1913,13.969921
q8655,1,d250,27.205942
q8655,2,d4174,25.020935
q8655,3,d7209,23.736378
q8655,4,d6690,23.583517
q8655,5,d7695,21.880705
q8655,6,d1910,21.016453
q8655,7,d2223,21.015341
q8655,8,d7343,20.727013
q8655,9,d2545,20.662802
q8655,10,d104,20.443707
q8656,1,d306,22.838116
q8656,2,d712,22.126572
q8656,3,d333,19.901630
q8656,4,d1639,19.713087
q8656,5,d4576,19.348421
q8656,6,d135,17.540609
q8656,7,d7085,17.390865
q8656,8,d2965,17.145828
q8656,9,d272,17.139687
q8656,10,d476,17.002546
q8657,1,d4770,82.217438
q8657,2,d1707,70.210007
q8657,3,d3844,66.232056
q8657,4,d1664,62.883881
q8657,5,d5919,60.302933
q8657,6,d1848,59.254490
q8657,7,d2506,47.989044
q8657,8,d361,45.745155
q8657,9,d362,45.485424
q8657,10,d401,44.861355
q8658,1,d6460,86.934692
q8658,2,d4135,70.572731
q8658,3,d2681,64.924881
q8658,4,d1653,62.269711
q8658,5,d4551,60.926601
q8658,6,d4422,60.643559
q8658,7,d4837,59.610302
q8658,8,d181,59.055286
q8658,9,d3530,52.520325
q8658,10,d2884,47.484398
q8659,1,d112,29.567511
q8659,2,d1778,28.468063
q8659,3,d6968,26.624294
q8659,4,d4785,25.599176
q8659,5,d1802,24.632864
q8659,6,d1965,24.051132
q8659,7,d1786,23.944660
q8659,8,d4666,21.605223
q8659,9,d3807,21.434271
q8659,10,d3297,21.113255
q8660,1,d1537,21.344454
q8660,2,d4507,19.042383
q8660,3,d3734,19.042383
q8660,4,d1630,18.787262
q8660,5,d447,17.731716
q8660,6,d8529,17.027782
q8660,7,d267,16.275921
q8660,8,d4193,14.395349
q8660,9,d2949,13.387901
q8660,10,d2870,12.909299
q8661,1,d1101,116.180794
q8661,2,d865,90.560066
q8661,3,d679,75.789444
q8661,4,d1337,72.641579
q8661,5,d7155,66.824272
q8661,6,d4036,66.636253
q8661,7,d8358,61.181526
q8661,8,d1044,59.628063
q8661,9,d8060,59.164688
q8661,10,d2104,58.458447
q8662,1,d1101,105.628021
q8662,2,d4036,63.261192
q8662,3,d5611,63.069656
q8662,4,d5513,60.611122
q8662,5,d4277,56.534721
q8662,6,d1395,56.200954
q8662,7,d7989,56.031704
q8662,8,d2038,55.437145
q8662,9,d2937,55.297745
q8662,10,d3316,54.980167
q8663,1,d1101,108.921921
q8663,2,d3955,86.368507
q8663,3,d865,72.238060
q8663,4,d5236,65.946732
q8663,5,d7694,62.447720
q8663,6,d2104,62.395771
q8663,7,d2701,61.285690
q8663,8,d3840,60.538467
q8663,9,d1337,60.200119
q8663,10,d7989,58.657948
q8664,1,d1101,58.713329
q8664,2,d5965,50.349384
q8664,3,d153,46.191219
q8664,4,d7155,45.751549
q8664,5,d7521,44.644958
q8664,6,d6574,44.224731
q8664,7,d7162,44.059162
q8664,8,d3025,43.419430
q8664,9,d4348,43.152283
q8664,10,d865,42.787075
q8665,1,d1101,85.428596
q8665,2,d1337,66.056450
q8665,3,d2104,64.472038
q8665,4,d679,59.880829
q8665,5,d7989,56.484123
q8665,6,d4824,54.269180
q8665,7,d1044,51.367363
q8665,8,d5460,49.861534
q8665,9,d4268,49.266899
q8665,10,d6971,48.615982
q8666,1,d7492,102.497177
q8666,2,d5992,91.834274
q8666,3,d1287,89.606201
q8666,4,d5236,77.335091
q8666,5,d4907,73.903229
q8666,6,d372,72.656540
q8666,7,d7808,71.708138
q8666,8,d3569,70.366257
q8666,9,d5053,69.923225
q8666,10,d7325,69.626045
q8667,1,d1929,63.479786
q8667,2,d1029,60.014324
q8667,3,d3394,54.122440
q8667,4,d5477,53.771145
q8667,5,d1101,53.138454
q8667,6,d5609,52.562714
q8667,7,d2077,51.090134
q8667,8,d5933,50.968948
q8667,9,d5113,49.964592
q8667,10,d4896,49.270969
q8668,1,d1536,118.352364
q8668,2,d553,115.703041
q8668,3,d3297,92.226387
q8668,4,d2864,83.714470
q8668,5,d817,76.989265
q8668,6,d7123,76.351768
q8668,7,d1219,65.084694
q8668,8,d5865,64.132858
q8668,9,d6006,62.178215
q8668,10,d1831,61.876503
q8669,1,d1101,58.918751
q8669,2,d4652,58.823818
q8669,3,d3800,58.061806
q8669,4,d2805,52.907581
q8669,5,d4963,49.418674
q8669,6,d7743,48.266968
q8669,7,d8534,42.637096
q8669,8,d4566,41.302845
q8669,9,d5236,40.205517
q8669,10,d1748,39.110012
q8670,1,d1101,79.382477
q8670,2,d6540,57.035564
q8670,3,d543,54.894680
q8670,4,d6575,53.586952
q8670,5,d6235,53.571472
q8670,6,d2104,52.079933
q8670,7,d5053,48.442101
q8670,8,d8606,47.565819
q8670,9,d865,46.750515
q8670,10,d7325,46.417366
q8671,1,d1101,55.474346
q8671,2,d865,42.787075
q8671,3,d6575,36.823521
q8671,4,d5053,34.961613
q8671,5,d7325,34.813026
q8671,6,d5236,34.754665
q8671,7,d6103,33.581558
q8671,8,d2104,32.069801
q8671,9,d2061,31.316538
q8671,10,d6540,29.917299
q8672,1,d817,121.486435
q8672,2,d1101,106.151619
q8672,3,d6795,95.056885
q8672,4,d1724,91.303886
q8672,5,d1627,89.918381
q8672,6,d7123,88.044685
q8672,7,d7003,87.043709
q8672,8,d6379,86.927414
q8672,9,d865,83.968781
q8672,10,d3777,82.063919
q8673,1,d1101,52.190552
q8673,2,d4165,43.814568
q8673,3,d2410,39.685600
q8673,4,d5551,39.323330
q8673,5,d8060,39.053383
q8673,6,d6465,38.638271
q8673,7,d5053,38.614845
q8673,8,d3297,37.511986
q8673,9,d7155,36.252613
q8673,10,d1294,35.954823
q8674,1,d561,158.539810
q8674,2,d3625,153.392242
q8674,3,d4378,150.654419
q8674,4,d2469,149.680222
q8674,5,d8637,139.689972
q8674,6,d7246,139.222794
q8674,7,d1047,135.502502
q8674,8,d1626,131.126480
q8674,9,d8390,126.996559
q8674,10,d1527,125.810722
q8675,1,d1101,124.346764
q8675,2,d865,83.002144
q8675,3,d1337,78.131042
q8675,4,d5236,72.947449
q8675,5,d5053,69.923225
q8675,6,d7325,69.626045
q8675,7,d679,69.068748
q8675,8,d2104,68.011711
q8675,9,d8358,67.514381
q8675,10,d6103,67.163124
q8676,1,d1287,113.655106
q8676,2,d2038,105.531952
q8676,3,d3297,93.742165
q8676,4,d703,91.568062
q8676,5,d6815,83.266586
q8676,6,d7155,73.226883
q8676,7,d5513,64.246094
q8676,8,d7249,61.218899
q8676,9,d902,59.052334
q8676,10,d4411,58.837734
q8677,1,d5053,67.159164
q8677,2,d1101,65.020615
q8677,3,d5236,64.196777
q8677,4,d7325,63.823875
q8677,5,d6103,61.566196
q8677,6,d2061,57.413647
q8677,7,d1748,52.927906
q8677,8,d6540,52.863968
q8677,9,d6935,50.976215
q8677,10,d893,48.011028
q8678,1,d1748,110.751839
q8678,2,d1101,104.917427
q8678,3,d5236,83.897079
q8678,4,d7258,78.496948
q8678,5,d3840,77.757843
q8678,6,d8196,77.400528
q8678,7,d6540,77.388725
q8678,8,d5053,75.750160
q8678,9,d7202,75.496330
q8678,10,d7325,75.428215
q8679,1,d7642,129.315887
q8679,2,d54,116.069168
q8679,3,d6384,114.464668
q8679,4,d895,113.508324
q8679,5,d4542,111.860603
q8679,6,d4463,110.155136
q8679,7,d7971,108.028992
q8679,8,d3258,107.373245
q8679,9,d469,107.250877
q8679,10,d2762,106.153008
q8680,1,d1101,66.893036
q8680,2,d6384,58.239799
q8680,3,d895,55.057552
q8680,4,d7536,53.787666
q8680,5,d8529,53.222931
q8680,6,d7989,52.768982
q8680,7,d679,52.546978
q8680,8,d6187,49.844864
q8680,9,d5053,48.442097
q8680,10,d4463,47.823486
q8681,1,d1101,31.989504
q8681,2,d6384,24.145531
q8681,3,d7989,23.085497
q8681,4,d1118,21.306381
q8681,5,d1919,18.305235
q8681,6,d1632,17.048849
q8681,7,d3717,16.627272
q8681,8,d2540,16.447550
q8681,9,d962,16.094076
q8681,10,d1248,15.837711
q8682,1,d1101,82.821823
q8682,2,d865,58.884205
q8682,3,d5053,53.666874
q8682,4,d7325,52.219536
q8682,5,d6103,50.372341
q8682,6,d6384,48.801563
q8682,7,d6540,47.006954
q8682,8,d5236,46.974804
q8682,9,d2061,46.974804
q8682,10,d1138,43.697838
q8683,1,d1101,53.035995
q8683,2,d5053,42.615166
q8683,3,d7325,40.615196
q8683,4,d5236,39.974087
q8683,5,d6103,39.178486
q8683,6,d2061,36.535961
q8683,7,d1636,34.417080
q8683,8,d3842,34.193203
q8683,9,d722,33.417000
q8683,10,d6540,32.278439
q8684,1,d1101,96.349487
q8684,2,d679,68.546753
q8684,3,d7989,62.997253
q8684,4,d1276,60.224800
q8684,5,d6187,58.540283
q8684,6,d895,57.453239
q8684,7,d6384,56.319180
q8684,8,d1337,50.670471
q8684,9,d7971,49.679081
q8684,10,d2762,46.806103
q8685,1,d7743,83.411880
q8685,2,d7233,80.967262
q8685,3,d2215,80.843117
q8685,4,d2154,67.785973
q8685,5,d6356,58.681808
q8685,6,d1101,55.527939
q8685,7,d1435,53.416283
q8685,8,d1851,52.927513
q8685,9,d2172,51.932449
q8685,10,d6133,51.099953
q8686,1,d1101,64.616570
q8686,2,d3631,62.827999
q8686,3,d2988,61.689438
q8686,4,d4018,57.473782
q8686,5,d3212,53.209492
q8686,6,d433,51.967838
q8686,7,d865,48.652431
q8686,8,d7989,45.931625
q8686,9,d3038,43.327198
q8686,10,d2104,42.161987
q8687,1,d4839,63.394566
q8687,2,d4036,57.580441
q8687,3,d152,54.562973
q8687,4,d6465,54.200165
q8687,5,d1639,53.594994
q8687,6,d1101,51.736633
q8687,7,d2410,51.160091
q8687,8,d2572,50.293968
q8687,9,d7270,49.740879
q8687,10,d4918,45.551445
q8688,1,d1101,67.285667
q8688,2,d6384,38.971382
q8688,3,d5053,36.788231
q8688,4,d3316,34.891392
q8688,5,d7325,34.813026
q8688,6,d6977,33.695560
q8688,7,d6103,33.581558
q8688,8,d5551,33.367737
q8688,9,d4331,32.538177
q8688,10,d5236,32.462582
q8689,1,d1636,98.334511
q8689,2,d1101,96.806305
q8689,3,d722,89.229980
q8689,4,d3842,88.088684
q8689,5,d1630,80.995842
q8689,6,d4073,79.252769
q8689,7,d1974,79.252769
q8689,8,d4525,77.924606
q8689,9,d1987,77.278244
q8689,10,d387,69.743111
q8690,1,d5648,120.898163
q8690,2,d4779,116.813118
q8690,3,d1888,111.946869
q8690,4,d7875,65.404633
q8690,5,d7642,63.184414
q8690,6,d2456,57.796192
q8690,7,d2937,55.863140
q8690,8,d4027,47.147690
q8690,9,d7117,42.608536
q8690,10,d4765,42.102177
q8691,1,d3625,118.953270
q8691,2,d645,100.797096
q8691,3,d1101,92.686165
q8691,4,d3041,91.898392
q8691,5,d3455,80.547211
q8691,6,d865,65.887459
q8691,7,d273,65.063629
q8691,8,d6492,63.587715
q8691,9,d2370,56.581936
q8691,10,d1737,53.195923
q8692,1,d5053,63.749199
q8692,2,d7325,58.021706
q8692,3,d5236,56.778393
q8692,4,d6103,55.969269
q8692,5,d2061,52.194225
q8692,6,d1101,51.304565
q8692,7,d6540,47.237091
q8692,8,d1748,46.213989
q8692,9,d6935,44.813461
q8692,10,d6397,43.624073
q8693,1,d561,170.294373
q8693,2,d3625,161.301987
q8693,3,d4378,158.527802
q8693,4,d8637,154.656738
q8693,5,d7246,153.515915
q8693,6,d8390,140.603348
q8693,7,d1527,140.583664
q8693,8,d5229,137.828537
q8693,9,d645,134.396133
q8693,10,d7192,132.880920
q8694,1,d1101,118.267738
q8694,2,d2021,74.449020
q8694,3,d865,65.417351
q8694,4,d7608,64.111893
q8694,5,d3511,60.058189
q8694,6,d1869,58.460312
q8694,7,d1337,57.422199
q8694,8,d4036,52.519482
q8694,9,d2104,49.825840
q8694,10,d8358,49.195427
q8695,1,d1101,65.853729
q8695,2,d6384,63.466862
q8695,3,d7642,58.543900
q8695,4,d5236,53.851055
q8695,5,d2762,53.558510
q8695,6,d5053,52.442417
q8695,7,d7325,52.219536
q8695,8,d4331,51.703182
q8695,9,d1748,50.441219
q8695,10,d6103,50.372341
q8696,1,d4952,43.919441
q8696,2,d419,39.318851
q8696,3,d3471,37.828091
q8696,4,d2913,37.158451
q8696,5,d1929,35.185646
q8696,6,d5765,34.739273
q8696,7,d3789,34.185211
q8696,8,d3966,32.191635
q8696,9,d4350,32.109894
q8696,10,d170,31.623598
q8697,1,d8697,29.817375
q8697,2,d327,26.489864
q8697,3,d2983,22.626848
q8697,4,d5148,14.457966
q8697,5,d7639,11.759340
q8697,6,d1293,10.936404
q8697,7,d357,10.311516
q8697,8,d2489,10.146459
q8697,9,d743,9.916034
q8697,10,d3422,9.826459
q8698,1,d4875,34.027714
q8698,2,d6687,32.256218
q8698,3,d2513,31.289143
q8698,4,d3788,30.701954
q8698,5,d2565,30.152227
q8698,6,d1101,29.083775
q8698,7,d7410,27.473957
q8698,8,d4419,27.301975
q8698,9,d47,27.211243
q8698,10,d1626,26.266592
q8699,1,d5251,57.666794
q8699,2,d2322,52.700981
q8699,3,d1068,48.256088
q8699,4,d846,47.722645
q8699,5,d4755,43.851818
q8699,6,d2773,42.520844
q8699,7,d4419,42.052238
q8699,8,d1029,40.381985
q8699,9,d871,38.370289
q8699,10,d1101,37.362659
q8700,1,d8705,31.283396
q8700,2,d8700,29.615343
q8700,3,d1101,26.220158
q8700,4,d47,20.126116
q8700,5,d7410,19.908730
q8700,6,d4718,16.804977
q8700,7,d4593,16.566481
q8700,8,d2702,15.960718
q8700,9,d5564,15.311613
q8700,10,d4379,14.965273
q8701,1,d1942,25.750925
q8701,2,d4131,24.939611
q8701,3,d1101,24.880775
q8701,4,d4961,24.316347
q8701,5,d4694,24.007809
q8701,6,d4651,23.284870
q8701,7,d3316,22.456852
q8701,8,d4046,22.012152
q8701,9,d1737,21.033598
q8701,10,d1029,20.261097
q8702,1,d2627,96.271957
q8702,2,d1101,88.179108
q8702,3,d6997,86.197426
q8702,4,d5908,56.256912
q8702,5,d7051,52.452900
q8702,6,d116,52.030605
q8702,7,d8702,48.411865
q8702,8,d4078,47.503395
q8702,9,d3711,47.412167
q8702,10,d47,46.506264
q8703,1,d3442,56.477516
q8703,2,d1739,49.484528
q8703,3,d1487,46.019501
q8703,4,d1101,43.602219
q8703,5,d8703,43.390026
q8703,6,d2749,43.081131
q8703,7,d2579,40.637920
q8703,8,d1811,40.490601
q8703,9,d4690,39.705486
q8703,10,d1741,39.549145
q8704,1,d8704,50.435181
q8704,2,d7813,39.566254
q8704,3,d4331,22.327473
q8704,4,d3316,19.530403
q8704,5,d4230,17.681637
q8704,6,d3238,17.621988
q8704,7,d1929,17.204647
q8704,8,d8483,16.418673
q8704,9,d1175,16.354555
q8704,10,d8184,16.087143
q8705,1,d8700,32.947704
q8705,2,d8705,31.283396
q8705,3,d2600,29.046118
q8705,4,d2631,29.046118
q8705,5,d2702,27.798725
q8705,6,d1101,24.555950
q8705,7,d2625,24.478615
q8705,8,d4954,24.342686
q8705,9,d2560,24.100430
q8705,10,d6638,22.252007
q8706,1,d2638,39.973656
q8706,2,d4855,39.902851
q8706,3,d8706,35.472836
q8706,4,d394,30.236902
q8706,5,d6654,22.895506
q8706,6,d3522,22.758816
q8706,7,d8589,22.725039
q8706,8,d8083,22.484406
q8706,9,d8114,21.965822
q8706,10,d2077,21.473383
q8707,1,d8707,100.318466
q8707,2,d475,75.388840
q8707,3,d2688,56.508724
q8707,4,d4240,53.904339
q8707,5,d4448,50.773224
q8707,6,d2754,49.756416
q8707,7,d2555,49.305157
q8707,8,d2840,48.894882
q8707,9,d3954,48.585861
q8707,10,d1942,48.118382
q8708,1,d4976,22.296043
q8708,2,d1101,19.808640
q8708,3,d1721,19.367531
q8708,4,d7067,18.214169
q8708,5,d47,17.913225
q8708,6,d7410,17.818296
q8708,7,d4099,15.888014
q8708,8,d2588,15.593594
q8708,9,d4499,15.045433
q8708,10,d1942,14.788622
q8709,1,d2798,25.244787
q8709,2,d4565,23.479006
q8709,3,d135,22.307796
q8709,4,d2937,22.084379
q8709,5,d3931,21.532055
q8709,6,d7989,21.527086
q8709,7,d255,21.442650
q8709,8,d1101,21.437761
q8709,9,d4230,20.452942
q8709,10,d4564,19.992376
q8710,1,d3442,55.161423
q8710,2,d4779,50.624790
q8710,3,d1487,46.019501
q8710,4,d2579,45.687054
q8710,5,d8703,42.404465
q8710,6,d2823,37.717552
q8710,7,d3501,34.354969
q8710,8,d2749,33.935192
q8710,9,d3802,33.702721
q8710,10,d7750,33.361404
q8711,1,d8711,56.074814
q8711,2,d2749,44.150795
q8711,3,d2690,42.024075
q8711,4,d1741,41.000004
q8711,5,d3137,39.615208
q8711,6,d6631,38.189941
q8711,7,d3766,35.887932
q8711,8,d4273,33.607468
q8711,9,d4821,32.973656
q8711,10,d3996,32.939041
q8712,1,d1101,14.069260
q8712,2,d4331,11.152066
q8712,3,d3316,11.013142
q8712,4,d1117,10.883084
q8712,5,d6922,10.837425
q8712,6,d1029,10.290463
q8712,7,d6384,10.038980
q8712,8,d4966,9.816221
q8712,9,d1795,9.792309
q8712,10,d7471,9.676146
q8713,1,d8713,86.142555
q8713,2,d4855,51.792469
q8713,3,d4228,45.864780
q8713,4,d1934,45.377846
q8713,5,d2596,40.037674
q8713,6,d381,39.327831
q8713,7,d4730,34.498405
q8713,8,d4824,34.018730
q8713,9,d2937,33.489159
q8713,10,d1984,32.061268
q8714,1,d6128,42.333740
q8714,2,d4156,37.882542
q8714,3,d2972,36.356728
q8714,4,d3316,34.413464
q8714,5,d152,33.825829
q8714,6,d2807,31.565872
q8714,7,d3002,31.231462
q8714,8,d3581,28.211172
q8714,9,d2038,27.899221
q8714,10,d4331,26.195927
q8715,1,d3373,63.580544
q8715,2,d4165,62.234161
q8715,3,d6551,61.871418
q8715,4,d4976,59.448917
q8715,5,d3318,58.399094
q8715,6,d3192,54.725021
q8715,7,d4654,53.218128
q8715,8,d4772,50.130238
q8715,9,d2728,48.985672
q8715,10,d3585,48.814423
q8716,1,d4409,40.829288
q8716,2,d1967,37.448914
q8716,3,d6619,31.820204
q8716,4,d4615,31.252028
q8716,5,d2509,29.342840
q8716,6,d6316,27.053427
q8716,7,d7287,26.830296
q8716,8,d445,26.373322
q8716,9,d3487,26.238968
q8716,10,d1955,25.637983
q8717,1,d3799,136.736969
q8717,2,d1782,114.471909
q8717,3,d2500,109.244514
q8717,4,d4914,90.855339
q8717,5,d561,87.893883
q8717,6,d1794,85.595535
q8717,7,d4395,85.320343
q8717,8,d4378,83.613708
q8717,9,d4318,83.416451
q8717,10,d7246,81.634567
q8718,1,d8718,55.160252
q8718,2,d4446,32.216343
q8718,3,d1737,27.765827
q8718,4,d1101,15.117232
q8718,5,d1942,14.073114
q8718,6,d350,14.010707
q8718,7,d7410,12.712870
q8718,8,d1029,12.519391
q8718,9,d47,12.249806
q8718,10,d6825,12.126728
q8719,1,d3409,24.182098
q8719,2,d3109,23.683367
q8719,3,d7401,21.431568
q8719,4,d4694,21.185406
q8719,5,d6518,20.433952
q8719,6,d703,20.348459
q8719,7,d3297,20.138565
q8719,8,d3316,18.904514
q8719,9,d5460,18.723553
q8719,10,d1929,18.374954
q8720,1,d484,26.477489
q8720,2,d2268,19.281895
q8720,3,d401,18.545490
q8720,4,d4384,17.933439
q8720,5,d5906,17.903538
q8720,6,d907,17.796759
q8720,7,d4223,17.756218
q8720,8,d3447,17.083809
q8720,9,d1130,16.917320
q8720,10,d3890,16.883741
q8721,1,d7209,37.150738
q8721,2,d3983,30.891922
q8721,3,d4360,29.849075
q8721,4,d1982,24.637039
q8721,5,d3464,24.263468
q8721,6,d6965,24.103825
q8721,7,d7716,23.328320
q8721,8,d3457,22.093119
q8721,9,d6524,21.978807
q8721,10,d3186,20.846737
q8722,1,d8527,55.901234
q8722,2,d5277,32.116913
q8722,3,d5012,30.359728
q8722,4,d4493,29.778465
q8722,5,d3799,27.862835
q8722,6,d2673,27.781424
q8722,7,d2500,27.551739
q8722,8,d4395,27.531553
q8722,9,d7114,26.728460
q8722,10,d3310,26.671343
q8723,1,d7557,45.420376
q8723,2,d6486,45.168564
q8723,3,d1101,44.104870
q8723,4,d4331,41.691185
q8723,5,d6634,35.861427
q8723,6,d4966,31.465988
q8723,7,d3104,31.301165
q8723,8,d2706,29.483034
q8723,9,d7401,26.372892
q8723,10,d3916,26.162014
q8724,1,d3983,21.314707
q8724,2,d2728,20.711128
q8724,3,d4432,20.572012
q8724,4,d217,20.501341
q8724,5,d3457,19.949978
q8724,6,d7608,19.187660
q8724,7,d8724,19.113970
q8724,8,d7067,17.957607
q8724,9,d8024,16.636650
q8724,10,d8414,16.579170
q8725,1,d1287,33.654915
q8725,2,d4542,29.331001
q8725,3,d469,28.436493
q8725,4,d4244,25.752728
q8725,5,d2762,24.818390
q8725,6,d4576,24.727398
q8725,7,d7971,24.616175
q8725,8,d895,24.127163
q8725,9,d3491,24.012722
q8725,10,d1632,23.705084
q8726,1,d3898,41.012146
q8726,2,d503,35.644253
q8726,3,d821,30.858219
q8726,4,d7114,29.279184
q8726,5,d3155,28.829201
q8726,6,d7743,28.566629
q8726,7,d6293,27.922462
q8726,8,d4016,26.995726
q8726,9,d287,24.415434
q8726,10,d4493,24.211018
q8727,1,d4574,49.165642
q8727,2,d3933,47.022682
q8727,3,d454,43.266861
q8727,4,d7209,31.603182
q8727,5,d2538,26.204393
q8727,6,d1676,24.028595
q8727,7,d3297,23.594650
q8727,8,d7043,20.764530
q8727,9,d7264,19.478411
q8727,10,d153,19.460718
q8728,1,d4770,76.142281
q8728,2,d1939,61.719833
q8728,3,d401,59.414341
q8728,4,d1848,44.860630
q8728,5,d5965,44.463551
q8728,6,d4893,43.921814
q8728,7,d4384,40.350239
q8728,8,d1707,40.120010
q8728,9,d4223,39.951492
q8728,10,d484,39.469856
q8729,1,d8729,120.654961
q8729,2,d8638,88.309998
q8729,3,d7519,85.450577
q8729,4,d8241,69.773026
q8729,5,d1974,66.960030
q8729,6,d8319,45.609573
q8729,7,d7365,43.879944
q8729,8,d2638,42.926910
q8729,9,d2893,39.502621
q8729,10,d3689,38.942814
q8730,1,d3378,36.689930
q8730,2,d3889,32.930534
q8730,3,d3297,27.797890
q8730,4,d4963,22.819368
q8730,5,d332,20.840588
q8730,6,d1166,20.164682
q8730,7,d4639,20.131189
q8730,8,d3270,18.818514
q8730,9,d2795,18.185984
q8730,10,d1409,17.763918
q8731,1,d2939,17.387012
q8731,2,d4469,17.245531
q8731,3,d8606,16.209984
q8731,4,d1239,16.168222
q8731,5,d7410,15.953197
q8731,6,d47,15.838778
q8731,7,d1671,15.757388
q8731,8,d4896,15.315801
q8731,9,d3984,15.293196
q8731,10,d3213,14.890549
q8732,1,d153,26.777552
q8732,2,d2538,24.463053
q8732,3,d1676,23.255901
q8732,4,d2943,22.977596
q8732,5,d5599,22.262785
q8732,6,d1481,21.967396
q8732,7,d2781,21.807604
q8732,8,d7233,21.617115
q8732,9,d8727,20.895618
q8732,10,d4874,20.118675
q8733,1,d4086,16.133831
q8733,2,d3316,14.661293
q8733,3,d6082,14.088449
q8733,4,d1107,12.716992
q8733,5,d1101,12.322927
q8733,6,d2838,11.981148
q8733,7,d4331,11.942373
q8733,8,d3104,11.737937
q8733,9,d8733,11.631011
q8733,10,d4791,11.589946
q8734,1,d4331,41.094746
q8734,2,d8483,36.919643
q8734,3,d1175,36.888409
q8734,4,d8184,36.174156
q8734,5,d1360,35.526161
q8734,6,d1112,34.590076
q8734,7,d8403,34.221111
q8734,8,d2389,34.088104
q8734,9,d7215,33.657482
q8734,10,d6237,33.217808
q8735,1,d1713,43.971352
q8735,2,d6668,41.921410
q8735,3,d6814,41.752426
q8735,4,d1615,25.620817
q8735,5,d7682,24.476431
q8735,6,d6825,23.255619
q8735,7,d159,22.361433
q8735,8,d7943,22.304886
q8735,9,d8612,22.099756
q8735,10,d5960,21.985346
q8736,1,d4098,71.660278
q8736,2,d436,59.634510
q8736,3,d4422,52.432968
q8736,4,d4135,51.161816
q8736,5,d3137,46.988281
q8736,6,d3934,44.275684
q8736,7,d2642,43.536175
q8736,8,d2681,43.283249
q8736,9,d4837,42.636341
q8736,10,d3530,41.701633
q8737,1,d1931,42.708096
q8737,2,d1622,26.973146
q8737,3,d135,25.022930
q8737,4,d2489,24.303408
q8737,5,d7530,23.514717
q8737,6,d1269,23.340574
q8737,7,d996,22.758450
q8737,8,d1784,22.245577
q8737,9,d3494,22.204781
q8737,10,d3613,21.670933
q8738,1,d5113,48.873985
q8738,2,d7209,48.632381
q8738,3,d5609,47.784286
q8738,4,d2077,46.445576
q8738,5,d5933,46.335407
q8738,6,d5477,45.771626
q8738,7,d4896,43.572269
q8738,8,d8307,43.453144
q8738,9,d4907,40.923164
q8738,10,d2186,40.569683
q8739,1,d7471,42.129597
q8739,2,d138,28.800581
q8739,3,d1477,28.301336
q8739,4,d3450,27.420082
q8739,5,d3916,26.232328
q8739,6,d4396,25.156904
q8739,7,d1101,25.141804
q8739,8,d3499,24.860287
q8739,9,d4007,24.566265
q8739,10,d4481,24.514074
q8740,1,d8526,33.489468
q8740,2,d3922,29.606537
q8740,3,d4408,27.115522
q8740,4,d5733,25.869532
q8740,5,d1344,23.196766
q8740,6,d1928,22.184902
q8740,7,d2104,21.268307
q8740,8,d2496,20.576868
q8740,9,d653,18.637833
q8740,10,d5251,18.371727
q8741,1,d3751,18.071533
q8741,2,d3805,16.557796
q8741,3,d953,16.521683
q8741,4,d1671,16.207497
q8741,5,d4250,16.071407
q8741,6,d4791,15.225617
q8741,7,d1108,14.971670
q8741,8,d3768,14.918938
q8741,9,d4730,14.682046
q8741,10,d1697,14.628991
q8742,1,d1794,55.555859
q8742,2,d2500,55.121452
q8742,3,d8527,54.017204
q8742,4,d8549,48.101154
q8742,5,d5471,45.549458
q8742,6,d6960,45.426495
q8742,7,d6862,45.263149
q8742,8,d804,42.673111
q8742,9,d4395,41.091896
q8742,10,d1782,40.938599
q8743,1,d2731,27.714720
q8743,2,d6847,18.082001
q8743,3,d8743,16.463007
q8743,4,d5161,15.306992
q8743,5,d189,14.719032
q8743,6,d7194,13.918822
q8743,7,d3597,13.666032
q8743,8,d897,13.281178
q8743,9,d7530,13.180794
q8743,10,d8236,13.140598
q8744,1,d7636,96.000793
q8744,2,d7630,58.776268
q8744,3,d1120,57.286240
q8744,4,d5631,55.987846
q8744,5,d250,55.421734
q8744,6,d3888,49.045601
q8744,7,d1428,48.237556
q8744,8,d1978,46.209816
q8744,9,d1510,45.472809
q8744,10,d2120,44.402256
q8745,1,d1646,29.179588
q8745,2,d250,28.441559
q8745,3,d4767,23.664639
q8745,4,d3652,22.025822
q8745,5,d2727,17.664600
q8745,6,d4989,16.595505
q8745,7,d4858,16.254536
q8745,8,d4691,16.114733
q8745,9,d846,15.949818
q8745,10,d3973,15.781544
q8746,1,d3453,50.116669
q8746,2,d70,30.322334
q8746,3,d6292,29.592176
q8746,4,d4270,25.471636
q8746,5,d5672,25.433430
q8746,6,d2291,24.234671
q8746,7,d3297,24.037006
q8746,8,d7209,23.736378
q8746,9,d7876,23.640795
q8746,10,d5614,23.019083
q8747,1,d3774,22.144699
q8747,2,d4783,21.155712
q8747,3,d2783,19.835581
q8747,4,d4434,19.540310
q8747,5,d289,19.503910
q8747,6,d8119,19.328026
q8747,7,d1807,18.791140
q8747,8,d791,18.728333
q8747,9,d3764,18.524826
q8747,10,d1746,18.076088
q8748,1,d8748,40.486141
q8748,2,d8425,38.919086
q8748,3,d8532,32.983471
q8748,4,d8749,28.738918
q8748,5,d8731,27.395315
q8748,6,d8422,23.101887
q8748,7,d6726,22.856636
q8748,8,d1212,22.001221
q8748,9,d2686,21.737019
q8748,10,d8221,21.261677
q8749,1,d7450,47.536583
q8749,2,d1357,39.607204
q8749,3,d5960,25.559277
q8749,4,d3639,22.850183
q8749,5,d4794,22.255953
q8749,6,d1915,22.211044
q8749,7,d7969,21.635317
q8749,8,d7906,20.245022
q8749,9,d4803,19.685703
q8749,10,d7155,18.775837
q8750,1,d6968,19.968220
q8750,2,d4314,19.799709
q8750,3,d6619,19.792616
q8750,4,d1778,19.707767
q8750,5,d8532,19.319946
q8750,6,d4785,19.199383
q8750,7,d2566,18.157322
q8750,8,d8748,18.057308
q8750,9,d8425,17.358379
q8750,10,d2728,17.070234
q8751,1,d7471,31.136696
q8751,2,d4485,27.480314
q8751,3,d3093,24.531586
q8751,4,d3489,24.104452
q8751,5,d3916,23.999660
q8751,6,d4265,22.372543
q8751,7,d650,22.208387
q8751,8,d1118,22.036243
q8751,9,d615,21.592583
q8751,10,d2491,21.228588
q8752,1,d4331,24.528179
q8752,2,d3316,21.900814
q8752,3,d1101,20.071236
q8752,4,d2489,19.128496
q8752,5,d5435,19.115774
q8752,6,d7209,18.188826
q8752,7,d135,16.699829
q8752,8,d3104,15.650582
q8752,9,d4966,15.562001
q8752,10,d1070,15.461816
q8753,1,d503,39.188030
q8753,2,d821,35.087776
q8753,3,d6293,33.714615
q8753,4,d7114,33.082069
q8753,5,d3155,28.825109
q8753,6,d4493,27.062498
q8753,7,d4016,26.995726
q8753,8,d7743,26.289728
q8753,9,d24,26.236122
q8753,10,d8486,25.297737
q8754,1,d7209,33.242989
q8754,2,d4896,23.587952
q8754,3,d4314,21.504486
q8754,4,d3561,20.139109
q8754,5,d7279,18.915506
q8754,6,d2410,18.088209
q8754,7,d439,18.062376
q8754,8,d6573,17.970497
q8754,9,d191,17.924414
q8754,10,d1867,17.833387
q8755,1,d7209,35.604565
q8755,2,d1373,33.276478
q8755,3,d760,22.224112
q8755,4,d1921,20.589195
q8755,5,d583,19.104294
q8755,6,d5853,18.383522
q8755,7,d47,17.842407
q8755,8,d7410,17.753265
q8755,9,d7900,17.629967
q8755,10,d2700,17.598757
q8756,1,d8756,31.352398
q8756,2,d5531,29.888012
q8756,3,d2972,24.237818
q8756,4,d7814,23.978752
q8756,5,d2732,21.322676
q8756,6,d6948,20.490322
q8756,7,d3476,20.276850
q8756,8,d3420,20.218588
q8756,9,d2334,19.350515
q8756,10,d7396,19.342739
q8757,1,d5675,40.876259
q8757,2,d6465,36.674053
q8757,3,d2086,34.361042
q8757,4,d1082,33.410801
q8757,5,d7067,29.878590
q8757,6,d7270,28.613192
q8757,7,d8652,28.571314
q8757,8,d3131,27.945766
q8757,9,d4086,27.782173
q8757,10,d2973,27.231911
q8758,1,d358,35.713093
q8758,2,d5648,24.375734
q8758,3,d445,23.080856
q8758,4,d5061,22.454845
q8758,5,d6316,21.189014
q8758,6,d1107,20.465416
q8758,7,d7287,19.252016
q8758,8,d1671,19.211489
q8758,9,d3599,18.981787
q8758,10,d679,18.115585
q8759,1,d242,30.731037
q8759,2,d4875,21.951340
q8759,3,d188,19.448322
q8759,4,d3830,19.179312
q8759,5,d1677,18.252777
q8759,6,d436,18.003496
q8759,7,d2341,17.805893
q8759,8,d5033,17.683134
q8759,9,d3598,17.465965
q8759,10,d6401,15.967126
q8760,1,d1101,32.145870
q8760,2,d6825,24.087149
q8760,3,d2895,23.304790
q8760,4,d2828,22.506527
q8760,5,d446,22.084568
q8760,6,d2763,21.046757
q8760,7,d1646,21.032761
q8760,8,d4383,20.710930
q8760,9,d4207,20.120161
q8760,10,d5842,19.446636
q8761,1,d8024,39.905479
q8761,2,d4403,39.799202
q8761,3,d8724,39.799202
q8761,4,d7067,37.945244
q8761,5,d4086,32.361168
q8761,6,d3484,32.297516
q8761,7,d1671,32.052860
q8761,8,d4432,31.329304
q8761,9,d4614,31.108315
q8761,10,d3457,30.909311
q8762,1,d3950,60.640644
q8762,2,d666,59.509388
q8762,3,d444,54.797897
q8762,4,d8711,51.835224
q8762,5,d1947,38.632874
q8762,6,d781,37.737675
q8762,7,d3352,35.235474
q8762,8,d2674,34.132065
q8762,9,d6440,33.409397
q8762,10,d4975,33.409397
q8763,1,d5053,69.923225
q8763,2,d7325,69.626045
q8763,3,d6103,67.163124
q8763,4,d5236,63.779110
q8763,5,d2061,62.633068
q8763,6,d6540,57.233593
q8763,7,d4881,54.144928
q8763,8,d6235,53.293961
q8763,9,d6397,52.348888
q8763,10,d1748,51.450073
q8764,1,d1941,66.950439
q8764,2,d1912,66.573341
q8764,3,d1995,65.315491
q8764,4,d1883,63.938610
q8764,5,d2000,63.720131
q8764,6,d1824,62.418537
q8764,7,d1911,61.531071
q8764,8,d4762,61.272209
q8764,9,d1951,59.456890
q8764,10,d1954,57.294476
q8765,1,d8765,21.221840
q8765,2,d482,18.964602
q8765,3,d205,18.533800
q8765,4,d125,18.503286
q8765,5,d2416,18.054871
q8765,6,d379,17.999327
q8765,7,d7718,17.987604
q8765,8,d195,16.965078
q8765,9,d1820,16.674696
q8765,10,d459,16.233162
